COD_UNIC,EAN,Name,Brand,Price,Stock,ProductURL,ImageURL,LastSeen,MissingCount
176906,660982711945,Adeziv Acumulator Apple iPhone 7 Plus / 6s Plus / 6 Plus,Aftermarket,4.99,0,https://www.gsmnet.ro/piese-componente-suruburi-adezivi/adeziv-acumulator-apple-iphone-7-plus-6s-plus-6-plus,https://img.gsmnet.ro/600x600/products/127648/adeziv-acumulator-apple-iphone-01474017484.jpg,2026-09-12 03:28:29,43
206049,8595642219528,Acumulator Apple iPhone 6s,Aftermarket,38.99,0,https://www.gsmnet.ro/piese-componente-acumulatori/acumulator-apple-iphone-6s,https://img.gsmnet.ro/600x600/products/130114/acumulator-apple-iphone-6s-01482485593.jpg,2026-09-22 03:40:20,4
225006,8595642219535,Acumulator Apple iPhone 6s Plus,Aftermarket,38.99,0,https://www.gsmnet.ro/piese-componente-acumulatori/acumulator-apple-iphone-6s-plus,https://img.gsmnet.ro/600x600/products/132038/acumulator-apple-iphone-6s-01487777443.jpg,2026-09-15 03:44:46,31
267490,7426825371164,"Folie de protectie Ecran WZK pentru Apple iPhone SE (2022) / SE (2020) / 8, Sticla Securizata, Full Glue, 5D, Neagra",WZK,10.99,0,https://www.gsmnet.ro/accesorii-telefoane-tablete-folii-protectie/folie-de-protectie-ecran-wzk-pentru-apple-iphone-se-2022-se-2020-8-sticla-securizata-full-glue-5d-neagra,https://img.gsmnet.ro/600x600/products/137344/folie-protectie-ecran-antisoc-01512568589.jpg,2026-08-08 01:40:23,177
269124,5907156001316,"Spray Curatare Elektronic Spray PR, 150ml ART.131",Elektronic Spray,24.99,0,https://www.gsmnet.ro/aparatura-instrumente-service-piese-schimb-consumabile/spray-curatare-elektronic-spray-pr-150ml-art-131,https://img.gsmnet.ro/600x600/products/138596/spray-curatare-adr-150ml-01518181966.jpg,2026-09-08 03:24:25,59
269273,6957531062820,"Cablu Date si Incarcare USB-A - Lightning HOCO X14 Times, 18W, 1m, Negru",HOCO,9.99,0,https://www.gsmnet.ro/accesorii-telefoane-tablete-cabluri-adaptori/cablu-date-incarcare-usb-a-lightning-hoco-x14-times-18w-1m-negru,https://img.gsmnet.ro/600x600/products/138701/cablu-date-lightning-hoco-01518188864.jpg,2026-07-25 02:41:21,232
271964,5901720133731,"Incarcator Auto Akyga AK-CH-09, 10W, 2A, 4 x USB-A, Alb",Akyga,9.99,0,https://www.gsmnet.ro/accesorii-telefoane-tablete-incarcatoare/incarcator-auto-akyga-ak-ch-09-10w-2a-4-x-usb-a-alb,https://img.gsmnet.ro/600x600/products/141167/incarcator-auto-usb-akyga-01528355769.jpg,2026-08-15 01:14:41,149
272484,660982714397,Placa cu Conector Incarcare - Audio - Microfon Huawei P20 Lite,Aftermarket,11.99,0,https://www.gsmnet.ro/piese-componente-conectori-incarcare/placa-cu-conector-incarcare-audio-microfon-huawei-p20-lite,https://img.gsmnet.ro/600x600/products/141650/banda-cu-conector-audio-1-1531985358.jpg,2026-09-12 03:28:29,43
278075,5908267930144,"Card Memorie microSDHC GoodRam, 32Gb, Clasa 10 / UHS-1 U1, Cu Adaptor",GoodRam,43.99,0,https://www.gsmnet.ro/accesorii-telefoane-tablete-carduri-memorii-usb/card-memorie-microsdhc-goodram-32gb-clasa-10-uhs-1-u1-cu-adaptor,https://img.gsmnet.ro/600x600/products/146690/card-memorie-microsdhc-goodram-3-1618391171.jpg,2026-08-11 01:46:05,165
280160,660982727304,Buzzer Huawei Mate 20 Lite ,Aftermarket,9.99,0,https://www.gsmnet.ro/piese-componente-piese/buzzer-huawei-mate-20-lite,https://img.gsmnet.ro/600x600/products/148453/buzzer-huawei-mate-20-1-1552983513.jpg,2026-07-25 02:41:21,232
280161,660982712935,Buzzer Honor 20 lite / 10 Lite / Huawei P Smart (2019),Aftermarket,3.99,0,https://www.gsmnet.ro/piese-componente-piese/buzzer-honor-20-lite-10-lite-huawei-p-smart-2019,https://img.gsmnet.ro/600x600/products/148454/buzzer-huawei-p-smart-1-1552983350.jpg,2026-08-14 01:58:28,153
282481,660982728127,"Geam Camera Spate Huawei P20 Pro, Dual Wide, Negru",Aftermarket,4.99,0,https://www.gsmnet.ro/piese-componente-componente-carcasa/geam-camera-spate-huawei-p20-pro-dual-wide-negru,https://img.gsmnet.ro/600x600/products/149904/geam-camera-spate-wide-1-1556807436.jpg,2026-09-12 03:28:29,43
282745,6953156289093,"Hub USB Baseus Round, 1 x USB-A 3.0 - 3 x USB-A, 1m, Negru CAHUB-U01",Baseus,37.99,0,https://www.gsmnet.ro/accesorii-pc-laptop-hub-uri/hub-usb-baseus-round-1-x-usb-a-3-0-3-x-usb-a-1m-negru-cahub-u01,https://img.gsmnet.ro/600x600/products/150169/hub-baseus-round-usb-5-1721291200.jpg,2026-08-07 00:01:02,181
286664,660982714083,Placa cu Conector Incarcare - Audio - Microfon Huawei P30 lite,Aftermarket,9.99,0,https://www.gsmnet.ro/piese-componente-conectori-incarcare/placa-cu-conector-incarcare-audio-microfon-huawei-p30-lite,https://img.gsmnet.ro/600x600/products/151747/placa-cu-conector-incarcare-1-1565269018.jpg,2026-07-25 02:41:21,232
287361,660982727007,"Suport SIM - Card Samsung Galaxy A70 A705, Dual SIM, Negru",Aftermarket,5.99,0,https://www.gsmnet.ro/piese-componente-componente-carcasa/suport-sim-card-samsung-galaxy-a70-a705-dual-sim-negru,https://img.gsmnet.ro/600x600/products/152411/suport-sim-suport-1-1594194853.jpg,2026-08-15 01:14:41,149
287780,6953156291973,"Suport Auto Tetiera Baseus BackSeat Hook, Universal, Negru SUHZ-A01 ",Baseus,19.99,0,https://www.gsmnet.ro/accesorii-telefoane-tablete-suporturi-telefoane/suport-auto-tetiera-baseus-backseat-hook-universal-negru-suhz-a01,https://img.gsmnet.ro/600x600/products/152827/suport-tetiera-auto-baseus-6-1567754317.jpg,2026-08-13 02:00:15,157
288023,660982713925,"Geam Camera Spate Huawei P30 Pro, cu Rama, Negru",Aftermarket,8.99,0,https://www.gsmnet.ro/piese-componente-componente-carcasa/geam-camera-spate-huawei-p30-pro-cu-rama-negru,https://img.gsmnet.ro/600x600/products/153056/geam-camera-spate-cu-1-1583141281.jpg,2026-09-12 03:28:29,43
289069,7426825353764,"Folie de protectie Ecran WZK pentru Apple iPhone 11 Pro / XS / X, Sticla Securizata, Full Glue, Neagra",WZK,10.99,0,https://www.gsmnet.ro/accesorii-telefoane-tablete-folii-protectie/folie-de-protectie-ecran-wzk-pentru-apple-iphone-11-pro-xs-x-sticla-securizata-full-glue-neagra,https://img.gsmnet.ro/600x600/products/153973/folie-protectie-ecran-wzk-1-1569337509.jpg,2026-08-08 01:40:23,177
290963,5900217918554,"Folie de protectie Ecran OEM pentru Huawei P30 lite New Edition / P30 lite, Sticla Securizata, Full Glue, 6D, Neagra",OEM,14.99,0,https://www.gsmnet.ro/accesorii-telefoane-tablete-folii-protectie/folie-de-protectie-ecran-oem-pentru-huawei-p30-lite-new-edition-p30-lite-sticla-securizata-full-glue-6d-neagra,https://img.gsmnet.ro/600x600/products/155609/folie-protectie-ecran-oem-2-1573568799.jpg,2026-09-08 03:24:25,59
291233,5900495806406,"Husa pentru Samsung Galaxy A10 A105, OEM, Smart Magnetic, Visinie",OEM,10.99,0,https://www.gsmnet.ro/accesorii-telefoane-tablete-huse/husa-pentru-samsung-galaxy-a10-a105-oem-smart-magnetic-visinie,https://img.gsmnet.ro/600x600/products/155825/husa-piele-oem-smart-1-1574863413.jpg,2026-07-21 02:44:07,248
292588,660982715257,"Banda cu Conector Incarcare - Microfon Apple iPhone 11, Negru",Aftermarket,19.99,0,https://www.gsmnet.ro/piese-componente-conectori-incarcare/banda-cu-conector-incarcare-microfon-apple-iphone-11-negru,https://img.gsmnet.ro/600x600/products/156965/banda-cu-conector-incarcare-1-1582194387.jpg,2026-07-25 02:41:21,232
293403,5906735416251,"Folie Protectie HOFI Hybrid pentru Apple Watch 44mm Series, Plastic, Neagra H0FI022BLK",HOFI,18.99,0,https://www.gsmnet.ro/wearables-accesorii-wearables/folie-protectie-hofi-hybrid-pentru-apple-watch-44mm-series-plastic-neagra-h0fi022blk,https://img.gsmnet.ro/600x600/products/157703/folie-protectie-ecran-hofi-2-1582025498.jpg,2026-08-28 21:46:21,98
293420,5900217338826,"Folie de protectie Ecran OEM Hard pentru Samsung Galaxy A20e A202, Sticla Securizata, Full Glue, 5D, Neagra",OEM,16.99,0,https://www.gsmnet.ro/accesorii-telefoane-tablete-folii-protectie/folie-de-protectie-ecran-oem-hard-pentru-samsung-galaxy-a20e-a202-sticla-securizata-full-glue-5d-neagra,https://img.gsmnet.ro/600x600/products/157720/folie-protectie-ecran-oem-1-1584089119.jpg,2026-09-08 03:24:25,59
295358,660982715448,"Suruburi Apple iPhone X, Argintii",Aftermarket,5.99,0,https://www.gsmnet.ro/piese-componente-suruburi-adezivi/suruburi-apple-iphone-x-argintii,https://img.gsmnet.ro/600x600/products/159385/set-suruburi-argintiu-apple-1-1590055465.jpg,2026-07-25 02:41:21,232
295373,660982711891,Adeziv Acumulator Apple iPhone 11 Pro Max,Aftermarket,3.99,0,https://www.gsmnet.ro/piese-componente-suruburi-adezivi/adeziv-acumulator-apple-iphone-11-pro-max,https://img.gsmnet.ro/600x600/products/159400/adeziv-capac-baterie-oem-1-1590393108.jpg,2026-08-14 01:58:28,153
295489,3800165055740,"Cablu Date si Incarcare USB-C - USB-C XO Design NB124, 40W, 1m, Alb",XO Design,5.99,0,https://www.gsmnet.ro/accesorii-telefoane-tablete-cabluri-adaptori/cablu-date-incarcare-usb-c-usb-c-xo-design-nb124-40w-1m-alb,https://img.gsmnet.ro/600x600/products/159510/cablu-date-incarcare-1-1588753623.jpg,2026-09-11 03:23:04,47
296427,5903396055973,"Husa pentru Huawei P40 lite E, OEM, Slim, Transparenta",OEM,1.99,0,https://www.gsmnet.ro/accesorii-telefoane-tablete-huse/husa-pentru-huawei-p40-lite-e-oem-slim-transparenta,https://img.gsmnet.ro/600x600/products/160387/husa-tpu-oem-slim-1-1591955547.jpg,2026-08-15 01:14:41,149
296485,6953156219618,Cos Auto Baseus cu 90 Saci Menajeri Din Plastic CRLJT-A01,Baseus,38.99,0,https://www.gsmnet.ro/gadgeturi-accesorii-auto/cos-auto-baseus-cu-90-saci-menajeri-din-plastic-crljt-a01,https://img.gsmnet.ro/600x600/products/160445/cos-gunoi-auto-baseus-1-1591785671.jpg,2026-08-08 01:40:23,177
29702,8808993303878,"Incarcator Auto Cu Fir microUSB Samsung, 3.5W, 0.7A, Negru, Resigilat ACADU10CBECSTD",Samsung,1.99,0,https://www.gsmnet.ro/accesorii-telefoane-tablete-incarcatoare/incarcator-auto-cu-fir-microusb-samsung-3-5w-0-7a-negru-resigilat-acadu10cbecstd,https://img.gsmnet.ro/600x600/products/91504/incarcator-auto-cu-fir-1-1719318144.jpg,2026-07-17 02:41:26,264
297538,660982712041,Adeziv Capac Baterie Samsung Galaxy S20+ 5G G986 / S20+ G985,Aftermarket,2.99,0,https://www.gsmnet.ro/piese-componente-suruburi-adezivi/adeziv-capac-baterie-samsung-galaxy-s20-plus-5g-g986-s20-plus-g985,https://img.gsmnet.ro/600x600/products/161396/adeziv-oem-pentru-samsung-1-1599226456.jpg,2026-08-15 01:14:41,149
297545,660982713680,"Geam Camera Spate Samsung Galaxy S20+ 5G G986 / S20+ G985, Negru",Aftermarket,3.99,0,https://www.gsmnet.ro/piese-componente-componente-carcasa/geam-camera-spate-samsung-galaxy-s20-plus-5g-g986-s20-plus-g985-negru,https://img.gsmnet.ro/600x600/products/161403/geam-camera-spate-samsung-1-1599226313.jpg,2026-07-25 02:41:21,232
297700,660982728073,"Geam Camera Spate Samsung Galaxy S10 Lite G770, Negru ",Aftermarket,4.99,0,https://www.gsmnet.ro/piese-componente-componente-carcasa/geam-camera-spate-samsung-galaxy-s10-lite-g770-negru,https://img.gsmnet.ro/600x600/products/161558/geam-camera-spate-samsung-1-1599136498.jpg,2026-07-28 02:34:33,220
299274,8596311091872,Acumulator Apple iPhone XS Max,Aftermarket,54.99,0,https://www.gsmnet.ro/piese-componente-acumulatori/acumulator-apple-iphone-xs-max,https://img.gsmnet.ro/600x600/products/162786/acumulator-apple-iphone-xs-1-1599823475.jpg,2026-09-15 03:44:46,31
299579,8886463663578,"Husa UNIQ DFender Tough pentru Apple MacBook 12inch (2015), Albastra",UNIQ,4.99,0,https://www.gsmnet.ro/accesorii-pc-laptop-protectie-organizare/husa-uniq-dfender-tough-pentru-apple-macbook-12inch-2015-albastra,https://img.gsmnet.ro/600x600/products/163091/husa-pentru-laptop-max-1-1598366562.jpg,2026-08-12 01:58:19,161
300775,6920680869251,"Adaptor Date si Incarcare USB-C - USB-A XO Design NB149-E, Negru",XO Design,6.99,0,https://www.gsmnet.ro/accesorii-telefoane-tablete-cabluri-adaptori/adaptor-date-incarcare-usb-c-usb-a-xo-design-nb149-e-negru,https://img.gsmnet.ro/600x600/products/164261/adaptor-otg-usb-type-c-1-1601901827.jpg,2026-08-11 01:46:05,165
300851,795787714478,"Folie de protectie Ecran HOFI PRO+ pentru Apple iPad Air (2022) / Air (2020), Sticla Securizata, Full Glue, HOFI040",HOFI,39.99,0,https://www.gsmnet.ro/accesorii-telefoane-tablete-folii-protectie/folie-de-protectie-ecran-hofi-pro-plus-pentru-apple-ipad-air-2022-air-2020-sticla-securizata-full-glue-hofi040,https://img.gsmnet.ro/600x600/products/164337/folie-de-protectie-ecran-1-1722515783.jpg,2026-08-28 21:46:21,98
301122,6920680863648,"Handsfree Bluetooth XO Design BE4, MultiPoint, A2DP, Alb",XO Design,20.99,0,https://www.gsmnet.ro/accesorii-telefoane-tablete-casti-audio/handsfree-bluetooth-xo-design-be4-multipoint-a2dp-alb,https://img.gsmnet.ro/600x600/products/164608/handsfree-casca-bluetooth-xo-2-1602849845.jpg,2026-08-11 01:46:05,165
301313,6321116719254,"Husa pentru Samsung Galaxy Note 20 5G N981 / Note 20 N980, Pitaka, MagEz, Neagra KN2001",Pitaka,19.99,0,https://www.gsmnet.ro/accesorii-telefoane-tablete-huse/husa-pentru-samsung-galaxy-note-20-5g-n981-note-20-n980-pitaka-magez-neagra-kn2001,https://img.gsmnet.ro/600x600/products/164799/husa-fibra-aramida-pitaka-1-1603796362.png,2026-08-26 19:46:38,102
301622,660982713741,"Geam Camera Spate Xiaomi Redmi 9C NFC, Negru ",Aftermarket,2.99,0,https://www.gsmnet.ro/piese-componente-componente-carcasa/geam-camera-spate-xiaomi-redmi-9c-nfc-negru,https://img.gsmnet.ro/600x600/products/165108/geam-camera-spate-xiaomi-1-1612193134.jpg,2026-08-15 01:14:41,149
301829,660982728554,Adeziv Capac Baterie Apple iPhone 11 Pro ,Aftermarket,0.99,0,https://www.gsmnet.ro/piese-componente-suruburi-adezivi/adeziv-capac-baterie-apple-iphone-11-pro,https://img.gsmnet.ro/600x600/products/165315/adeziv-capac-baterie-oem-1-1604654313.jpg,2026-07-23 02:47:09,240
302937,6216990208607,"Suport Birou Tech-Protect Z3, Universal, Gri",Tech-Protect,39.99,0,https://www.gsmnet.ro/accesorii-telefoane-tablete-suporturi-telefoane/suport-birou-tech-protect-z3-universal-gri,https://img.gsmnet.ro/600x600/products/166319/suport-birou-tech-protect-z3--1-1608199071.jpg,2026-09-11 03:23:04,47
303301,6920680871902,"Cablu Date si Incarcare USB-A - Lightning XO Design NB156, 18W, 1m, Alb",XO Design,6.99,0,https://www.gsmnet.ro/accesorii-telefoane-tablete-cabluri-adaptori/cablu-date-incarcare-usb-a-lightning-xo-design-nb156-18w-1m-alb,https://img.gsmnet.ro/600x600/products/166683/cablu-date-incarcare-1-1608725538.jpg,2026-09-11 03:23:04,47
303524,660982726840,Adeziv Display Apple iPhone 11 / XR,Aftermarket,4.99,0,https://www.gsmnet.ro/piese-componente-suruburi-adezivi/adeziv-display-apple-iphone-11-xr,https://img.gsmnet.ro/600x600/products/166906/adeziv-rama-display-oem-1-1610634261.jpg,2026-09-12 03:28:29,43
303632,660982715066,Conector Incarcare Motorola Moto G34 / G54 / G9 Play,Aftermarket,4.99,0,https://www.gsmnet.ro/piese-componente-conectori-incarcare/conector-incarcare-motorola-moto-g34-g54-g9-play,https://img.gsmnet.ro/600x600/products/167013/conector-incarcare-date-1-1611327744.jpg,2026-09-12 03:28:29,43
304006,6920680872862,"Adaptor Audio USB-C - USB-C / 3.5mm XO Design NBR160B, Negru",XO Design,17.99,0,https://www.gsmnet.ro/accesorii-telefoane-tablete-cabluri-adaptori/adaptor-audio-usb-c-usb-c-3-5mm-xo-design-nbr160b-negru,https://img.gsmnet.ro/600x600/products/167330/adaptor-audio-usb-type-c-1-1611151055.jpg,2026-08-11 01:46:05,165
305252,6920680872428,"Handsfree USB-C XO Design EP29, Negru",XO Design,20.99,0,https://www.gsmnet.ro/accesorii-telefoane-tablete-casti-audio/handsfree-usb-c-xo-design-ep29-negru,https://img.gsmnet.ro/600x600/products/168498/handsfree-casti-in-ear-xo-1-1614763707.jpg,2026-07-17 02:41:26,264
306254,660982715721,"Suport SIM - Card Samsung Galaxy A12 Nacho A127 / A12 A125, Albastru",Aftermarket,6.99,0,https://www.gsmnet.ro/piese-componente-componente-carcasa/suport-sim-card-samsung-galaxy-a12-nacho-a127-a12-a125-albastru,https://img.gsmnet.ro/600x600/products/168891/suport-card-suport-1-1618387952.jpg,2026-09-12 03:28:29,43
306834,5906735416695,"Folie de protectie Ecran HOFI PRO+ pentru Apple iPad Pro 11 (2022) / Pro 11 (2021) / Pro 11 (2020), Sticla Securizata, Full Glue HOFI102",HOFI,37.99,0,https://www.gsmnet.ro/accesorii-telefoane-tablete-folii-protectie/folie-de-protectie-ecran-hofi-pro-plus-pentru-apple-ipad-pro-11-2022-pro-11-2021-pro-11-2020-sticla-securizata-full-glue-hofi102,https://img.gsmnet.ro/600x600/products/169354/folie-de-protectie-ecran-3-1722515635.jpg,2026-07-23 02:47:09,240
308349,5908267920398,"Memorie Externa USB-A GoodRam UTS2, 64Gb UTS2-0640K0R11",GoodRam,39.99,0,https://www.gsmnet.ro/accesorii-telefoane-tablete-carduri-memorii-usb/memorie-externa-usb-a-goodram-uts2-64gb-uts2-0640k0r11,https://img.gsmnet.ro/600x600/products/170623/memorie-externa-goodram-uts2-3-1658915802.jpg,2026-09-05 03:18:50,71
308399,6957303822706,"Hub USB UGREEN CR106, 4 x USB-A, 1m, Alb",UGREEN,22.99,0,https://www.gsmnet.ro/accesorii-pc-laptop-hub-uri/hub-usb-ugreen-cr106-4-x-usb-a-1m-alb,https://img.gsmnet.ro/600x600/products/170645/hub-usb-ugreen-cr106-1-1623933364.jpg,2026-08-07 00:01:02,181
309406,6920680876990,"Cablu Audio 3.5mm - 3.5mm XO Design NB-R175A, 1m, Negru",XO Design,4.99,0,https://www.gsmnet.ro/accesorii-telefoane-tablete-cabluri-adaptori/cablu-audio-3-5mm-3-5mm-xo-design-nb-r175a-1m-negru,https://img.gsmnet.ro/600x600/products/171577/cablu-audio-3-5-mm-1-1627384632.jpg,2026-07-21 02:44:07,248
309827,660982712881,Buzzer Apple iPhone 12 / 12 Pro,Aftermarket,9.99,0,https://www.gsmnet.ro/piese-componente-piese/buzzer-apple-iphone-12-12-pro,https://img.gsmnet.ro/600x600/products/171993/buzzer-apple-iphone-12-1-1627997767.jpg,2026-09-12 03:28:29,43
309831,660982712843,Antena interna - Difuzor Samsung Galaxy S21 5G G991,Aftermarket,14.99,0,https://www.gsmnet.ro/piese-componente-piese/antena-interna-difuzor-samsung-galaxy-s21-5g-g991,https://img.gsmnet.ro/600x600/products/171997/antena-interna-difuzor-1-1628598891.jpg,2026-08-14 01:58:28,153
310047,660982727519,Difuzor Apple iPhone 12 mini ,Aftermarket,21.99,0,https://www.gsmnet.ro/piese-componente-piese/difuzor-apple-iphone-12-mini,https://img.gsmnet.ro/600x600/products/172213/difuzor-apple-iphone-12-1-1627999231.jpg,2026-09-12 03:28:29,43
311119,660982727182,"Suport SIM Samsung Galaxy S21 5G G991 / S21+ 5G G996, Dual SIM, Bleumarin",Aftermarket,11.99,0,https://www.gsmnet.ro/piese-componente-componente-carcasa/suport-sim-samsung-galaxy-s21-5g-g991-s21-plus-5g-g996-dual-sim-bleumarin,https://img.gsmnet.ro/600x600/products/173234/suport-sim-samsung-galaxy-1-1678701454.jpg,2026-08-15 01:14:41,149
311440,660982707283,"Display cu Touchscreen Samsung Galaxy Tab A7 10.4 (2020), Negru, Service Pack GH81-19690A",Samsung,499.99,0,https://www.gsmnet.ro/piese-componente-display-cu-touchscreen/display-cu-touchscreen-samsung-galaxy-tab-a7-10-4-2020-negru-service-pack-gh81-19690a,https://img.gsmnet.ro/600x600/products/173555/display-touchscreen-samsung-1-1635951872.jpg,2026-08-04 02:33:52,192
311463,6971664931105,"Handsfree Bluetooth Haylou W1, TWS, Argintiu",Haylou,94.99,0,https://www.gsmnet.ro/wearables-audio-inclusiv-tws/handsfree-bluetooth-haylou-w1-tws-argintiu,https://img.gsmnet.ro/600x600/products/173578/handsfree-casti-bluetooth-haylou-5-1631884866.jpg,2026-09-08 03:24:25,59
311633,6971408152254,"Mediaplayer Xiaomi Mi TV Stick, Wi-Fi, 1080P PFJ4098EU",Xiaomi,244.99,0,https://www.gsmnet.ro/gadgeturi-smart-home/mediaplayer-xiaomi-mi-tv-stick-wi-fi-1080p-pfj4098eu,https://img.gsmnet.ro/600x600/products/173748/mediaplayer-xiaomi-mi-tv-4-1718265447.jpg,2026-09-03 03:17:44,79
311931,660982705197,"Display cu Touchscreen Xiaomi Mi A3, cu Rama, Gri, Service Pack 5603100090B6",Xiaomi,191.99,0,https://www.gsmnet.ro/piese-componente-display-cu-touchscreen/display-cu-touchscreen-xiaomi-mi-a3-cu-rama-gri-service-pack-5603100090b6,https://img.gsmnet.ro/600x600/products/174046/display-touchscreen-xiaomi-1-1636025300.jpg,2026-07-28 02:34:33,220
311953,5053463389866,"Display cu Touchscreen Xiaomi Redmi Note 9S / Note 9 Pro, cu Rama, Gri (Interstellar Gray), Service Pack 560004J6A100",Xiaomi,129.99,0,https://www.gsmnet.ro/piese-componente-display-cu-touchscreen/display-cu-touchscreen-xiaomi-redmi-note-9s-note-9-pro-cu-rama-gri-interstellar-gray-service-pack-560004j6a100,https://img.gsmnet.ro/600x600/products/174068/display-touchscreen-xiaomi-1-1635946160.jpg,2026-07-28 02:34:33,220
312405,740617309102,"Memorie Externa USB-A 3.2 Kingston DT Kyson, 64Gb DTKN/64GB",Kingston,63.99,0,https://www.gsmnet.ro/accesorii-telefoane-tablete-carduri-memorii-usb/memorie-externa-usb-a-3-2-kingston-dt-kyson-64gb-dtkn-64gb,https://img.gsmnet.ro/600x600/products/174520/memorie-externa-usb-a-3-2-1-1701081715.jpg,2026-08-26 19:46:38,102
312425,660982726307,Conector Incarcare Oppo A53s 5G / A74 5G / A74 / A53 5G / A53s,Aftermarket,5.99,0,https://www.gsmnet.ro/piese-componente-conectori-incarcare/conector-incarcare-oppo-a53s-5g-a74-5g-a74-a53-5g-a53s,https://img.gsmnet.ro/600x600/products/174540/conector-incarcare-date-1-1638525819.jpg,2026-08-18 01:13:45,137
312426,660982733961,Conector Incarcare Oppo A31,Aftermarket,1.99,0,https://www.gsmnet.ro/piese-componente-conectori-incarcare/conector-incarcare-oppo-a31,https://img.gsmnet.ro/600x600/products/174541/conector-incarcare-date-1-1640183619.jpg,2026-08-18 01:13:45,137
312478,660982716599,Difuzor Oppo Reno6 Pro 5G / Find X3 Lite / A74 5G / A74 / Reno5 Lite,Aftermarket,3.99,0,https://www.gsmnet.ro/piese-componente-piese/difuzor-oppo-reno6-pro-5g-find-x3-lite-a74-5g-a74-reno5-lite,https://img.gsmnet.ro/600x600/products/174593/difuzor-oppo-a15-1-1638527071.jpg,2026-08-15 01:14:41,149
312484,660982727991,"Geam Camera Spate  Oppo A15, Negru ",Aftermarket,1.99,0,https://www.gsmnet.ro/piese-componente-componente-carcasa/geam-camera-spate-oppo-a15-negru,https://img.gsmnet.ro/600x600/products/174599/geam-camera-spate-1-1640014694.jpg,2026-07-28 02:34:33,220
313124,660982712836,Antena interna - Buzzer Samsung Galaxy Note 10+ 5G N976 / Note 10+ N975,Aftermarket,18.99,0,https://www.gsmnet.ro/piese-componente-piese/antena-interna-buzzer-samsung-galaxy-note-10-plus-5g-n976-note-10-plus-n975,https://img.gsmnet.ro/600x600/products/175239/antena-interna-buzzer-1-1638521429.jpg,2026-07-28 02:34:33,220
313391,6953156291515,"Suport Auto Baseus Metal Age Gravity, Universal, Argintiu SUYL-J0S ",Baseus,39.99,0,https://www.gsmnet.ro/accesorii-telefoane-tablete-suporturi-telefoane/suport-auto-baseus-metal-age-gravity-universal-argintiu-suyl-j0s,https://img.gsmnet.ro/600x600/products/175506/suport-auto-baseus-metal-1-1637682845.jpg,2026-07-24 02:42:57,236
314089,8806092978706,"Incarcator Retea Wireless Samsung, 15W, 1.67A, Negru EP-P2400TBEGEU",Samsung,139.99,0,https://www.gsmnet.ro/accesorii-telefoane-tablete-incarcatoare/incarcator-retea-wireless-samsung-15w-1-67a-negru-ep-p2400tbegeu,https://img.gsmnet.ro/600x600/products/176204/incarcator-retea-wireless-samsung-1-1644588608.png,2026-08-06 02:35:29,184
314307,5902280625759,"Folie de protectie Ecran OEM pentru Apple iPhone SE (2022) / SE (2020) / 8, Sticla Securizata, Full Glue, 2.5D",OEM,6.99,0,https://www.gsmnet.ro/accesorii-telefoane-tablete-folii-protectie/folie-de-protectie-ecran-oem-pentru-apple-iphone-se-2022-se-2020-8-sticla-securizata-full-glue-2-5d,https://img.gsmnet.ro/600x600/products/176422/folie-protectie-ecran-oem-1-1642155049.jpg,2026-09-09 03:28:00,55
314628,660982715677,"Suport SIM - Card Samsung Galaxy A03s A037, Dual SIM, Negru",Aftermarket,4.99,0,https://www.gsmnet.ro/piese-componente-componente-carcasa/suport-sim-card-samsung-galaxy-a03s-a037-dual-sim-negru,https://img.gsmnet.ro/600x600/products/176743/suport-card-suport-1-1648215300.jpg,2026-09-12 03:28:29,43
314754,660982717510,"Geam Camera Spate Samsung Galaxy A22 5G A226, cu Rama, Negru ",Aftermarket,3.99,0,https://www.gsmnet.ro/piese-componente-componente-carcasa/geam-camera-spate-samsung-galaxy-a22-5g-a226-cu-rama-negru,https://img.gsmnet.ro/600x600/products/176869/geam-camera-spate-samsung-1-1651150896.jpg,2026-09-12 03:28:29,43
314812,660982726864,"Carcasa Mijloc Samsung Galaxy A22 A225, Neagra",Aftermarket,14.99,0,https://www.gsmnet.ro/piese-componente-componente-carcasa/carcasa-mijloc-samsung-galaxy-a22-a225-neagra,https://img.gsmnet.ro/600x600/products/176927/carcasa-mijloc-samsung-galaxy-1-1669218894.jpg,2026-09-12 03:28:29,43
314895,660982714274,Placa cu Conector Incarcare - Microfon Motorola Edge 20,Aftermarket,27.99,0,https://www.gsmnet.ro/piese-componente-conectori-incarcare/placa-cu-conector-incarcare-microfon-motorola-edge-20,https://img.gsmnet.ro/600x600/products/177010/placa-cu-conector-incarcare-1-1647344411.jpg,2026-08-15 01:14:41,149
315454,6953156224148,Aspirator Auto Baseus A2  CRXCQA2-06 ,Baseus,114.99,0,https://www.gsmnet.ro/gadgeturi-accesorii-auto/aspirator-auto-baseus-a2-crxcqa2-06,https://img.gsmnet.ro/600x600/products/177569/aspirator-auto-baseus-a2-2-1644844828.jpg,2026-07-18 02:32:25,260
315634,5907769323485,"Husa pentru Samsung Galaxy S22 5G S901, OEM, Slim, Transparenta",OEM,8.99,0,https://www.gsmnet.ro/accesorii-telefoane-tablete-huse/husa-pentru-samsung-galaxy-s22-5g-s901-oem-slim-transparenta,https://img.gsmnet.ro/600x600/products/177749/husa-tpu-oem-slim-1-1645015385.jpg,2026-08-08 01:40:23,177
316019,9589046919800,"Folie de protectie Ecran HOFI pentru Samsung Galaxy S22 5G S901, Sticla Securizata, Full Glue, Neagra HOFI187BLK",HOFI,20.99,0,https://www.gsmnet.ro/accesorii-telefoane-tablete-folii-protectie/folie-de-protectie-ecran-hofi-pentru-samsung-galaxy-s22-5g-s901-sticla-securizata-full-glue-neagra-hofi187blk,https://img.gsmnet.ro/600x600/products/178134/folie-protectie-ecran-hofi-1-1647437457.jpg,2026-08-28 21:46:21,98
316074,660982714007,"Geam Camera Spate Xiaomi 11T / 11T Pro, cu Rama, Negru",Aftermarket,7.99,0,https://www.gsmnet.ro/piese-componente-componente-carcasa/geam-camera-spate-xiaomi-11t-11t-pro-cu-rama-negru,https://img.gsmnet.ro/600x600/products/178189/geam-camera-spate-1-1656512323.jpg,2026-09-12 03:28:29,43
316378,3800165056778,"Baterie Externa XO Design PR127, 20000mAh, 22.5W, QC + PD, 1 x USB-C - 2 x USB-A, Neagra",XO Design,89.99,0,https://www.gsmnet.ro/accesorii-telefoane-tablete-baterii-externe/baterie-externa-xo-design-pr127-20000mah-22-5w-qc-plus-pd-1-x-usb-c-2-x-usb-a-neagra,https://img.gsmnet.ro/600x600/products/178493/baterie-externa-powerbank-xo-6-1657710383.jpg,2026-08-20 01:14:27,129
316496,6920680825752,"Handsfree Bluetooth XO Design BE32, MultiPoint, A2DP, Negru",XO Design,50.99,0,https://www.gsmnet.ro/accesorii-telefoane-tablete-casti-audio/handsfree-bluetooth-xo-design-be32-multipoint-a2dp-negru,https://img.gsmnet.ro/600x600/products/178611/handsfree-bluetooth-xo-design-4-1761048375.jpg,2026-08-11 01:46:05,165
316529,6920680877706,"Handsfree Bluetooth XO Design F100, TWS, ANC, Alb",XO Design,69.99,0,https://www.gsmnet.ro/wearables-audio-inclusiv-tws/handsfree-bluetooth-xo-design-f100-tws-anc-alb,https://img.gsmnet.ro/600x600/products/178644/handsfree-casti-bluetooth-xo-1-1651672321.jpg,2026-08-11 01:46:05,165
316882,660982715127,Conector Incarcare Oppo Reno4 Lite,Aftermarket,1.99,0,https://www.gsmnet.ro/piese-componente-conectori-incarcare/conector-incarcare-oppo-reno4-lite,https://img.gsmnet.ro/600x600/products/178997/conector-incarcare-date-1-1658746870.jpg,2026-09-12 03:28:29,43
316883,660982734029,Conector Incarcare Oppo Reno5 Lite,Aftermarket,3.99,0,https://www.gsmnet.ro/piese-componente-conectori-incarcare/conector-incarcare-oppo-reno5-lite,https://img.gsmnet.ro/600x600/products/178998/conector-incarcare-date-1-1658746860.jpg,2026-09-12 03:28:29,43
316957,8596311136856,"Geam Camera Spate Samsung Galaxy S21 Ultra 5G G998, Laser + Telephoto + Telephoto Periscope + UltraWide + Wide, Negru",Aftermarket,2.99,0,https://www.gsmnet.ro/piese-componente-componente-carcasa/geam-camera-spate-samsung-galaxy-s21-ultra-5g-g998-laser-plus-telephoto-plus-telephoto-periscope-plus-ultrawide-plus-wide-negru,https://img.gsmnet.ro/600x600/products/179072/geam-camera-spate-samsung-1-1685350226.jpg,2026-08-15 01:14:41,149
317222,6957303874293,"Cablu Date si Incarcare USB-C - USB-C UGREEN US316, 100W, 2m, Negru",UGREEN,29.99,0,https://www.gsmnet.ro/accesorii-telefoane-tablete-cabluri-adaptori/cablu-date-incarcare-usb-c-usb-c-ugreen-us316-100w-2m-negru,https://img.gsmnet.ro/600x600/products/179337/cablu-date-incarcare-1-1653906708.jpg,2026-07-30 02:26:38,212
317845,5900217336679,"Folie de protectie Ecran OEM Liquid Glass pentru Samsung Galaxy S20 Ultra 5G G988 / S20 Ultra G988, Sticla Securizata, UV Glue",OEM,18.99,0,https://www.gsmnet.ro/accesorii-telefoane-tablete-folii-protectie/folie-de-protectie-ecran-oem-liquid-glass-pentru-samsung-galaxy-s20-ultra-5g-g988-s20-ultra-g988-sticla-securizata-uv-glue,https://img.gsmnet.ro/600x600/products/179960/folie-protectie-ecran-oem-1-1655370097.jpg,2026-09-08 03:24:25,59
317852,5900217294108,"Folie de protectie Ecran OEM Liquid Glass pentru Samsung Galaxy S10 G973, Sticla Securizata, UV Glue",OEM,21.99,0,https://www.gsmnet.ro/accesorii-telefoane-tablete-folii-protectie/folie-de-protectie-ecran-oem-liquid-glass-pentru-samsung-galaxy-s10-g973-sticla-securizata-uv-glue,https://img.gsmnet.ro/600x600/products/179967/folie-protectie-ecran-oem-1-1655369981.jpg,2026-09-08 03:24:25,59
318844,660982714304,Placa cu Conector Incarcare - Microfon Motorola Moto G30,Aftermarket,14.99,0,https://www.gsmnet.ro/piese-componente-conectori-incarcare/placa-cu-conector-incarcare-microfon-motorola-moto-g30,https://img.gsmnet.ro/600x600/products/180959/placa-cu-conector-incarcare-1-1667572571.jpg,2026-08-18 01:13:45,137
318865,660982713451,"Geam Camera Spate Samsung Galaxy A13 A135, Wide + UltraWide + Macro + Depth + Blitz, Negru",Aftermarket,4.99,0,https://www.gsmnet.ro/piese-componente-componente-carcasa/geam-camera-spate-samsung-galaxy-a13-a135-wide-plus-ultrawide-plus-macro-plus-depth-plus-blitz-negru,https://img.gsmnet.ro/600x600/products/180980/geam-camera-spate-samsung-1-1695979212.jpg,2026-08-15 01:14:41,149
318897,660982726956,"Suport SIM - Card Samsung Galaxy A13 A135, Dual SIM, Negru",Aftermarket,6.99,0,https://www.gsmnet.ro/piese-componente-componente-carcasa/suport-sim-card-samsung-galaxy-a13-a135-dual-sim-negru,https://img.gsmnet.ro/600x600/products/181012/suport-card-suport-1-1670233536.jpg,2026-07-28 02:34:33,220
318905,660982727137,"Suport SIM - Card Samsung Galaxy A32 5G A326, Negru",Aftermarket,7.99,0,https://www.gsmnet.ro/piese-componente-componente-carcasa/suport-sim-card-samsung-galaxy-a32-5g-a326-negru,https://img.gsmnet.ro/600x600/products/181020/suport-card-suport-1-1667395890.jpg,2026-07-28 02:34:33,220
318910,660982715851,"Suport SIM - Card Samsung Galaxy A33 5G A336, Argintiu",Aftermarket,1.99,0,https://www.gsmnet.ro/piese-componente-componente-carcasa/suport-sim-card-samsung-galaxy-a33-5g-a336-argintiu,https://img.gsmnet.ro/600x600/products/181025/suport-card-suport-1-1667822578.jpg,2026-07-25 02:41:21,232
318933,660982716995,Placa cu Conector Incarcare - Audio - Microfon Oppo A16,Aftermarket,6.99,0,https://www.gsmnet.ro/piese-componente-conectori-incarcare/placa-cu-conector-incarcare-audio-microfon-oppo-a16,https://img.gsmnet.ro/600x600/products/181048/placa-cu-conector-incarcare-1-1664884796.jpg,2026-08-18 01:13:45,137
318969,660982716391,"Suport SIM Samsung Galaxy S21 FE 5G G990, Verde",Aftermarket,4.99,0,https://www.gsmnet.ro/piese-componente-componente-carcasa/suport-sim-samsung-galaxy-s21-fe-5g-g990-verde,https://img.gsmnet.ro/600x600/products/181084/suport-sim-samsung-galaxy-1-1669212592.jpg,2026-09-12 03:28:29,43
318973,660982716483,"Suport SIM Samsung Galaxy S22+ 5G S906 / S22 5G S901, Verde",Aftermarket,4.99,0,https://www.gsmnet.ro/piese-componente-componente-carcasa/suport-sim-samsung-galaxy-s22-plus-5g-s906-s22-5g-s901-verde,https://img.gsmnet.ro/600x600/products/181088/suport-sim-samsung-galaxy-1-1669380718.jpg,2026-09-12 03:28:29,43
318977,660982716452,"Suport SIM Samsung Galaxy S22 Ultra 5G S908, Dual SIM, Verde",Aftermarket,9.99,0,https://www.gsmnet.ro/piese-componente-componente-carcasa/suport-sim-samsung-galaxy-s22-ultra-5g-s908-dual-sim-verde,https://img.gsmnet.ro/600x600/products/181092/suport-sim-samsung-galaxy-1-1669384074.jpg,2026-09-12 03:28:29,43
320449,660982716469,"Suport SIM Samsung Galaxy S22+ 5G S906 / S22 5G S901, Gri (Graphite)",Aftermarket,6.99,0,https://www.gsmnet.ro/piese-componente-componente-carcasa/suport-sim-samsung-galaxy-s22-plus-5g-s906-s22-5g-s901-gri-graphite,https://img.gsmnet.ro/600x600/products/182564/suport-sim-samsung-galaxy-1-1669380705.jpg,2026-09-12 03:28:29,43
320488,660982706231,"Suport SIM - Card Samsung Galaxy A21s A217, Albastru, Service Pack GH98-45392C",Samsung,5.99,0,https://www.gsmnet.ro/piese-componente-componente-carcasa/suport-sim-card-samsung-galaxy-a21s-a217-albastru-service-pack-gh98-45392c,https://img.gsmnet.ro/600x600/products/182603/suport-sim-card-1-1686056980.jpg,2026-08-11 01:46:05,165
320503,5904643002276,"Husa pentru Samsung Galaxy A04s A047 / A13 5G A136, OEM, Carbon, Neagra",OEM,10.99,0,https://www.gsmnet.ro/accesorii-telefoane-tablete-huse/husa-pentru-samsung-galaxy-a04s-a047-a13-5g-a136-oem-carbon-neagra,https://img.gsmnet.ro/600x600/products/182618/husa-tpu-oem-carbon-1-1665490509.jpg,2026-09-05 03:18:50,71
320580,9589046926327,"Incarcator Retea Wireless Tech-Protect C1, 15W, 1.67A, Alb THP1414",Tech-Protect,39.99,0,https://www.gsmnet.ro/accesorii-telefoane-tablete-incarcatoare/incarcator-retea-wireless-tech-protect-c1-15w-1-67a-alb-thp1414,https://img.gsmnet.ro/600x600/products/182695/incarcator-retea-wireless-tech-protect-2-1665142144.jpg,2026-07-17 02:41:26,264
321094,660982713154,"Geam Camera Spate Apple iPhone 13 Pro Max / 13 Pro, Wide + UltraWide + Telephoto, cu Rama (Interioara), Negru",Aftermarket,9.99,0,https://www.gsmnet.ro/piese-componente-componente-carcasa/geam-camera-spate-apple-iphone-13-pro-max-13-pro-wide-plus-ultrawide-plus-telephoto-cu-rama-interioara-negru,https://img.gsmnet.ro/600x600/products/183209/geam-camera-spate-apple-1-1671004988.jpg,2026-09-12 03:28:29,43
321127,6932172601980,"Cablu Date si Incarcare USB-C - USB-C Baseus Dynamic Series, 100W, 1m, Alb CALD000202 ",Baseus,19.99,0,https://www.gsmnet.ro/accesorii-telefoane-tablete-cabluri-adaptori/cablu-date-incarcare-usb-c-usb-c-baseus-dynamic-series-100w-1m-alb-cald000202,https://img.gsmnet.ro/600x600/products/183242/cablu-date-incarcare-2-1671003758.jpg,2026-07-24 02:42:57,236
321259,6920680879243,"Cablu Date si Incarcare USB-A - microUSB XO Design NB185, 66W, 1m, Negru",XO Design,9.99,0,https://www.gsmnet.ro/accesorii-telefoane-tablete-cabluri-adaptori/cablu-date-incarcare-usb-a-microusb-xo-design-nb185-66w-1m-negru,https://img.gsmnet.ro/600x600/products/183374/cablu-date-incarcare-1-1674482245.jpg,2026-07-21 02:44:07,248
321282,6920680824229,"Incarcator Retea XO Design, 25W, 3A, 1 x USB-C, Alb",XO Design,20.99,0,https://www.gsmnet.ro/accesorii-telefoane-tablete-incarcatoare/incarcator-retea-xo-design-25w-3a-1-x-usb-c-alb,https://img.gsmnet.ro/600x600/products/183397/incarcator-retea-cu-cablu-2-1671548906.jpg,2026-08-08 01:40:23,177
321292,660982704435,"Display cu Touchscreen Realme C30 / Narzo 50i Prime, cu Rama, Negru, Service Pack 4130279",Realme,169.99,0,https://www.gsmnet.ro/piese-componente-display-cu-touchscreen/display-cu-touchscreen-realme-c30-narzo-50i-prime-cu-rama-negru-service-pack-4130279,https://img.gsmnet.ro/600x600/products/183407/display-touchscreen-realme-2-1673623674.jpg,2026-09-22 03:40:20,4
321304,641956270606,"Display cu Touchscreen Realme C21Y, cu Rama, Negru, Service Pack 4908747",Realme,219.99,0,https://www.gsmnet.ro/piese-componente-display-cu-touchscreen/display-cu-touchscreen-realme-c21y-cu-rama-negru-service-pack-4908747,https://img.gsmnet.ro/600x600/products/183419/display-cu-touchscreen-realme-1-1682517793.jpg,2026-08-04 02:33:52,192
321440,6970211474560,Aparat de Masura Digital JIMI Home JM-G3401,JIMI Home,89.99,0,https://www.gsmnet.ro/aparatura-instrumente-service-aparate-masura/aparat-de-masura-digital-jimi-home-jm-g3401,https://img.gsmnet.ro/600x600/products/183555/aparat-de-masura-digital-1-1671100652.jpg,2026-07-18 02:32:25,260
321450,5901764325192,"Spray Curatare Alcool Izopropilic AG Termopasty Kontakt IPA Plus, 400ml",AG Termopasty,28.99,0,https://www.gsmnet.ro/aparatura-instrumente-service-piese-schimb-consumabile/spray-curatare-alcool-izopropilic-ag-termopasty-kontakt-ipa-plus-400ml,https://img.gsmnet.ro/600x600/products/183565/spray-curatare-termopasty-kontakt-1-1672155655.jpg,2026-08-07 00:01:02,181
321488,6944284641587,"Handsfree 3.5mm Oppo MH151, Gri",Oppo,29.99,0,https://www.gsmnet.ro/accesorii-telefoane-tablete-casti-audio/handsfree-3-5mm-oppo-mh151-gri,https://img.gsmnet.ro/600x600/products/183603/handsfree-casti-earbuds-oppo-1-1678808177.jpg,2026-08-01 02:50:04,204
321721,660982727168,"Suport SIM - Card Samsung Galaxy A22 5G A226, Dual SIM, Negru",Aftermarket,7.99,0,https://www.gsmnet.ro/piese-componente-componente-carcasa/suport-sim-card-samsung-galaxy-a22-5g-a226-dual-sim-negru,https://img.gsmnet.ro/600x600/products/183836/suport-sim-card-1-1686062156.jpg,2026-07-28 02:34:33,220
321723,660982726970,"Suport SIM - Card Samsung Galaxy A23 5G A236 / A23 A235, Dual SIM, Negru",Aftermarket,9.99,0,https://www.gsmnet.ro/piese-componente-componente-carcasa/suport-sim-card-samsung-galaxy-a23-5g-a236-a23-a235-dual-sim-negru,https://img.gsmnet.ro/600x600/products/183838/suport-sim-card-1-1684324332.jpg,2026-07-28 02:34:33,220
321728,660982716421,"Suport SIM Samsung Galaxy S21 Ultra 5G G998, Negru (Phantom Black) ",Aftermarket,5.99,0,https://www.gsmnet.ro/piese-componente-componente-carcasa/suport-sim-samsung-galaxy-s21-ultra-5g-g998-negru-phantom-black,https://img.gsmnet.ro/600x600/products/183843/suport-sim-samsung-galaxy-1-1684245281.jpg,2026-09-12 03:28:29,43
321729,660982716407,"Suport SIM Samsung Galaxy S21 Ultra 5G G998, Albastru (Phantom Blue) ",Aftermarket,4.99,0,https://www.gsmnet.ro/piese-componente-componente-carcasa/suport-sim-samsung-galaxy-s21-ultra-5g-g998-albastru-phantom-blue,https://img.gsmnet.ro/600x600/products/183844/suport-sim-samsung-galaxy-1-1684245284.jpg,2026-09-12 03:28:29,43
321752,5900217946670,"Folie de protectie Ecran OEM pentru Samsung Galaxy A04s A047 / A13 A135 / A13 5G A136, Sticla Securizata, Full Glue, 6D, Neagra",OEM,11.99,0,https://www.gsmnet.ro/accesorii-telefoane-tablete-folii-protectie/folie-de-protectie-ecran-oem-pentru-samsung-galaxy-a04s-a047-a13-a135-a13-5g-a136-sticla-securizata-full-glue-6d-neagra,https://img.gsmnet.ro/600x600/products/183867/folie-protectie-ecran-oem-1-1675166265.jpg,2026-09-08 03:24:25,59
321816,641956270194,"Display cu Touchscreen Oppo F19 / A74, cu Rama, Negru, Service Pack 4907039",Oppo,309.99,0,https://www.gsmnet.ro/piese-componente-display-cu-touchscreen/display-cu-touchscreen-oppo-f19-a74-cu-rama-negru-service-pack-4907039,https://img.gsmnet.ro/600x600/products/183931/display-touchscreen-oppo-1-1676471489.jpg,2026-08-04 02:33:52,192
322045,8806094682748,"Baterie Externa Samsung, 10000mAh, 25W, PD, 2 x USB-C, Bej EB-P3400XUEGEU",Samsung,116.99,0,https://www.gsmnet.ro/accesorii-telefoane-tablete-baterii-externe/baterie-externa-samsung-10000mah-25w-pd-2-x-usb-c-bej-eb-p3400xuegeu,https://img.gsmnet.ro/600x600/products/184160/baterie-externa-powerbank-samsung-1-1678371117.jpg,2026-09-03 03:17:44,79
322130,5901737268952,Penseta Ascutita Baku BK-AA-Sa-UR A8,Baku,17.99,0,https://www.gsmnet.ro/aparatura-instrumente-service-instrumente-service/penseta-ascutita-baku-bk-aa-sa-ur-a8,https://img.gsmnet.ro/600x600/products/184245/penseta-dreapta-baku-bk-aa-sa-ur-1-1675420239.jpg,2026-08-27 21:52:51,100
322317,740617263442,"Solid State Drive (SSD) Kingston A400, 480GB,  2.5inch, SATA III SA400S37/480G",Kingston,489.99,0,https://www.gsmnet.ro/accesorii-pc-laptop-solutii-stocare/solid-state-drive-ssd-kingston-a400-480gb-2-5inch-sata-iii-sa400s37-480g,https://img.gsmnet.ro/600x600/products/184432/solid-state-drive-ssd-2-1674464679.jpg,2026-07-17 02:41:26,264
322409,5900495054302,"Husa pentru Realme 9i 5G, OEM, Matt, Neagra",OEM,1.99,0,https://www.gsmnet.ro/accesorii-telefoane-tablete-huse/husa-pentru-realme-9i-5g-oem-matt-neagra,https://img.gsmnet.ro/600x600/products/184524/husa-tpu-oem-matt-1-1674469937.jpg,2026-08-15 01:14:41,149
322481,660982704275,"Display cu Touchscreen Oppo Find X2 Neo, cu Rama, Negru (Moonlight Black), Service Pack 4904017",Oppo,649.99,0,https://www.gsmnet.ro/piese-componente-display-cu-touchscreen/display-cu-touchscreen-oppo-find-x2-neo-cu-rama-negru-moonlight-black-service-pack-4904017,https://img.gsmnet.ro/600x600/products/184596/display-touchscreen-oppo-1-1677764327.jpg,2026-09-10 03:25:55,51
322584,660982717954,"Display cu Touchscreen Motorola Moto G9 Plus, cu Rama, Negru, Service Pack 5D68C17281",Motorola,234.99,0,https://www.gsmnet.ro/piese-componente-display-cu-touchscreen/display-cu-touchscreen-motorola-moto-g9-plus-cu-rama-negru-service-pack-5d68c17281,https://img.gsmnet.ro/600x600/products/184699/display-cu-touchscreen-motorola-1-1682671889.jpg,2026-07-21 02:44:07,248
323094,5900495043177,"Folie de protectie Ecran Privacy OEM pentru Apple iPhone 12 / 12 Pro, Sticla Securizata, Full Glue",OEM,14.99,0,https://www.gsmnet.ro/accesorii-telefoane-tablete-folii-protectie/folie-de-protectie-ecran-privacy-oem-pentru-apple-iphone-12-12-pro-sticla-securizata-full-glue,https://img.gsmnet.ro/600x600/products/185209/folie-protectie-ecran-oem-1-1676375620.jpg,2026-09-05 03:18:50,71
323757,660982701304,"Acumulator Realme 8, BLP841, Service Pack 4906860 ",Realme,69.99,0,https://www.gsmnet.ro/piese-componente-acumulatori/acumulator-realme-8-blp841-service-pack-4906860,https://img.gsmnet.ro/600x600/products/185872/acumulator-realme-8-blp841-1-1681978785.jpg,2026-09-10 03:25:55,51
323845,9145576273173,"Husa pentru Samsung Galaxy A34 A346, OEM, Neagra",OEM,9.99,0,https://www.gsmnet.ro/accesorii-telefoane-tablete-huse/husa-pentru-samsung-galaxy-a34-a346-oem-neagra,https://img.gsmnet.ro/600x600/products/185960/husa-tpu-oem-pentru-1-1680601013.jpg,2026-08-08 01:40:23,177
323864,9490713933558,"Folie de protectie Ecran Privacy HOFI PRO+ pentru Apple iPhone 14 Pro, Sticla Securizata, Full Glue",HOFI,21.99,0,https://www.gsmnet.ro/accesorii-telefoane-tablete-folii-protectie/folie-de-protectie-ecran-privacy-hofi-pro-plus-pentru-apple-iphone-14-pro-sticla-securizata-full-glue,https://img.gsmnet.ro/600x600/products/185979/folie-protectie-ecran-hofi-2-1680606069.jpg,2026-08-28 21:46:21,98
323867,9490713933459,"Folie de protectie Ecran Privacy HOFI PRO+ pentru Apple iPhone 11 / XR, Sticla Securizata, Full Glue",HOFI,19.99,0,https://www.gsmnet.ro/accesorii-telefoane-tablete-folii-protectie/folie-de-protectie-ecran-privacy-hofi-pro-plus-pentru-apple-iphone-11-xr-sticla-securizata-full-glue,https://img.gsmnet.ro/600x600/products/185982/folie-protectie-ecran-hofi-2-1680606195.jpg,2026-07-17 02:41:26,264
324015,5900495078551,"Folie de protectie Ecran OEM pentru Samsung Galaxy A54 A546, Sticla Securizata, Full Glue, 9D, Neagra",OEM,7.99,0,https://www.gsmnet.ro/accesorii-telefoane-tablete-folii-protectie/folie-de-protectie-ecran-oem-pentru-samsung-galaxy-a54-a546-sticla-securizata-full-glue-9d-neagra,https://img.gsmnet.ro/600x600/products/186130/folie-de-protectie-ecran-2-1690372041.jpeg,2026-07-23 02:47:09,240
324033,740617328066,"Memorie Externa USB-A 3.2 Kingston Micro G2, 64Gb DTMC3G2/64GB ",Kingston,89.99,0,https://www.gsmnet.ro/accesorii-telefoane-tablete-carduri-memorii-usb/memorie-externa-usb-a-3-2-kingston-micro-g2-64gb-dtmc3g2-64gb,https://img.gsmnet.ro/600x600/products/186148/memorie-externa-usb-a-3-2-1-1683627196.jpg,2026-07-31 02:51:29,208
324080,6971408157044,"Mediaplayer Xiaomi Mi TV Box S, Wi-Fi, 4K, HDR10+, Gen 2 PFJ4151EU ",Xiaomi,319.99,0,https://www.gsmnet.ro/gadgeturi-smart-home/mediaplayer-xiaomi-mi-tv-box-s-wi-fi-4k-hdr10-plus-gen-2-pfj4151eu,https://img.gsmnet.ro/600x600/products/186195/mediaplayer-xiaomi-mi-tv-1-1692702389.jpg,2026-09-11 03:23:04,47
324156,660982701342,"Acumulator Realme 9 / 8 5G, BLP883, Service Pack 4909768 ",Realme,89.99,0,https://www.gsmnet.ro/piese-componente-acumulatori/acumulator-realme-9-8-5g-blp883-service-pack-4909768,https://img.gsmnet.ro/600x600/products/186271/acumulator-realme-9-1-1715859306.jpg,2026-08-22 01:14:09,121
324235,9145576270967,"Husa pentru Samsung Galaxy A14 A145 / A14 5G A146, OEM, Smart Magnetic Flip, Neagra",OEM,19.99,0,https://www.gsmnet.ro/accesorii-telefoane-tablete-huse/husa-pentru-samsung-galaxy-a14-a145-a14-5g-a146-oem-smart-magnetic-flip-neagra,https://img.gsmnet.ro/600x600/products/186350/husa-pentru-samsung-galaxy-1-1683816970.jpg,2026-08-08 01:40:23,177
324333,641956264469,"Acumulator Oppo A17k / A17, BLP915, Service Pack 6060057 ",Oppo,79.99,0,https://www.gsmnet.ro/piese-componente-acumulatori/acumulator-oppo-a17k-a17-blp915-service-pack-6060057,https://img.gsmnet.ro/600x600/products/186448/acumulator-oppo-a17k-1-1712587416.jpg,2026-07-21 02:44:07,248
324603,660982717763,"Acumulator Motorola Edge 20, Service Pack SB18D10750 ",Motorola,81.99,0,https://www.gsmnet.ro/piese-componente-acumulatori/acumulator-motorola-edge-20-service-pack-sb18d10750,https://img.gsmnet.ro/600x600/products/186718/acumulator-motorola-edge-20-1-1694676324.jpg,2026-08-04 02:33:52,192
324790,641956266913,"Acumulator Motorola Moto G8 / One Macro / G8 Play, KG40, Service Pack SB18C77667 ",Motorola,60.99,0,https://www.gsmnet.ro/piese-componente-acumulatori/acumulator-motorola-moto-g8-one-macro-g8-play-kg40-service-pack-sb18c77667,https://img.gsmnet.ro/600x600/products/186905/acumulator-motorola-moto-g8-1-1694678999.jpg,2026-08-04 02:33:52,192
324803,641956269839,"Display cu Touchscreen Motorola Moto G50 5G, cu Rama, Negru, Service Pack 5D68C18927 ",Motorola,99.99,0,https://www.gsmnet.ro/piese-componente-display-cu-touchscreen/display-cu-touchscreen-motorola-moto-g50-5g-cu-rama-negru-service-pack-5d68c18927,https://img.gsmnet.ro/600x600/products/186918/display-cu-touchscreen-motorola-1-1709549457.jpg,2026-07-18 02:32:25,260
324849,660982701878,"Capac Baterie Motorola Moto G13, Albastru (Blue Lavender), Service Pack 5S58C22333",Motorola,19.99,0,https://www.gsmnet.ro/piese-componente-capace-baterie/capac-baterie-motorola-moto-g13-albastru-blue-lavender-service-pack-5s58c22333,https://img.gsmnet.ro/600x600/products/186964/capac-baterie-motorola-moto-1-1695997830.jpg,2026-07-30 02:26:38,212
324858,660982701793,"Capac Baterie Motorola Moto E13, Bej (Creamy White), Service Pack 5S58C22354 ",Motorola,0.99,0,https://www.gsmnet.ro/piese-componente-capace-baterie/capac-baterie-motorola-moto-e13-bej-creamy-white-service-pack-5s58c22354,https://img.gsmnet.ro/600x600/products/186973/capac-baterie-motorola-moto-1-1695995985.jpg,2026-07-18 02:32:25,260
324966,660982702240,"Capac Baterie Realme 8, Negru (Punk Black), Service Pack 3203057 ",Realme,9.99,0,https://www.gsmnet.ro/piese-componente-capace-baterie/capac-baterie-realme-8-negru-punk-black-service-pack-3203057,https://img.gsmnet.ro/600x600/products/187081/capac-baterie-realme-8-1-1693468155.jpg,2026-08-19 01:15:12,133
325099,9490713934685,"Cititor Card USB / USB-C Tech-Protect, SD - microSD, Gri ",Tech-Protect,36.99,0,https://www.gsmnet.ro/accesorii-pc-laptop-accesorii-usb/cititor-card-usb-usb-c-tech-protect-sd-microsd-gri,https://img.gsmnet.ro/600x600/products/187214/cititor-card-usb-2-1689246020.jpg,2026-07-21 02:44:07,248
325305,5900495095442,"Husa pentru Samsung Galaxy A14 A145 / A14 5G A146, OEM, Metallic, Aurie",OEM,6.99,0,https://www.gsmnet.ro/accesorii-telefoane-tablete-huse/husa-pentru-samsung-galaxy-a14-a145-a14-5g-a146-oem-metallic-aurie,https://img.gsmnet.ro/600x600/products/187420/husa-pentru-samsung-galaxy-1-1692271003.jpg,2026-08-28 21:46:21,98
325308,5900495063656,"Husa pentru Xiaomi Redmi A2 / A1, OEM, Defender Slide, Neagra ",OEM,8.99,0,https://www.gsmnet.ro/accesorii-telefoane-tablete-huse/husa-pentru-xiaomi-redmi-a2-a1-oem-defender-slide-neagra,https://img.gsmnet.ro/600x600/products/187423/husa-pentru-xiaomi-redmi-1-1707312266.jpg,2026-09-16 03:41:35,27
325447,9145576273593,"Folie de protectie Ecran Privacy WZK AntiSpy pentru Samsung Galaxy S23+ S916, Sticla Securizata, Full Glue ",WZK,16.99,0,https://www.gsmnet.ro/accesorii-telefoane-tablete-folii-protectie/folie-de-protectie-ecran-privacy-wzk-antispy-pentru-samsung-galaxy-s23-plus-s916-sticla-securizata-full-glue,https://img.gsmnet.ro/600x600/products/187562/folie-de-protectie-ecran-1-1691654751.jpg,2026-08-08 01:40:23,177
325522,660982714823,"Banda Placa Samsung Galaxy S23 S911, Main SUB IF_CTC",Aftermarket,3.99,0,https://www.gsmnet.ro/piese-componente-piese/banda-placa-samsung-galaxy-s23-s911-main-sub-if-ctc,https://img.gsmnet.ro/600x600/products/187637/banda-placa-samsung-galaxy-1-1697726082.jpg,2026-09-12 03:28:29,43
325536,660982716506,"Suport SIM Xiaomi Redmi Note 12 Pro 5G, Alb (Polar White) ",Aftermarket,2.99,0,https://www.gsmnet.ro/piese-componente-componente-carcasa/suport-sim-xiaomi-redmi-note-12-pro-5g-alb-polar-white,https://img.gsmnet.ro/600x600/products/187651/suport-sim-xiaomi-redmi-1-1703669649.jpg,2026-08-15 01:14:41,149
325562,660982713727,"Geam Camera Spate Samsung Galaxy S23+ S916, Wide + UltraWide + Telephoto, Negru ",Aftermarket,9.99,0,https://www.gsmnet.ro/piese-componente-componente-carcasa/geam-camera-spate-samsung-galaxy-s23-plus-s916-wide-plus-ultrawide-plus-telephoto-negru,https://img.gsmnet.ro/600x600/products/187677/geam-camera-spate-samsung-1-1699358200.jpg,2026-07-25 02:41:21,232
325563,660982713710,"Geam Camera Spate Samsung Galaxy S23 Ultra S918, Laser + Telephoto + Telephoto Periscope + UltraWide + Wide, Negru",Aftermarket,4.99,0,https://www.gsmnet.ro/piese-componente-componente-carcasa/geam-camera-spate-samsung-galaxy-s23-ultra-s918-laser-plus-telephoto-plus-telephoto-periscope-plus-ultrawide-plus-wide-negru,https://img.gsmnet.ro/600x600/products/187678/geam-camera-spate-samsung-1-1712838867.jpg,2026-09-12 03:28:29,43
325568,660982713246,"Geam Camera Spate Honor X6, Wide + Macro + Depth + Blitz, Negru",Aftermarket,2.99,0,https://www.gsmnet.ro/piese-componente-componente-carcasa/geam-camera-spate-honor-x6-wide-plus-macro-plus-depth-plus-blitz-negru,https://img.gsmnet.ro/600x600/products/187683/geam-camera-spate-honor-1-1699353175.jpg,2026-09-12 03:28:29,43
325569,660982716261,"Suport SIM Samsung Galaxy S23 Ultra S918, Dual SIM, Violet (Lavender)",Aftermarket,9.99,0,https://www.gsmnet.ro/piese-componente-componente-carcasa/suport-sim-samsung-galaxy-s23-ultra-s918-dual-sim-violet-lavender,https://img.gsmnet.ro/600x600/products/187684/suport-sim-samsung-galaxy-1-1699270243.jpg,2026-09-12 03:28:29,43
325580,660982716230,"Suport SIM Samsung Galaxy S23 Ultra S918, Dual SIM, Crem",Aftermarket,9.99,0,https://www.gsmnet.ro/piese-componente-componente-carcasa/suport-sim-samsung-galaxy-s23-ultra-s918-dual-sim-crem,https://img.gsmnet.ro/600x600/products/187695/suport-sim-samsung-galaxy-1-1699270258.jpg,2026-07-28 02:34:33,220
325583,660982716278,"Suport SIM Samsung Galaxy S23+ S916 / S23 S911, Dual SIM, Crem",Aftermarket,9.99,0,https://www.gsmnet.ro/piese-componente-componente-carcasa/suport-sim-samsung-galaxy-s23-plus-s916-s23-s911-dual-sim-crem,https://img.gsmnet.ro/600x600/products/187698/suport-sim-samsung-galaxy-1-1699274850.jpg,2026-07-25 02:41:21,232
325585,660982715479,"Suport SIM - Card Honor X6, Albastru (Ocean Blue) ",Aftermarket,1.99,0,https://www.gsmnet.ro/piese-componente-componente-carcasa/suport-sim-card-honor-x6-albastru-ocean-blue,https://img.gsmnet.ro/600x600/products/187700/suport-sim-card-1-1699958416.jpg,2026-07-25 02:41:21,232
325587,660982715486,"Suport SIM - Card Honor X6, Argintiu (Titanium Silver) ",Aftermarket,1.99,0,https://www.gsmnet.ro/piese-componente-componente-carcasa/suport-sim-card-honor-x6-argintiu-titanium-silver,https://img.gsmnet.ro/600x600/products/187702/suport-sim-card-1-1699958408.jpg,2026-08-15 01:14:41,149
325598,660982715875,"Suport SIM - Card Samsung Galaxy A34 A346, Dual SIM, Negru",Aftermarket,4.99,0,https://www.gsmnet.ro/piese-componente-componente-carcasa/suport-sim-card-samsung-galaxy-a34-a346-dual-sim-negru,https://img.gsmnet.ro/600x600/products/187713/suport-sim-card-1-1724679333.jpg,2026-09-12 03:28:29,43
325600,660982715943,"Suport SIM - Card Samsung Galaxy A54 A546, Dual SIM, Negru",Aftermarket,7.99,0,https://www.gsmnet.ro/piese-componente-componente-carcasa/suport-sim-card-samsung-galaxy-a54-a546-dual-sim-negru,https://img.gsmnet.ro/600x600/products/187715/suport-sim-card-1-1724679086.jpg,2026-09-12 03:28:29,43
325635,641956267132,"Acumulator Motorola Moto G23, PH50, Service Pack SB18D60228 ",Motorola,70.99,0,https://www.gsmnet.ro/piese-componente-acumulatori/acumulator-motorola-moto-g23-ph50-service-pack-sb18d60228,https://img.gsmnet.ro/600x600/products/187750/acumulator-motorola-moto-g23-2-1721124629.jpg,2026-09-22 03:40:20,4
325729,6932172612825,"Incarcator Auto Baseus Golden Contactor Pro, 65W, 3A, 1 x USB-A - 2 x USB-C, Albastru CGJP010003 ",Baseus,71.99,0,https://www.gsmnet.ro/accesorii-telefoane-tablete-incarcatoare/incarcator-auto-baseus-golden-contactor-pro-65w-3a-1-x-usb-a-2-x-usb-c-albastru-cgjp010003,https://img.gsmnet.ro/600x600/products/187844/incarcator-auto-baseus-golden-5-1692776392.jpg,2026-08-07 00:01:02,181
326203,6932172626648,"Cablu Date si Incarcare USB-C - USB-C Baseus CoolPlay, 100W, 1m, Negru CAKW000201",Baseus,22.99,0,https://www.gsmnet.ro/accesorii-telefoane-tablete-cabluri-adaptori/cablu-date-incarcare-usb-c-usb-c-baseus-coolplay-100w-1m-negru-cakw000201,https://img.gsmnet.ro/600x600/products/188318/cablu-date-incarcare-2-1693915800.jpg,2026-08-07 00:01:02,181
326224,6932172608026,"Incarcator Auto Baseus Golden Contactor Pro, 40W, 3A, 2 x USB-C, Gri CGJP000013 ",Baseus,52.99,0,https://www.gsmnet.ro/accesorii-telefoane-tablete-incarcatoare/incarcator-auto-baseus-golden-contactor-pro-40w-3a-2-x-usb-c-gri-cgjp000013,https://img.gsmnet.ro/600x600/products/188339/incarcator-auto-baseus-golden-4-1693900955.jpg,2026-08-07 00:01:02,181
326524,660982708754,"Acumulator Samsung Galaxy Z Fold3 5G F926, EB-BF926ABY, Swap ",Samsung,28.99,0,https://www.gsmnet.ro/piese-componente-acumulatori/acumulator-samsung-galaxy-z-fold3-5g-f926-eb-bf926aby-swap,https://img.gsmnet.ro/600x600/products/188639/acumulator-samsung-galaxy-z-1-1698397858.jpg,2026-07-30 02:26:38,212
326555,5903396036200,"Folie de protectie Ecran OEM pentru Xiaomi Redmi Note 8, Sticla Securizata, Full Glue, 5D, Neagra",OEM,12.99,0,https://www.gsmnet.ro/accesorii-telefoane-tablete-folii-protectie/folie-de-protectie-ecran-oem-pentru-xiaomi-redmi-note-8-sticla-securizata-full-glue-5d-neagra,https://img.gsmnet.ro/600x600/products/188670/folie-de-protectie-ecran-1-1694777222.jpg,2026-08-15 01:14:41,149
326741,641956270620,"Display cu Touchscreen Realme C33, cu Rama, Negru (Night Sea), Service Pack 4130336",Realme,188.99,0,https://www.gsmnet.ro/piese-componente-display-cu-touchscreen/display-cu-touchscreen-realme-c33-cu-rama-negru-night-sea-service-pack-4130336,https://img.gsmnet.ro/600x600/products/188856/display-cu-touchscreen-realme-1-1705417775.jpg,2026-08-18 01:13:45,137
326776,5903396248160,"Folie de protectie Ecran Blueo pentru Apple iPhone 15 Pro, Sticla Securizata, Full Glue, 5D, Neagra ",Blueo,34.99,0,https://www.gsmnet.ro/accesorii-telefoane-tablete-folii-protectie/folie-de-protectie-ecran-blueo-pentru-apple-iphone-15-pro-sticla-securizata-full-glue-5d-neagra,https://img.gsmnet.ro/600x600/products/188891/folie-de-protectie-ecran-1-1695031991.jpg,2026-08-15 01:14:41,149
326779,5903396248337,"Folie de protectie Ecran Privacy Blueo pentru Apple iPhone 15 Pro Max, Sticla Securizata, Full Glue, 5D",Blueo,39.99,0,https://www.gsmnet.ro/accesorii-telefoane-tablete-folii-protectie/folie-de-protectie-ecran-privacy-blueo-pentru-apple-iphone-15-pro-max-sticla-securizata-full-glue-5d,https://img.gsmnet.ro/600x600/products/188894/folie-de-protectie-ecran-2-1695032129.jpg,2026-08-04 02:33:52,192
326793,5900495119209,"Husa pentru Honor 70 Lite / X6 / X8 5G, OEM, Smart Magnet, Neagra ",OEM,12.99,0,https://www.gsmnet.ro/accesorii-telefoane-tablete-huse/husa-pentru-honor-70-lite-x6-x8-5g-oem-smart-magnet-neagra,https://img.gsmnet.ro/600x600/products/188908/husa-pentru-honor-70-1-1716378060.jpg,2026-09-05 03:18:50,71
326886,9145576278970,"Husa pentru Apple iPhone 15 Pro, OEM, Ultra Clear, Transparenta ",OEM,9.99,0,https://www.gsmnet.ro/accesorii-telefoane-tablete-huse/husa-pentru-apple-iphone-15-pro-oem-ultra-clear-transparenta,https://img.gsmnet.ro/600x600/products/189001/husa-pentru-apple-iphone-2-1695735443.jpg,2026-09-08 03:24:25,59
326903,9319456606287,"Folie de protectie Ecran HOFI PRO+ pentru Samsung Galaxy Tab S9 FE+, Sticla Securizata, Full Glue",HOFI,39.99,0,https://www.gsmnet.ro/accesorii-telefoane-tablete-folii-protectie/folie-de-protectie-ecran-hofi-pro-plus-pentru-samsung-galaxy-tab-s9-fe-plus-sticla-securizata-full-glue,https://img.gsmnet.ro/600x600/products/189018/folie-de-protectie-ecran-2-1695976336.jpg,2026-08-26 19:46:38,102
326914,660982702448,"Capac Baterie Samsung Galaxy S22+ 5G S906, Verde, Service Pack GH82-27444C ",Samsung,130.99,0,https://www.gsmnet.ro/piese-componente-capace-baterie/capac-baterie-samsung-galaxy-s22-plus-5g-s906-verde-service-pack-gh82-27444c,https://img.gsmnet.ro/600x600/products/189029/capac-baterie-samsung-galaxy-1-1695993823.jpg,2026-09-02 03:15:17,83
326976,6956116799359,"Incarcator Retea Joyroom JR-TCF06, 20W, 3A, 1 x USB-C, Negru ",Joyroom,24.99,0,https://www.gsmnet.ro/accesorii-telefoane-tablete-incarcatoare/incarcator-retea-joyroom-jr-tcf06-20w-3a-1-x-usb-c-negru,https://img.gsmnet.ro/600x600/products/189091/incarcator-retea-joyroom-jr-tcf06-4-1696430359.jpg,2026-08-08 01:40:23,177
327053,5900495351548,"Husa pentru Oppo A58 5G / A78 5G, OEM, Silicone, Bleumarin ",OEM,5.99,0,https://www.gsmnet.ro/accesorii-telefoane-tablete-huse/husa-pentru-oppo-a58-5g-a78-5g-oem-silicone-bleumarin,https://img.gsmnet.ro/600x600/products/189168/husa-pentru-oppo-a58-1-1699265427.jpg,2026-07-21 02:44:07,248
327153,6971806512124,Covor Service Sunshine SS-004E ,Sunshine,81.99,0,https://www.gsmnet.ro/aparatura-instrumente-service-instrumente-service/covor-service-sunshine-ss-004e,https://img.gsmnet.ro/600x600/products/189268/covor-service-sunshine-ss-004e-1-1699523329.jpeg,2026-07-21 02:44:07,248
327173,5904643032853,"Husa MagSafe pentru Apple iPhone 15 Pro Max, OEM, Transparenta ",OEM,16.99,0,https://www.gsmnet.ro/accesorii-telefoane-tablete-huse/husa-magsafe-pentru-apple-iphone-15-pro-max-oem-transparenta,https://img.gsmnet.ro/600x600/products/189288/husa-magsafe-pentru-apple-1-1697811208.jpg,2026-09-09 03:28:00,55
327334,660982717503,"Geam Camera Spate Samsung Galaxy A54 A546, Macro, Negru ",Aftermarket,0.99,0,https://www.gsmnet.ro/piese-componente-componente-carcasa/geam-camera-spate-samsung-galaxy-a54-a546-macro-negru,https://img.gsmnet.ro/600x600/products/189449/geam-camera-spate-samsung-1-1709121971.jpg,2026-09-12 03:28:29,43
327374,6956116757069,"Incarcator Retea Joyroom JR-TCF11, 25W, 3A, 1 x USB-C, Alb ",Joyroom,34.99,0,https://www.gsmnet.ro/accesorii-telefoane-tablete-incarcatoare/incarcator-retea-joyroom-jr-tcf11-25w-3a-1-x-usb-c-alb,https://img.gsmnet.ro/600x600/products/189489/incarcator-retea-joyroom-jr-tcf11-1-1697785110.jpg,2026-08-06 02:35:29,184
327408,5900495463197,"Husa pentru Samsung Galaxy A25 A256 / A24 4G A245, OEM, 2mm, Transparenta ",OEM,4.99,0,https://www.gsmnet.ro/accesorii-telefoane-tablete-huse/husa-pentru-samsung-galaxy-a25-a256-a24-4g-a245-oem-2mm-transparenta,https://img.gsmnet.ro/600x600/products/189523/husa-pentru-samsung-galaxy-1-1699273342.jpg,2026-07-25 02:41:21,232
327425,641956271566,"Display cu Touchscreen Xiaomi Redmi Note 12S, cu Rama, Negru (Black Onyx), Service Pack 560001K7SR00 ",Xiaomi,319.99,0,https://www.gsmnet.ro/piese-componente-display-cu-touchscreen/display-cu-touchscreen-xiaomi-redmi-note-12s-cu-rama-negru-black-onyx-service-pack-560001k7sr00,https://img.gsmnet.ro/600x600/products/189540/display-cu-touchscreen-xiaomi-1-1711618618.jpg,2026-07-28 02:34:33,220
327780,5901764325918,"Pad Termoconductor AG Termopasty, 30mm x 30mm x 0.3mm ART.AGT-294",AG Termopasty,6.99,0,https://www.gsmnet.ro/aparatura-instrumente-service-piese-schimb-consumabile/pad-termoconductor-ag-termopasty-30mm-x-30mm-x-0-3mm-art-agt-294,https://img.gsmnet.ro/600x600/products/189895/pad-termoconductor-termopasty-30x30x0-3-1-1716542808.jpg,2026-08-07 00:01:02,181
327786,5901764329206,"Spray Ulei Siliconic AG Termopasty, 300ml ART.AGT-016",AG Termopasty,24.99,0,https://www.gsmnet.ro/aparatura-instrumente-service-piese-schimb-consumabile/spray-ulei-siliconic-ag-termopasty-300ml-art-agt-016,https://img.gsmnet.ro/600x600/products/189901/spray-ulei-siliconic-termopasty-1-1700063619.png,2026-08-07 00:01:02,181
327787,5901764329190,"Spray Ulei Vaselina AG Termopasty, 300ml ART.AGT-019",AG Termopasty,20.99,0,https://www.gsmnet.ro/aparatura-instrumente-service-piese-schimb-consumabile/spray-ulei-vaselina-ag-termopasty-300ml-art-agt-019,https://img.gsmnet.ro/600x600/products/189902/spray-ulei-vaselina-termopasty-1-1700063572.png,2026-08-07 00:01:02,181
327854,6956116762261,"Incarcator Auto Joyroom JR-CL26, 70W, 4.8A, 1 x USB-A - 2 x USB-C, Negru ",Joyroom,39.99,0,https://www.gsmnet.ro/accesorii-telefoane-tablete-incarcatoare/incarcator-auto-joyroom-jr-cl26-70w-4-8a-1-x-usb-a-2-x-usb-c-negru,https://img.gsmnet.ro/600x600/products/189969/incarcator-auto-joyroom-jr-cl26-3-1699948843.jpg,2026-09-08 03:24:25,59
327859,6971085312583,"Camera de Supraveghere iMILAB EC3 Lite, Wi-Fi, 1080P, Exterior CMSXJ40A",iMILAB,179.99,0,https://www.gsmnet.ro/gadgeturi-smart-home/camera-de-supraveghere-imilab-ec3-lite-wi-fi-1080p-exterior-cmsxj40a,https://img.gsmnet.ro/600x600/products/189974/camera-de-supraveghere-xiaomi-1-1700129640.jpg,2026-08-13 02:00:15,157
328053,740617309195,"Memorie Externa USB-A 3.2 Kingston DT Kyson, 256Gb DTKN/256GB ",Kingston,189.99,0,https://www.gsmnet.ro/accesorii-telefoane-tablete-carduri-memorii-usb/memorie-externa-usb-a-3-2-kingston-dt-kyson-256gb-dtkn-256gb,https://img.gsmnet.ro/600x600/products/190168/memorie-externa-usb-a-3-2-1-1701081706.jpg,2026-08-26 19:46:38,102
328153,5900495421692,"Husa pentru Honor 90, OEM, Matt, Bleumarin ",OEM,3.99,0,https://www.gsmnet.ro/accesorii-telefoane-tablete-huse/husa-pentru-honor-90-oem-matt-bleumarin,https://img.gsmnet.ro/600x600/products/190268/husa-pentru-honor-90-8-1703073650.jpg,2026-08-05 02:33:14,188
328154,5903396263828,"Husa pentru Honor 90, OEM, Matt, Verde ",OEM,3.99,0,https://www.gsmnet.ro/accesorii-telefoane-tablete-huse/husa-pentru-honor-90-oem-matt-verde,https://img.gsmnet.ro/600x600/products/190269/husa-pentru-honor-90-1-1775481934.jpg,2026-07-21 02:44:07,248
328163,5903396041051,"Husa pentru Apple iPhone XS / X, OEM, 2mm, Transparenta ",OEM,10.99,0,https://www.gsmnet.ro/accesorii-telefoane-tablete-huse/husa-pentru-apple-iphone-xs-x-oem-2mm-transparenta,https://img.gsmnet.ro/600x600/products/190278/husa-pentru-apple-iphone-1-1702569123.jpg,2026-08-26 19:46:38,102
328172,5900495632371,"Husa pentru Honor Magic6 Lite / X50, OEM, Smart Magnetic, Neagra ",OEM,2.99,0,https://www.gsmnet.ro/accesorii-telefoane-tablete-huse/husa-pentru-honor-magic6-lite-x50-oem-smart-magnetic-neagra,https://img.gsmnet.ro/600x600/products/190287/husa-pentru-honor-x50-1-1701259663.jpg,2026-08-20 01:14:27,129
328194,6920680845804,"Incarcator Retea XO Design CE08, 50W, 3A, 2 x USB-C, Alb",XO Design,59.99,0,https://www.gsmnet.ro/accesorii-telefoane-tablete-incarcatoare/incarcator-retea-xo-design-ce08-50w-3a-2-x-usb-c-alb,https://img.gsmnet.ro/600x600/products/190309/incarcator-retea-xo-design-1-1701252626.jpg,2026-07-29 02:40:35,216
328295,6956116747169,"Incarcator Auto Joyroom JR-CCN02, 70W, 3A, 2 x USB-C, Negru ",Joyroom,40.99,0,https://www.gsmnet.ro/accesorii-telefoane-tablete-incarcatoare/incarcator-auto-joyroom-jr-ccn02-70w-3a-2-x-usb-c-negru,https://img.gsmnet.ro/600x600/products/190410/incarcator-auto-joyroom-jr-ccn02-7-1701269014.jpg,2026-08-25 01:16:01,109
328363,6920680844739,"Cablu Date si Incarcare USB-A - USB-C XO Design NB251, 18W, 1m, Negru ",XO Design,9.99,0,https://www.gsmnet.ro/accesorii-telefoane-tablete-cabluri-adaptori/cablu-date-incarcare-usb-a-usb-c-xo-design-nb251-18w-1m-negru,https://img.gsmnet.ro/600x600/products/190478/cablu-date-incarcare-1-1701944014.jpg,2026-08-22 01:14:09,121
328551,660982705982,"Camera Spate Samsung Galaxy A70 A705, cu banda, Service Pack GH96-12576A ",Samsung,29.99,0,https://www.gsmnet.ro/piese-componente-piese/camera-spate-samsung-galaxy-a70-a705-cu-banda-service-pack-gh96-12576a,https://img.gsmnet.ro/600x600/products/190666/camera-spate-samsung-galaxy-1-1708519132.jpg,2026-09-02 03:15:17,83
328584,9319456608595,"Husa pentru Xiaomi Poco C65 / Redmi 13C, Tech-Protect, Flexair+, Transparenta ",Tech-Protect,12.99,0,https://www.gsmnet.ro/accesorii-telefoane-tablete-huse/husa-pentru-xiaomi-poco-c65-redmi-13c-tech-protect-flexair-plus-transparenta,https://img.gsmnet.ro/600x600/products/190699/husa-pentru-xiaomi-poco-1-1702978338.jpg,2026-08-26 19:46:38,102
328608,6920680829774,"Suport XO Design C102 pentru Laptop max.17inch, Alb ",XO Design,28.99,0,https://www.gsmnet.ro/accesorii-pc-laptop-suporturi-coolere/suport-xo-design-c102-pentru-laptop-max-17inch-alb,https://img.gsmnet.ro/600x600/products/190723/suport-xo-design-c102-2-1703066114.jpg,2026-08-11 01:46:05,165
328674,5907457710931,"Folie de protectie Ecran Matte OEM pentru Honor X7a, Sticla Securizata, Full Glue, 2.5D",OEM,2.99,0,https://www.gsmnet.ro/accesorii-telefoane-tablete-folii-protectie/folie-de-protectie-ecran-matte-oem-pentru-honor-x7a-sticla-securizata-full-glue-2-5d,https://img.gsmnet.ro/600x600/products/190789/folie-de-protectie-ecran-1-1703068853.jpg,2026-08-28 21:46:21,98
328711,660982703940,"Display cu Touchscreen Honor 70, cu Rama si Acumulator, Verde (Emerald Green), Service Pack 0235ACMH ",Honor,569.99,0,https://www.gsmnet.ro/piese-componente-display-cu-touchscreen/display-cu-touchscreen-honor-70-cu-rama-acumulator-verde-emerald-green-service-pack-0235acmh,https://img.gsmnet.ro/600x600/products/190826/display-cu-touchscreen-honor-1-1714390859.jpg,2026-09-22 03:40:20,4
328821,641956268627,"Placa cu Conector Incarcare - Microfon - Modul Cititor SIM Xiaomi 11T Pro, Service Pack 5600010K3S00 ",Xiaomi,54.99,0,https://www.gsmnet.ro/piese-componente-conectori-incarcare/placa-cu-conector-incarcare-microfon-modul-cititor-sim-xiaomi-11t-pro-service-pack-5600010k3s00,https://img.gsmnet.ro/600x600/products/190937/placa-cu-conector-incarcare-1-1710232820.jpg,2026-07-28 02:34:33,220
329080,5907457715134,"Husa pentru Oppo A58 4G, OEM, Anti Shock, Transparenta ",OEM,2.99,0,https://www.gsmnet.ro/accesorii-telefoane-tablete-huse/husa-pentru-oppo-a58-4g-oem-anti-shock-transparenta,https://img.gsmnet.ro/600x600/products/191197/husa-pentru-oppo-a58-1-1707311027.jpeg,2026-08-15 01:14:41,149
329457,5904643042869,"Husa pentru Samsung Galaxy A15 5G A156 / A15 A155, OEM, Tint, Neagra ",OEM,13.99,0,https://www.gsmnet.ro/accesorii-telefoane-tablete-huse/husa-pentru-samsung-galaxy-a15-5g-a156-a15-a155-oem-tint-neagra,https://img.gsmnet.ro/600x600/products/191574/husa-pentru-samsung-galaxy-1-1707309576.jpg,2026-08-08 01:40:23,177
329509,6920680833832,"Handsfree Bluetooth XO Design X23, TWS, Alb ",XO Design,36.99,0,https://www.gsmnet.ro/wearables-audio-inclusiv-tws/handsfree-bluetooth-xo-design-x23-tws-alb,https://img.gsmnet.ro/600x600/products/191626/handsfree-bluetooth-xo-design-1-1705937411.jpg,2026-08-11 01:46:05,165
329511,6920680851799,"Handsfree Bluetooth XO Design BE41, A2DP, ANC, Alb ",XO Design,65.99,0,https://www.gsmnet.ro/accesorii-telefoane-tablete-casti-audio/handsfree-bluetooth-xo-design-be41-a2dp-anc-alb,https://img.gsmnet.ro/600x600/products/191628/handsfree-bluetooth-xo-design-4-1705657248.jpg,2026-07-17 02:41:26,264
329518,3801046057082,Compresor Auto XO Design CZ012 ,XO Design,139.99,0,https://www.gsmnet.ro/gadgeturi-accesorii-auto/compresor-auto-xo-design-cz012,https://img.gsmnet.ro/600x600/products/191635/compresor-auto-xo-design-1-1705938615.jpg,2026-08-11 01:46:05,165
329565,660982715431,"Suruburi Apple iPhone 11 Pro Max, Argintii ",Aftermarket,9.99,0,https://www.gsmnet.ro/piese-componente-suruburi-adezivi/suruburi-apple-iphone-11-pro-max-argintii,https://img.gsmnet.ro/600x600/products/191682/suruburi-apple-iphone-11-1-1709195608.jpg,2026-07-25 02:41:21,232
329573,660982713499,"Geam Camera Spate Samsung Galaxy A23 5G A236 / A23 A235, Blitz + Depth + Macro + UltraWide + Wide, Negru ",Aftermarket,1.99,0,https://www.gsmnet.ro/piese-componente-componente-carcasa/geam-camera-spate-samsung-galaxy-a23-5g-a236-a23-a235-blitz-plus-depth-plus-macro-plus-ultrawide-plus-wide-negru,https://img.gsmnet.ro/600x600/products/191690/geam-camera-spate-samsung-1-1709733118.jpg,2026-09-12 03:28:29,43
329804,5907457723061,"Folie de protectie Ecran Matte OEM pentru Samsung Galaxy A35 5G A356, Sticla Securizata, Full Glue, 6D, Neagra ",OEM,7.99,0,https://www.gsmnet.ro/accesorii-telefoane-tablete-folii-protectie/folie-de-protectie-ecran-matte-oem-pentru-samsung-galaxy-a35-5g-a356-sticla-securizata-full-glue-6d-neagra,https://img.gsmnet.ro/600x600/products/191922/folie-de-protectie-ecran-3-1709547798.jpg,2026-07-17 02:41:26,264
329864,6920680851423,"Adaptor Video XO Design GB014, HDMI - VGA, Gri ",XO Design,21.99,0,https://www.gsmnet.ro/accesorii-pc-laptop-accesorii-audio-video/adaptor-video-xo-design-gb014-hdmi-vga-gri,https://img.gsmnet.ro/600x600/products/191982/adaptor-video-xo-design-2-1706795986.jpg,2026-08-11 01:46:05,165
329867,6920680851447,"Adaptor Video XO Design GB016, DisplayPort - VGA, Gri ",XO Design,28.99,0,https://www.gsmnet.ro/accesorii-pc-laptop-accesorii-audio-video/adaptor-video-xo-design-gb016-displayport-vga-gri,https://img.gsmnet.ro/600x600/products/191985/adaptor-video-xo-design-4-1706867304.jpg,2026-08-11 01:46:05,165
330086,5906203691364,"Folie de protectie Ecran HOFI PRO+ pentru Lenovo Tab M11, Sticla Securizata, Full Glue ",HOFI,31.99,0,https://www.gsmnet.ro/accesorii-telefoane-tablete-folii-protectie/folie-de-protectie-ecran-hofi-pro-plus-pentru-lenovo-tab-m11-sticla-securizata-full-glue,https://img.gsmnet.ro/600x600/products/192209/folie-de-protectie-ecran-2-1707123313.jpg,2026-08-26 19:46:38,102
330119,660982704060,"Display cu Touchscreen Huawei nova Y90, cu Rama si Acumulator, Verde (Emerald Green), Service Pack 02355ARG ",Huawei,159.99,0,https://www.gsmnet.ro/piese-componente-display-cu-touchscreen/display-cu-touchscreen-huawei-nova-y90-cu-rama-acumulator-verde-emerald-green-service-pack-02355arg,https://img.gsmnet.ro/600x600/products/192243/display-cu-touchscreen-huawei-1-1710333793.jpg,2026-08-05 02:33:14,188
330174,5907489605182,Transmitator / Receptor Bluetooth BlitzWolf BW-BL2 ,BlitzWolf,55.99,0,https://www.gsmnet.ro/gadgeturi-accesorii-auto/transmitator-receptor-bluetooth-blitzwolf-bw-bl2,https://img.gsmnet.ro/600x600/products/192298/transmitator-receptor-bluetooth-1-1773751589.jpg,2026-08-20 01:14:27,129
330247,5903396263071,"Husa pentru Xiaomi Poco C65 / Redmi 13C, OEM, Soft, Rosie ",OEM,5.99,0,https://www.gsmnet.ro/accesorii-telefoane-tablete-huse/husa-pentru-xiaomi-poco-c65-redmi-13c-oem-soft-rosie,https://img.gsmnet.ro/600x600/products/192371/husa-pentru-xiaomi-redmi-1-1707994051.jpg,2026-08-11 01:46:05,165
330276,6941812766392,"Camera de Supraveghere Xiaomi Smart Camera C500 Pro, Wi-Fi, 3K, Interior BHR8088GL",Xiaomi,289.99,0,https://www.gsmnet.ro/gadgeturi-smart-home/camera-de-supraveghere-xiaomi-smart-camera-c500-pro-wi-fi-3k-interior-bhr8088gl,https://img.gsmnet.ro/600x600/products/192400/camera-de-supraveghere-xiaomi-6-1708004518.jpg,2026-08-11 01:46:05,165
330277,6941812767603,"Camera de Supraveghere Xiaomi CW300, Wi-Fi, 2.5K, Exterior BHR8097EU",Xiaomi,234.99,0,https://www.gsmnet.ro/gadgeturi-smart-home/camera-de-supraveghere-xiaomi-cw300-wi-fi-2-5k-exterior-bhr8097eu,https://img.gsmnet.ro/600x600/products/192401/camera-de-supraveghere-xiaomi-6-1708003258.jpg,2026-09-12 03:28:29,43
330420,5907457726413,"Husa pentru Samsung Galaxy A25 A256, OEM, Matt, Neagra ",OEM,6.99,0,https://www.gsmnet.ro/accesorii-telefoane-tablete-huse/husa-pentru-samsung-galaxy-a25-a256-oem-matt-neagra,https://img.gsmnet.ro/600x600/products/192544/husa-pentru-samsung-galaxy-1-1715252359.jpg,2026-09-05 03:18:50,71
330437,660982716018,"Suport SIM - Card Samsung Galaxy S20 FE 5G G781, Verde",Aftermarket,6.99,0,https://www.gsmnet.ro/piese-componente-componente-carcasa/suport-sim-card-samsung-galaxy-s20-fe-5g-g781-verde,https://img.gsmnet.ro/600x600/products/192561/suport-sim-card-1-1710161709.jpg,2026-07-28 02:34:33,220
330473,5907457715318,"Husa pentru Xiaomi Poco C65 / Redmi 13C, OEM, Silicone, Bleumarin ",OEM,5.99,0,https://www.gsmnet.ro/accesorii-telefoane-tablete-huse/husa-pentru-xiaomi-poco-c65-redmi-13c-oem-silicone-bleumarin,https://img.gsmnet.ro/600x600/products/192597/husa-pentru-xiaomi-redmi-1-1708938595.jpg,2026-08-05 02:33:14,188
330578,6932172642631,"Folie de protectie Ecran Privacy Baseus Diamond pentru Apple iPhone 15 Pro, Sticla Securizata, Full Glue P60057405203-01 ",Baseus,28.99,0,https://www.gsmnet.ro/accesorii-telefoane-tablete-folii-protectie/folie-de-protectie-ecran-privacy-baseus-diamond-pentru-apple-iphone-15-pro-sticla-securizata-full-glue-p60057405203-01,https://img.gsmnet.ro/600x600/products/192702/folie-de-protectie-ecran-3-1710426068.jpg,2026-07-17 02:41:26,264
330597,5903396272585,"Husa pentru Honor 100 Pro, OEM, Box Premium 1.5mm, Neagra ",OEM,1.99,0,https://www.gsmnet.ro/accesorii-telefoane-tablete-huse/husa-pentru-honor-100-pro-oem-box-premium-1-5mm-neagra,https://img.gsmnet.ro/600x600/products/192721/husa-pentru-honor-100-1-1709032737.jpg,2026-07-29 02:40:35,216
330686,6920680830688,"Incarcator Retea XO Design L102, 35W, 3A, 2 x USB-C, Alb ",XO Design,27.99,0,https://www.gsmnet.ro/accesorii-telefoane-tablete-incarcatoare/incarcator-retea-xo-design-l102-35w-3a-2-x-usb-c-alb,https://img.gsmnet.ro/600x600/products/192810/incarcator-retea-xo-design-1-1710431009.jpg,2026-07-17 02:41:26,264
330689,6920680833009,"Incarcator Retea XO Design L105, 35W, 3A, 2 x USB-C, Alb ",XO Design,27.99,0,https://www.gsmnet.ro/accesorii-telefoane-tablete-incarcatoare/incarcator-retea-xo-design-l105-35w-3a-2-x-usb-c-alb,https://img.gsmnet.ro/600x600/products/192813/incarcator-retea-xo-design-2-1710491987.jpg,2026-08-07 00:01:02,181
330803,5907457723757,"Husa pentru Samsung Galaxy A15 5G A156 / A15 A155, OEM, Finger Grip, Neagra ",OEM,9.99,0,https://www.gsmnet.ro/accesorii-telefoane-tablete-huse/husa-pentru-samsung-galaxy-a15-5g-a156-a15-a155-oem-finger-grip-neagra,https://img.gsmnet.ro/600x600/products/192927/husa-pentru-samsung-galaxy-1-1709820890.jpg,2026-07-21 02:44:07,248
330841,6932172606183,"Hub USB Baseus Lite, 4 x USB-A 3.0 - 1 x USB-C, 0.25m, Negru WKQX030001",Baseus,53.99,0,https://www.gsmnet.ro/accesorii-pc-laptop-hub-uri/hub-usb-baseus-lite-4-x-usb-a-3-0-1-x-usb-c-0-25m-negru-wkqx030001,https://img.gsmnet.ro/600x600/products/192965/hub-usb-baseus-lite-5-1710174055.jpg,2026-08-07 00:01:02,181
330947,5903108540957,"Husa pentru Samsung Galaxy A15 5G A156 / A15 A155, 3MK, Neagra Mata",3MK,15.99,0,https://www.gsmnet.ro/accesorii-telefoane-tablete-huse/husa-pentru-samsung-galaxy-a15-5g-a156-a15-a155-3mk-neagra-mata,https://img.gsmnet.ro/600x600/products/193071/husa-pentru-samsung-galaxy-2-1738248302.jpg,2026-07-24 02:42:57,236
331034,5903396284786,"Folie de protectie Ecran Privacy Blueo pentru Samsung Galaxy S24 Ultra S928, Sticla Securizata, Full Glue, 5D",Blueo,52.99,0,https://www.gsmnet.ro/accesorii-telefoane-tablete-folii-protectie/folie-de-protectie-ecran-privacy-blueo-pentru-samsung-galaxy-s24-ultra-s928-sticla-securizata-full-glue-5d,https://img.gsmnet.ro/600x600/products/193158/folie-de-protectie-ecran-1-1710755139.jpg,2026-07-24 02:42:57,236
331145,5907457732384,"Husa pentru Samsung Galaxy A35 5G A356, OEM, Metallic, Aurie ",OEM,3.99,0,https://www.gsmnet.ro/accesorii-telefoane-tablete-huse/husa-pentru-samsung-galaxy-a35-5g-a356-oem-metallic-aurie,https://img.gsmnet.ro/600x600/products/193269/husa-pentru-samsung-galaxy-1-1711114983.jpg,2026-08-28 21:46:21,98
331159,5907457729148,"Husa pentru Samsung Galaxy A25 A256, OEM, Smart Caro, Bej ",OEM,12.99,0,https://www.gsmnet.ro/accesorii-telefoane-tablete-huse/husa-pentru-samsung-galaxy-a25-a256-oem-smart-caro-bej,https://img.gsmnet.ro/600x600/products/193283/husa-pentru-samsung-galaxy-1-1711111972.jpg,2026-07-21 02:44:07,248
331166,5907457723368,"Husa pentru Samsung Galaxy A25 A256, OEM, Glitter, Aurie ",OEM,2.99,0,https://www.gsmnet.ro/accesorii-telefoane-tablete-huse/husa-pentru-samsung-galaxy-a25-a256-oem-glitter-aurie,https://img.gsmnet.ro/600x600/products/193290/husa-pentru-samsung-galaxy-1-1711111137.jpg,2026-08-15 01:14:41,149
331261,660982703599,"Placa cu Conector Incarcare - Microfon Xiaomi Mi A3, Service Pack 5600020F9S00 ",Xiaomi,21.99,0,https://www.gsmnet.ro/piese-componente-conectori-incarcare/placa-cu-conector-incarcare-microfon-xiaomi-mi-a3-service-pack-5600020f9s00,https://img.gsmnet.ro/600x600/products/193385/placa-cu-conector-incarcare-2-1712673437.jpg,2026-07-28 02:34:33,220
331326,9319456604504,"Folie de protectie Camera Spate HOFI CamRing PRO+ pentru Apple iPhone 15 Pro Max / 15 Pro, Sticla Securizata, Neagra",HOFI,16.99,0,https://www.gsmnet.ro/accesorii-telefoane-tablete-folii-protectie/folie-de-protectie-camera-spate-hofi-camring-pro-plus-pentru-apple-iphone-15-pro-max-15-pro-sticla-securizata-neagra,https://img.gsmnet.ro/600x600/products/193450/folie-de-protectie-camera-2-1711533955.jpg,2026-07-21 02:44:07,248
331337,660982714939,"Carcasa Mijloc Samsung Galaxy A25 A256, Neagra ",Aftermarket,9.99,0,https://www.gsmnet.ro/piese-componente-componente-carcasa/carcasa-mijloc-samsung-galaxy-a25-a256-neagra,https://img.gsmnet.ro/600x600/products/193461/carcasa-mijloc-samsung-galaxy-1-1714052439.jpg,2026-08-14 01:58:28,153
331359,660982734210,"Suport SIM - Card Motorola Moto G34, Negru",Aftermarket,8.99,0,https://www.gsmnet.ro/piese-componente-componente-carcasa/suport-sim-card-motorola-moto-g34-negru,https://img.gsmnet.ro/600x600/products/193483/suport-sim-card-1-1713447142.jpg,2026-08-15 01:14:41,149
331393,660982734227,"Suport SIM - Card Motorola Moto G84, Bleumarin (Midnight Blue) ",Aftermarket,2.99,0,https://www.gsmnet.ro/piese-componente-componente-carcasa/suport-sim-card-motorola-moto-g84-bleumarin-midnight-blue,https://img.gsmnet.ro/600x600/products/193517/suport-sim-card-1-1713447025.jpg,2026-07-25 02:41:21,232
331403,5906203691005,"Handsfree Bluetooth Tech-Protect Ultraboost Pro, TWS, Negru",Tech-Protect,58.99,0,https://www.gsmnet.ro/wearables-audio-inclusiv-tws/handsfree-bluetooth-tech-protect-ultraboost-pro-tws-negru,https://img.gsmnet.ro/600x600/products/193527/handsfree-bluetooth-tech-protect-ultraboost-4-1711629713.jpg,2026-07-23 02:47:09,240
331429,6932172634100,"Cablu Date si Incarcare USB-A - USB-C Baseus Pudding, 100W, 2m, Negru P10355703111-01 ",Baseus,19.99,0,https://www.gsmnet.ro/accesorii-telefoane-tablete-cabluri-adaptori/cablu-date-incarcare-usb-a-usb-c-baseus-pudding-100w-2m-negru-p10355703111-01,https://img.gsmnet.ro/600x600/products/193553/cablu-date-incarcare-1-1712057688.jpg,2026-07-24 02:42:57,236
331442,6953156215382,"Incarcator Auto Baseus Digital Display, 24W, 2.4A, 2 x USB-A, Argintiu CCBX-0S ",Baseus,29.99,0,https://www.gsmnet.ro/accesorii-telefoane-tablete-incarcatoare/incarcator-auto-baseus-digital-display-24w-2-4a-2-x-usb-a-argintiu-ccbx-0s,https://img.gsmnet.ro/600x600/products/193567/incarcator-auto-baseus-digital-3-1712058709.jpg,2026-08-07 00:01:02,181
331480,5900217150978,"Folie de protectie Ecran Anti Blue Light OEM pentru Samsung Galaxy A14 A145 / A14 5G A146, Sticla Securizata, Full Glue, Neagra",OEM,8.99,0,https://www.gsmnet.ro/accesorii-telefoane-tablete-folii-protectie/folie-de-protectie-ecran-anti-blue-light-oem-pentru-samsung-galaxy-a14-a145-a14-5g-a146-sticla-securizata-full-glue-neagra,https://img.gsmnet.ro/600x600/products/193605/folie-de-protectie-ecran-1-1712309483.jpeg,2026-09-08 03:24:25,59
331554,6953156284258,"Hub USB-C Baseus AirJoy, 1 x USB-A 3.0 - 3 x USB-A, Negru CAHUB-G01",Baseus,42.99,0,https://www.gsmnet.ro/accesorii-pc-laptop-hub-uri/hub-usb-c-baseus-airjoy-1-x-usb-a-3-0-3-x-usb-a-negru-cahub-g01,https://img.gsmnet.ro/600x600/products/193679/hub-usb-c-baseus-airjoy-1-1712925512.jpg,2026-08-07 00:01:02,181
331562,5900217289883,"Husa pentru Samsung Galaxy A15 5G A156, Wonder, Prime, Neagra ",Wonder,20.99,0,https://www.gsmnet.ro/accesorii-telefoane-tablete-huse/husa-pentru-samsung-galaxy-a15-5g-a156-wonder-prime-neagra,https://img.gsmnet.ro/600x600/products/193687/husa-pentru-samsung-galaxy-1-1721223421.jpeg,2026-09-08 03:24:25,59
331780,5907457744202,"Husa pentru Xiaomi Redmi A3, OEM, Slim, Transparenta ",OEM,2.99,0,https://www.gsmnet.ro/accesorii-telefoane-tablete-huse/husa-pentru-xiaomi-redmi-a3-oem-slim-transparenta,https://img.gsmnet.ro/600x600/products/193905/husa-pentru-xiaomi-redmi-1-1714117971.jpg,2026-09-16 03:41:35,27
331789,5900495632531,"Husa pentru Samsung Galaxy A05s A057, OEM, Silicone, Neagra ",OEM,5.99,0,https://www.gsmnet.ro/accesorii-telefoane-tablete-huse/husa-pentru-samsung-galaxy-a05s-a057-oem-silicone-neagra,https://img.gsmnet.ro/600x600/products/193914/husa-pentru-samsung-galaxy-1-1714116421.jpg,2026-08-15 01:14:41,149
331806,5904643045556,"Husa pentru Samsung Galaxy A05s A057, OEM, Smart Magnet, Rosie ",OEM,14.99,0,https://www.gsmnet.ro/accesorii-telefoane-tablete-huse/husa-pentru-samsung-galaxy-a05s-a057-oem-smart-magnet-rosie,https://img.gsmnet.ro/600x600/products/193931/husa-pentru-samsung-galaxy-3-1715152332.jpg,2026-09-09 03:28:00,55
331813,5904643047598,"Folie de protectie Ecran OEM pentru Samsung Galaxy A25 A256, Sticla Securizata, Full Glue, 21D, Neagra ",OEM,7.99,0,https://www.gsmnet.ro/accesorii-telefoane-tablete-folii-protectie/folie-de-protectie-ecran-oem-pentru-samsung-galaxy-a25-a256-sticla-securizata-full-glue-21d-neagra,https://img.gsmnet.ro/600x600/products/193938/folie-de-protectie-ecran-1-1715174387.jpg,2026-07-17 02:41:26,264
331847,5907457744486,"Husa pentru Xiaomi 14 Ultra, OEM, Antisoc 1.5mm, Transparenta ",OEM,2.99,0,https://www.gsmnet.ro/accesorii-telefoane-tablete-huse/husa-pentru-xiaomi-14-ultra-oem-antisoc-1-5mm-transparenta,https://img.gsmnet.ro/600x600/products/193972/husa-pentru-xiaomi-14-1-1715239303.jpg,2026-08-15 01:14:41,149
331850,5907457744318,"Husa pentru Xiaomi Redmi A3, OEM, Antisoc 1.5mm, Transparenta ",OEM,2.99,0,https://www.gsmnet.ro/accesorii-telefoane-tablete-huse/husa-pentru-xiaomi-redmi-a3-oem-antisoc-1-5mm-transparenta,https://img.gsmnet.ro/600x600/products/193975/husa-pentru-xiaomi-redmi-1-1715239309.jpg,2026-08-15 01:14:41,149
331855,6920680853809,"Cablu Incarcare USB-C - Lightning / USB-C XO Design NB-Q262 2in1, 100W, 1.2m, Bej",XO Design,19.99,0,https://www.gsmnet.ro/accesorii-telefoane-tablete-cabluri-adaptori/cablu-incarcare-usb-c-lightning-usb-c-xo-design-nb-q262-2in1-100w-1-2m-bej,https://img.gsmnet.ro/600x600/products/193980/cablu-incarcare-usb-c-2-1715241161.jpg,2026-08-26 19:46:38,102
331856,5900495081087,"Incarcator Retea MaXlife MXTC-07-45AC, 45W, 3A, 1 x USB-A - 1 x USB-C, Alb",MaXlife,39.99,0,https://www.gsmnet.ro/accesorii-telefoane-tablete-incarcatoare/incarcator-retea-maxlife-mxtc-07-45ac-45w-3a-1-x-usb-a-1-x-usb-c-alb,https://img.gsmnet.ro/600x600/products/193981/incarcator-retea-maxlife-mxtc-07-45ac-1-1715238966.jpg,2026-08-08 01:40:23,177
331879,6976195094619,"Handsfree Bluetooth WiWu TD-02, A2DP, Alb ",WiWu,59.99,0,https://www.gsmnet.ro/accesorii-telefoane-tablete-casti-audio/handsfree-bluetooth-wiwu-td-02-a2dp-alb,https://img.gsmnet.ro/600x600/products/194004/handsfree-bluetooth-wiwu-td-02-3-1715239595.png,2026-08-11 01:46:05,165
331884,641956264537,"Acumulator Oppo F25 Pro / Reno11 F, BLPA41, Service Pack 621035000076 ",Oppo,119.99,0,https://www.gsmnet.ro/piese-componente-acumulatori/acumulator-oppo-f25-pro-reno11-f-blpa41-service-pack-621035000076,https://img.gsmnet.ro/600x600/products/194009/acumulator-oppo-f25-pro-1-1733929396.jpg,2026-08-22 01:14:09,121
331924,6971085313481,"Camera de Supraveghere iMILAB EC6, Wi-Fi, 3K, IP66, Exterior CMSXJ65A ",iMILAB,294.99,0,https://www.gsmnet.ro/gadgeturi-smart-home/camera-de-supraveghere-imilab-ec6-wi-fi-3k-ip66-exterior-cmsxj65a,https://img.gsmnet.ro/600x600/products/194049/camera-de-supraveghere-imilab-1-1715338422.jpg,2026-09-11 03:23:04,47
331926,6941812775004,"Camera de Supraveghere Xiaomi BW300, Wi-Fi, 2K, IP67, Exterior BHR8303GL ",Xiaomi,254.99,0,https://www.gsmnet.ro/gadgeturi-smart-home/camera-de-supraveghere-xiaomi-bw300-wi-fi-2k-ip67-exterior-bhr8303gl,https://img.gsmnet.ro/600x600/products/194051/camera-de-supraveghere-xiaomi-3-1715585241.jpg,2026-09-10 03:25:55,51
331934,5907457759817,"Folie de protectie Ecran Privacy OEM pentru Samsung Galaxy A35 5G A356, Sticla Securizata, Full Glue ",OEM,6.99,0,https://www.gsmnet.ro/accesorii-telefoane-tablete-folii-protectie/folie-de-protectie-ecran-privacy-oem-pentru-samsung-galaxy-a35-5g-a356-sticla-securizata-full-glue,https://img.gsmnet.ro/600x600/products/194059/folie-de-protectie-ecran-1-1715776141.jpg,2026-07-21 02:44:07,248
331935,5907457757677,"Folie de protectie Ecran Privacy OEM pentru Realme 12, Sticla Securizata, Full Glue ",OEM,7.99,0,https://www.gsmnet.ro/accesorii-telefoane-tablete-folii-protectie/folie-de-protectie-ecran-privacy-oem-pentru-realme-12-sticla-securizata-full-glue,https://img.gsmnet.ro/600x600/products/194060/folie-de-protectie-ecran-3-1715773919.jpg,2026-08-28 21:46:21,98
331938,5907457754676,"Folie de protectie Ecran Privacy OEM pentru Xiaomi Redmi A3, Sticla Securizata, Full Glue ",OEM,5.3,0,https://www.gsmnet.ro/accesorii-telefoane-tablete-folii-protectie/folie-de-protectie-ecran-privacy-oem-pentru-xiaomi-redmi-a3-sticla-securizata-full-glue,https://img.gsmnet.ro/600x600/products/194063/folie-de-protectie-ecran-1-1715776905.jpg,2026-09-08 03:24:25,59
331945,5907457754799,"Husa pentru Realme 12 Pro / 12 Pro+, OEM, Slim, Transparenta ",OEM,2.99,0,https://www.gsmnet.ro/accesorii-telefoane-tablete-huse/husa-pentru-realme-12-pro-12-pro-plus-oem-slim-transparenta,https://img.gsmnet.ro/600x600/products/194070/husa-pentru-realme-12-1-1715604158.jpg,2026-07-21 02:44:07,248
331960,5907457754423,"Husa pentru Samsung Galaxy A54 A546, OEM, Carbon Black, Neagra ",OEM,8.99,0,https://www.gsmnet.ro/accesorii-telefoane-tablete-huse/husa-pentru-samsung-galaxy-a54-a546-oem-carbon-black-neagra,https://img.gsmnet.ro/600x600/products/194085/husa-pentru-samsung-galaxy-1-1715603836.jpg,2026-07-21 02:44:07,248
332005,5903396248276,"Folie de protectie Ecran Veason PRO pentru Apple iPhone 15 Pro, Sticla Securizata, Full Glue, 6D, Neagra ",Veason ,14.99,0,https://www.gsmnet.ro/accesorii-telefoane-tablete-folii-protectie/folie-de-protectie-ecran-veason-pro-pentru-apple-iphone-15-pro-sticla-securizata-full-glue-6d-neagra,https://img.gsmnet.ro/600x600/products/194130/folie-de-protectie-ecran-1-1715681565.jpg,2026-07-23 02:47:09,240
332077,5901764325307,"Diluant AG Termopasty PVB 60, 500ml ART.AGT-239",AG Termopasty,39.99,0,https://www.gsmnet.ro/aparatura-instrumente-service-piese-schimb-consumabile/diluant-ag-termopasty-pvb-60-500ml-art-agt-239,https://img.gsmnet.ro/600x600/products/194202/diluant-termopasty-pvb-60-1-1716383332.png,2026-08-07 00:01:02,181
332080,5901764325260,"Spray Curatare AG Termopasty Kontakt PCB Plus, 400ml ART.AGT-238",AG Termopasty,31.99,0,https://www.gsmnet.ro/aparatura-instrumente-service-piese-schimb-consumabile/spray-curatare-ag-termopasty-kontakt-pcb-plus-400ml-art-agt-238,https://img.gsmnet.ro/600x600/products/194205/spray-curatare-termopasty-kontakt-2-1716383870.png,2026-08-07 00:01:02,181
332112,4713218461162,"Solid State Drive (SSD) Adata SU650, 240GB, 2.5inch, SATA III ASU650SS-240GT-R ",Adata,249.99,0,https://www.gsmnet.ro/accesorii-pc-laptop-solutii-stocare/solid-state-drive-ssd-adata-su650-240gb-2-5inch-sata-iii-asu650ss-240gt-r,https://img.gsmnet.ro/600x600/products/194237/solid-state-drive-ssd-1-1716200239.jpg,2026-09-02 03:15:17,83
332118,660982704244,"Display cu Touchscreen Motorola ThinkPhone, cu Rama, Negru (Carbon Black), Service Pack 5D68C22243 ",Motorola,339.99,0,https://www.gsmnet.ro/piese-componente-display-cu-touchscreen/display-cu-touchscreen-motorola-thinkphone-cu-rama-negru-carbon-black-service-pack-5d68c22243,https://img.gsmnet.ro/600x600/products/194243/display-cu-touchscreen-motorola-1-1736324409.jpg,2026-08-04 02:33:52,192
332122,660982724204,"Acumulator Motorola Edge 30 Pro, NA50, Service Pack SB18D28323 ",Motorola,89.99,0,https://www.gsmnet.ro/piese-componente-acumulatori/acumulator-motorola-edge-30-pro-na50-service-pack-sb18d28323,https://img.gsmnet.ro/600x600/products/194247/acumulator-motorola-edge-30-1-1739789737.jpg,2026-08-04 02:33:52,192
332123,660982704138,"Display cu Touchscreen Motorola Edge 30, cu Rama, Verde (Aurora Green), Service Pack 5D68C20585 ",Motorola,299.99,0,https://www.gsmnet.ro/piese-componente-display-cu-touchscreen/display-cu-touchscreen-motorola-edge-30-cu-rama-verde-aurora-green-service-pack-5d68c20585,https://img.gsmnet.ro/600x600/products/194248/display-cu-touchscreen-motorola-1-1733128595.jpg,2026-08-22 01:14:09,121
332174,5903396285332,"Husa pentru Honor X8b, OEM, Ultra Slim, 0.5mm, Transparenta ",OEM,2.99,0,https://www.gsmnet.ro/accesorii-telefoane-tablete-huse/husa-pentru-honor-x8b-oem-ultra-slim-0-5mm-transparenta,https://img.gsmnet.ro/600x600/products/194299/husa-pentru-honor-x8b-1-1716303331.jpg,2026-08-15 01:14:41,149
332216,6932172605872,"Cablu Date si Incarcare USB-A - Lightning Baseus Dynamic Series, 18W, 1m, Gri CALD000416",Baseus,15.99,0,https://www.gsmnet.ro/accesorii-telefoane-tablete-cabluri-adaptori/cablu-date-incarcare-usb-a-lightning-baseus-dynamic-series-18w-1m-gri-cald000416,https://img.gsmnet.ro/600x600/products/194341/cablu-date-incarcare-1-1716301930.jpg,2026-08-07 00:01:02,181
332222,660982717749,"Capac Baterie Xiaomi Redmi Note 12 Pro 4G, Alb (Polar White), Service Pack 5600060K6A00",Xiaomi,69.99,0,https://www.gsmnet.ro/piese-componente-capace-baterie/capac-baterie-xiaomi-redmi-note-12-pro-4g-alb-polar-white-service-pack-5600060k6a00,https://img.gsmnet.ro/600x600/products/194347/capac-baterie-xiaomi-redmi-1-1716891754.jpg,2026-07-29 02:40:35,216
332225,641956264124,"Adeziv Capac Baterie Xiaomi Redmi Note 9S / Note 9 Pro / Note 9 Pro Max, Service Pack 320200003F4U ",Xiaomi,12.99,0,https://www.gsmnet.ro/piese-componente-suruburi-adezivi/adeziv-capac-baterie-xiaomi-redmi-note-9s-note-9-pro-note-9-pro-max-service-pack-320200003f4u,https://img.gsmnet.ro/600x600/products/194350/adeziv-capac-baterie-xiaomi-1-1717061539.jpg,2026-07-28 02:34:33,220
332229,660982703667,"Placa cu Conector Incarcare - Microfon Xiaomi Redmi Note 10 5G, Service Pack 5600010K1900 ",Xiaomi,33.99,0,https://www.gsmnet.ro/piese-componente-conectori-incarcare/placa-cu-conector-incarcare-microfon-xiaomi-redmi-note-10-5g-service-pack-5600010k1900,https://img.gsmnet.ro/600x600/products/194354/placa-cu-conector-incarcare-1-1717054613.jpg,2026-07-28 02:34:33,220
332258,5907457762862,"Husa pentru Samsung Galaxy S24+ S926, OEM, Field, Multicolor ",OEM,10.99,0,https://www.gsmnet.ro/accesorii-telefoane-tablete-huse/husa-pentru-samsung-galaxy-s24-plus-s926-oem-field-multicolor,https://img.gsmnet.ro/600x600/products/194383/husa-pentru-samsung-galaxy-1-1716881621.jpg,2026-09-08 03:24:25,59
332323,660982734326,Antena NFC - Buton Microcontact On-Off - Volum - Profil - Modul incarcare Wireless Apple iPhone 13 Pro ,Aftermarket,29.99,0,https://www.gsmnet.ro/piese-componente-piese/antena-nfc-buton-microcontact-on-off-volum-profil-modul-incarcare-wireless-apple-iphone-13-pro,https://img.gsmnet.ro/600x600/products/194448/antena-nfc-buton-1-1718623178.jpg,2026-07-28 02:34:33,220
332324,660982734333,Antena NFC - Buton Microcontact On-Off - Volum - Profil - Modul incarcare Wireless Apple iPhone 13 Pro Max ,Aftermarket,29.99,0,https://www.gsmnet.ro/piese-componente-piese/antena-nfc-buton-microcontact-on-off-volum-profil-modul-incarcare-wireless-apple-iphone-13-pro-max,https://img.gsmnet.ro/600x600/products/194449/antena-nfc-buton-1-1718627574.jpg,2026-07-28 02:34:33,220
332344,660982734364,"Banda cu Conector Incarcare - Microfon Apple iPhone 14 Plus, Negru ",Aftermarket,27.99,0,https://www.gsmnet.ro/piese-componente-conectori-incarcare/banda-cu-conector-incarcare-microfon-apple-iphone-14-plus-negru,https://img.gsmnet.ro/600x600/products/194469/banda-cu-conector-incarcare-1-1718717931.jpg,2026-09-12 03:28:29,43
332382,5902280634768,"Folie de protectie Ecran OEM pentru Apple iPhone 12 Pro Max, Sticla Securizata, Full Glue, 21D, Neagra ",OEM,7.99,0,https://www.gsmnet.ro/accesorii-telefoane-tablete-folii-protectie/folie-de-protectie-ecran-oem-pentru-apple-iphone-12-pro-max-sticla-securizata-full-glue-21d-neagra,https://img.gsmnet.ro/600x600/products/194507/folie-de-protectie-ecran-1-1717402916.jpg,2026-07-17 02:41:26,264
332438,5907457757578,"Husa pentru Xiaomi Poco M6 / Redmi 13C 5G, OEM, Matt, Roz ",OEM,1.99,0,https://www.gsmnet.ro/accesorii-telefoane-tablete-huse/husa-pentru-xiaomi-poco-m6-redmi-13c-5g-oem-matt-roz,https://img.gsmnet.ro/600x600/products/194563/husa-pentru-xiaomi-poco-1-1717400188.jpg,2026-09-16 03:41:35,27
332451,5903396284885,"Husa pentru Xiaomi Redmi A3, OEM, Smart Magnet, Neagra ",OEM,13.99,0,https://www.gsmnet.ro/accesorii-telefoane-tablete-huse/husa-pentru-xiaomi-redmi-a3-oem-smart-magnet-neagra,https://img.gsmnet.ro/600x600/products/194576/husa-pentru-xiaomi-redmi-2-1717745996.jpg,2026-09-05 03:18:50,71
332469,6971720840709,Surubelnita ATuMan Xmini Pocket ,ATuMan,29.99,0,https://www.gsmnet.ro/aparatura-instrumente-service-surubelnite/surubelnita-atuman-xmini-pocket,https://img.gsmnet.ro/600x600/products/194594/surubelnita-atuman-xmini-pocket-1-1718288018.jpg,2026-08-20 01:14:27,129
332607,6932172626020,"Handsfree Bluetooth Baseus Bowie D05, MultiPoint, A2DP, Crem NGTD020202 ",Baseus,149.99,0,https://www.gsmnet.ro/accesorii-telefoane-tablete-casti-audio/handsfree-bluetooth-baseus-bowie-d05-multipoint-a2dp-crem-ngtd020202,https://img.gsmnet.ro/600x600/products/194732/handsfree-bluetooth-baseus-bowie-7-1718009301.jpg,2026-07-24 02:42:57,236
332767,5907457772083,Suport de Lucru PCB OEM cu 3 brate flexibile ,OEM,85.99,0,https://www.gsmnet.ro/aparatura-instrumente-service-instrumente-service/suport-de-lucru-pcb-oem-cu-3-brate-flexibile,https://img.gsmnet.ro/600x600/products/194892/suport-de-lucru-oem-1-1719573921.jpg,2026-09-05 03:18:50,71
332862,6920680855087,"Cablu Audio Splitter USB-C - 2 x 3.5mm XO Design NB-R269B 2in1, 1.2m, Negru ",XO Design,11.99,0,https://www.gsmnet.ro/accesorii-telefoane-tablete-cabluri-adaptori/cablu-audio-splitter-usb-c-2-x-3-5mm-xo-design-nb-r269b-2in1-1-2m-negru,https://img.gsmnet.ro/600x600/products/194987/cablu-audio-usb-c-5-1719904352.jpg,2026-09-11 03:23:04,47
332877,641956266784,"Acumulator Huawei nova 10 / nova 9 SE 5G / nova 9 SE 4G, HB426493EFW, Service Pack 02355AJD ",Huawei,49.99,0,https://www.gsmnet.ro/piese-componente-acumulatori/acumulator-huawei-nova-10-nova-9-se-5g-nova-9-se-4g-hb426493efw-service-pack-02355ajd,https://img.gsmnet.ro/600x600/products/195002/acumulator-huawei-nova-10-1-1721044020.jpg,2026-09-16 03:41:35,27
332900,6932172657840,"Handsfree Bluetooth Baseus Bass 35 Max, A2DP, Alb A00070800221-00 ",Baseus,0.0,0,https://www.gsmnet.ro/accesorii-telefoane-tablete-casti-audio/handsfree-bluetooth-baseus-bass-35-max-a2dp-alb-a00070800221-00,https://img.gsmnet.ro/600x600/products/195025/handsfree-bluetooth-baseus-bass-1-1720183158.jpg,2026-09-13 15:44:06,37
332935,6941812774984,"Camera de Supraveghere Xiaomi BW500, Wi-Fi, 2.5K, IP67, Exterior BHR8301GL ",Xiaomi,379.99,0,https://www.gsmnet.ro/gadgeturi-smart-home/camera-de-supraveghere-xiaomi-bw500-wi-fi-2-5k-ip67-exterior-bhr8301gl,https://img.gsmnet.ro/600x600/products/195060/camera-de-supraveghere-xiaomi-4-1721204208.jpg,2026-08-11 01:46:05,165
332971,5903396294532,"Folie de protectie Ecran Privacy OG Premium pentru Apple iPhone 11 / XR, Sticla Securizata, Full Glue ",OG,7.99,0,https://www.gsmnet.ro/accesorii-telefoane-tablete-folii-protectie/folie-de-protectie-ecran-privacy-og-premium-pentru-apple-iphone-11-xr-sticla-securizata-full-glue,https://img.gsmnet.ro/600x600/products/195096/folie-de-protectie-ecran-1-1720618288.jpg,2026-07-17 02:41:26,264
332973,5903396294525,"Folie de protectie Ecran Privacy OG Premium pentru Samsung Galaxy A05s A057, Sticla Securizata, Full Glue ",OG,9.99,0,https://www.gsmnet.ro/accesorii-telefoane-tablete-folii-protectie/folie-de-protectie-ecran-privacy-og-premium-pentru-samsung-galaxy-a05s-a057-sticla-securizata-full-glue,https://img.gsmnet.ro/600x600/products/195098/folie-de-protectie-ecran-1-1720618554.jpg,2026-08-05 02:33:14,188
333023,6932172630850,"Handsfree Bluetooth Baseus Bowie EZ10, TWS, Negru A00054300116-Z1 ",Baseus,74.99,0,https://www.gsmnet.ro/wearables-audio-inclusiv-tws/handsfree-bluetooth-baseus-bowie-ez10-tws-negru-a00054300116-z1,https://img.gsmnet.ro/600x600/products/195148/handsfree-bluetooth-baseus-bowie-7-1720515274.jpg,2026-07-24 02:42:57,236
333108,8809961787058,"Folie de protectie Ecran Exterior Ringke Cover Display pentru Samsung Galaxy Z Flip6 F741, Sticla Securizata, AB Ultra Glue, Set 2 bucati",Ringke,30.99,0,https://www.gsmnet.ro/accesorii-telefoane-tablete-folii-protectie/folie-de-protectie-ecran-exterior-ringke-cover-display-pentru-samsung-galaxy-z-flip6-f741-sticla-securizata-ab-ultra-glue-set-2-bucati,https://img.gsmnet.ro/600x600/products/195233/folie-de-protectie-ecran-4-1721036554.jpg,2026-08-15 01:14:41,149
333119,5903396248313,"Folie de protectie Ecran Veason PRO pentru Apple iPhone XS / X, Sticla Securizata, Full Glue, 6D, Neagra ",Veason ,16.99,0,https://www.gsmnet.ro/accesorii-telefoane-tablete-folii-protectie/folie-de-protectie-ecran-veason-pro-pentru-apple-iphone-xs-x-sticla-securizata-full-glue-6d-neagra,https://img.gsmnet.ro/600x600/products/195244/folie-de-protectie-ecran-1-1721116142.jpg,2026-07-23 02:47:09,240
333142,5903396286612,"Husa pentru Motorola Moto G24 / G04 / E14, OEM, Smart Magnet, Neagra ",OEM,14.99,0,https://www.gsmnet.ro/accesorii-telefoane-tablete-huse/husa-pentru-motorola-moto-g24-g04-e14-oem-smart-magnet-neagra,https://img.gsmnet.ro/600x600/products/195267/husa-pentru-motorola-moto-1-1721224298.jpg,2026-09-09 03:28:00,55
333144,5904643049981,"Husa pentru Oppo Reno11 F, OEM, Smart Magnet, Bleumarin ",OEM,6.99,0,https://www.gsmnet.ro/accesorii-telefoane-tablete-huse/husa-pentru-oppo-reno11-f-oem-smart-magnet-bleumarin,https://img.gsmnet.ro/600x600/products/195269/husa-pentru-oppo-reno11-1-1721224307.jpg,2026-07-17 02:41:26,264
333155,5903396298615,"Husa pentru Samsung Galaxy Z Fold6 F956, OEM, Focus, Aurie ",OEM,29.99,0,https://www.gsmnet.ro/accesorii-telefoane-tablete-huse/husa-pentru-samsung-galaxy-z-fold6-f956-oem-focus-aurie,https://img.gsmnet.ro/600x600/products/195280/husa-pentru-samsung-galaxy-4-1721400363.jpg,2026-07-17 02:41:26,264
333182,660982734418,"Suport SIM Honor X8 4G, Albastru ",Aftermarket,2.99,0,https://www.gsmnet.ro/piese-componente-componente-carcasa/suport-sim-honor-x8-4g-albastru,https://img.gsmnet.ro/600x600/products/195307/suport-sim-honor-x8-1-1721829147.jpg,2026-09-12 03:28:29,43
333199,5901737871701,"Folie de protectie Ecran Privacy OEM pentru Apple iPhone 11 Pro / XS / X, Sticla Securizata, Full Glue, 5D ",OEM,14.99,0,https://www.gsmnet.ro/accesorii-telefoane-tablete-folii-protectie/folie-de-protectie-ecran-privacy-oem-pentru-apple-iphone-11-pro-xs-x-sticla-securizata-full-glue-5d,https://img.gsmnet.ro/600x600/products/195324/folie-de-protectie-ecran-2-1721732435.jpg,2026-07-23 02:47:09,240
333282,5904643043651,"Husa pentru Samsung Galaxy A55 5G A556, OEM, Carbon Enviro, Neagra ",OEM,20.99,0,https://www.gsmnet.ro/accesorii-telefoane-tablete-huse/husa-pentru-samsung-galaxy-a55-5g-a556-oem-carbon-enviro-neagra,https://img.gsmnet.ro/600x600/products/195407/husa-pentru-samsung-galaxy-1-1722237562.jpg,2026-07-24 02:42:57,236
333290,6920680857753,"Suport Auto Magnetic XO Design C125, Universal, Negru",XO Design,22.99,0,https://www.gsmnet.ro/accesorii-telefoane-tablete-suporturi-telefoane/suport-auto-magnetic-xo-design-c125-universal-negru,https://img.gsmnet.ro/600x600/products/195415/suport-auto-magnetic-xo-3-1721893168.jpg,2026-08-12 01:58:19,161
333294,6920680855049,"Cablu Date si Incarcare USB-C - USB-C XO Design NB-Q265B, 60W, 1m, Negru ",XO Design,7.99,0,https://www.gsmnet.ro/accesorii-telefoane-tablete-cabluri-adaptori/cablu-date-incarcare-usb-c-usb-c-xo-design-nb-q265b-60w-1m-negru,https://img.gsmnet.ro/600x600/products/195419/cablu-date-incarcare-1-1721895668.jpg,2026-07-21 02:44:07,248
333296,6920680857647,"Handsfree Bluetooth XO Design BE44, A2DP, Negru ",XO Design,24.99,0,https://www.gsmnet.ro/accesorii-telefoane-tablete-casti-audio/handsfree-bluetooth-xo-design-be44-a2dp-negru,https://img.gsmnet.ro/600x600/products/195421/handsfree-bluetooth-xo-design-1-1721895398.jpg,2026-08-11 01:46:05,165
333330,6932172636661,"Handsfree Bluetooth Baseus Bowie E13, TWS, Negru A00059701127-Z1 ",Baseus,79.99,0,https://www.gsmnet.ro/wearables-audio-inclusiv-tws/handsfree-bluetooth-baseus-bowie-e13-tws-negru-a00059701127-z1,https://img.gsmnet.ro/600x600/products/195455/handsfree-bluetooth-baseus-bowie-1-1721831997.jpg,2026-07-24 02:42:57,236
333369,6932172602925,Aspirator Auto Baseus A1 VCAQ010001 ,Baseus,107.99,0,https://www.gsmnet.ro/gadgeturi-accesorii-auto/aspirator-auto-baseus-a1-vcaq010001,https://img.gsmnet.ro/600x600/products/195494/aspirator-auto-baseus-a1-2-1722421306.jpg,2026-07-24 02:42:57,236
333386,6932172602628,"Hub USB-C Baseus Metal Gleam, 3 x USB-A - 1 x USB-C - 1 x HDMI, Gri WKWG020013",Baseus,129.99,0,https://www.gsmnet.ro/accesorii-pc-laptop-hub-uri/hub-usb-c-baseus-metal-gleam-3-x-usb-a-1-x-usb-c-1-x-hdmi-gri-wkwg020013,https://img.gsmnet.ro/600x600/products/195511/hub-usb-c-baseus-metal-2-1722323821.jpg,2026-07-18 02:32:25,260
333402,6932172648770,"Suport Auto Magnetic Baseus Air Vent, Universal, Rosu",Baseus,27.99,0,https://www.gsmnet.ro/accesorii-telefoane-tablete-suporturi-telefoane/suport-auto-magnetic-baseus-air-vent-universal-rosu,https://img.gsmnet.ro/600x600/products/195527/suport-auto-magnetic-baseus-1-1722324787.jpg,2026-08-13 02:00:15,157
333407,5907769361265,"Folie de protectie Ecran WZK pentru Apple iPad Air 11 (2026) / Air 11 (2025), Sticla Securizata, Full Glue ",WZK,34.99,0,https://www.gsmnet.ro/accesorii-telefoane-tablete-folii-protectie/folie-de-protectie-ecran-wzk-pentru-apple-ipad-air-11-2026-air-11-2025-sticla-securizata-full-glue,https://img.gsmnet.ro/600x600/products/195532/folie-de-protectie-ecran-1-1722332532.jpg,2026-09-01 03:55:36,87
333505,6932172648787,"Cablu Date si Incarcare USB-C - USB-C Baseus Superior Series 2, 240W, 1m, Alb P10365200211-02",Baseus,47.99,0,https://www.gsmnet.ro/accesorii-telefoane-tablete-cabluri-adaptori/cablu-date-incarcare-usb-c-usb-c-baseus-superior-series-2-240w-1m-alb-p10365200211-02,https://img.gsmnet.ro/600x600/products/195630/cablu-date-incarcare-9-1723204828.jpg,2026-07-24 02:42:57,236
333568,641956272877,"Display cu Touchscreen MP compatibil cu Samsung Galaxy A42 5G A426, cu Rama, Negru ",MP,149.99,0,https://www.gsmnet.ro/piese-componente-display-cu-touchscreen/display-cu-touchscreen-mp-compatibil-cu-samsung-galaxy-a42-5g-a426-cu-rama-negru,https://img.gsmnet.ro/600x600/products/195693/display-cu-touchscreen-mp-3-1726059879.jpg,2026-09-16 03:41:35,27
333621,641956272822,"Display cu Touchscreen MP compatibil cu Samsung Galaxy A34 A346, cu Rama, Versiune OLED, Negru",MP,189.99,0,https://www.gsmnet.ro/piese-componente-display-cu-touchscreen/display-cu-touchscreen-mp-compatibil-cu-samsung-galaxy-a34-a346-cu-rama-versiune-oled-negru,https://img.gsmnet.ro/600x600/products/195746/display-cu-touchscreen-mp-3-1727341218.jpg,2026-07-23 02:47:09,240
333629,660982717299,"Display cu Touchscreen MP compatibil cu Samsung Galaxy A22 A225, cu Rama, Versiune OLED, Negru ",MP,99.99,0,https://www.gsmnet.ro/piese-componente-display-cu-touchscreen/display-cu-touchscreen-mp-compatibil-cu-samsung-galaxy-a22-a225-cu-rama-versiune-oled-negru,https://img.gsmnet.ro/600x600/products/195754/display-cu-touchscreen-mp-3-1727094107.jpg,2026-09-10 03:25:55,51
333636,660982716698,"Display cu Touchscreen MP compatibil cu Samsung Galaxy A24 4G A245, cu Rama, Versiune OLED, Negru ",MP,129.99,0,https://www.gsmnet.ro/piese-componente-display-cu-touchscreen/display-cu-touchscreen-mp-compatibil-cu-samsung-galaxy-a24-4g-a245-cu-rama-versiune-oled-negru,https://img.gsmnet.ro/600x600/products/195761/display-cu-touchscreen-mp-3-1776774354.jpg,2026-08-08 01:40:23,177
333643,6932172648831,"Incarcator Retea Baseus GaN5S, 20W, 3A, 1 x USB-C, Alb P10162503213-00 ",Baseus,0.0,0,https://www.gsmnet.ro/accesorii-telefoane-tablete-incarcatoare/incarcator-retea-baseus-gan5s-20w-3a-1-x-usb-c-alb-p10162503213-00,https://img.gsmnet.ro/600x600/products/195768/incarcator-retea-baseus-gan5s-1-1722945204.jpg,2026-09-13 15:44:06,37
333657,888462108454,"Adaptor OTG USB-C - USB-A Apple, Alb MJ1M2ZM/A",Apple,106.99,0,https://www.gsmnet.ro/accesorii-telefoane-tablete-cabluri-adaptori/adaptor-otg-usb-c-usb-a-apple-alb-mj1m2zm-a,https://img.gsmnet.ro/600x600/products/195782/adaptor-otg-usb-c-1-1723619724.jpg,2026-08-01 02:50:04,204
333661,6957303833948,"Suport UGREEN LP108 pentru Telefon, Universal, Alb ",UGREEN,14.99,0,https://www.gsmnet.ro/accesorii-telefoane-tablete-suporturi-telefoane/suport-ugreen-lp108-pentru-telefon-universal-alb,https://img.gsmnet.ro/600x600/products/195786/suport-birou-ugreen-lp108-4-1723206705.jpg,2026-08-07 00:01:02,181
333670,5903396316234,"Husa pentru Honor 200, OEM, Ultra Slim, 0.5mm, Transparenta ",OEM,4.99,0,https://www.gsmnet.ro/accesorii-telefoane-tablete-huse/husa-pentru-honor-200-oem-ultra-slim-0-5mm-transparenta,https://img.gsmnet.ro/600x600/products/195795/husa-pentru-honor-200-1-1723461021.jpg,2026-08-26 19:46:38,102
333786,6941812777558,"Handsfree Bluetooth Xiaomi Redmi Buds 6 Active, TWS, Albastru BHR8394GL",Xiaomi,89.99,0,https://www.gsmnet.ro/wearables-audio-inclusiv-tws/handsfree-bluetooth-xiaomi-redmi-buds-6-active-tws-albastru-bhr8394gl,https://img.gsmnet.ro/600x600/products/195911/handsfree-bluetooth-xiaomi-redmi-1-1724311981.jpg,2026-07-17 02:41:26,264
333787,6941812777565,"Handsfree Bluetooth Xiaomi Redmi Buds 6 Active, TWS, Roz BHR8395GL",Xiaomi,89.99,0,https://www.gsmnet.ro/wearables-audio-inclusiv-tws/handsfree-bluetooth-xiaomi-redmi-buds-6-active-tws-roz-bhr8395gl,https://img.gsmnet.ro/600x600/products/195912/handsfree-bluetooth-xiaomi-redmi-1-1724312005.jpg,2026-08-04 02:33:52,192
333852,6976757303654,"Husa MagSafe pentru Samsung Galaxy S24+ S926, Vmax, Transparenta ",Vmax,15.99,0,https://www.gsmnet.ro/accesorii-telefoane-tablete-huse/husa-magsafe-pentru-samsung-galaxy-s24-plus-s926-vmax-transparenta,https://img.gsmnet.ro/600x600/products/195977/husa-magsafe-pentru-samsung-1-1723642106.jpg,2026-09-11 03:23:04,47
333875,6976757303753,"Husa MagSafe pentru Samsung Galaxy S24 Ultra S928, Vmax, Electroplating, Roz Aurie ",Vmax,16.99,0,https://www.gsmnet.ro/accesorii-telefoane-tablete-huse/husa-magsafe-pentru-samsung-galaxy-s24-ultra-s928-vmax-electroplating-roz-aurie,https://img.gsmnet.ro/600x600/products/196000/husa-magsafe-pentru-samsung-1-1723642509.jpg,2026-08-26 19:46:38,102
333882,6976757303838,"Husa pentru Samsung Galaxy S24 Ultra S928, Vmax, Anti-drop, Transparenta ",Vmax,11.99,0,https://www.gsmnet.ro/accesorii-telefoane-tablete-huse/husa-pentru-samsung-galaxy-s24-ultra-s928-vmax-anti-drop-transparenta,https://img.gsmnet.ro/600x600/products/196007/husa-pentru-samsung-galaxy-1-1723641991.jpg,2026-08-26 19:46:38,102
333945,660982716131,"Suport SIM - Card Xiaomi Redmi 13C, Negru (Midnight Black) ",Aftermarket,5.99,0,https://www.gsmnet.ro/piese-componente-componente-carcasa/suport-sim-card-xiaomi-redmi-13c-negru-midnight-black,https://img.gsmnet.ro/600x600/products/196070/suport-sim-card-1-1725354639.jpg,2026-09-12 03:28:29,43
333958,660982727984,"Geam Camera Spate Honor X6a, Wide + Macro + Depth + Blitz, Negru",Aftermarket,1.99,0,https://www.gsmnet.ro/piese-componente-componente-carcasa/geam-camera-spate-honor-x6a-wide-plus-macro-plus-depth-plus-blitz-negru,https://img.gsmnet.ro/600x600/products/196083/geam-camera-spate-honor-1-1725274852.jpg,2026-09-12 03:28:29,43
333961,660982735088,"Suport SIM Samsung Galaxy S23 FE S711, Gri (Graphite) ",Aftermarket,5.99,0,https://www.gsmnet.ro/piese-componente-componente-carcasa/suport-sim-samsung-galaxy-s23-fe-s711-gri-graphite,https://img.gsmnet.ro/600x600/products/196086/suport-sim-samsung-galaxy-1-1725367644.jpg,2026-08-15 01:14:41,149
333964,660982727588,"Difuzor Motorola Moto E22, cu banda",Aftermarket,2.99,0,https://www.gsmnet.ro/piese-componente-piese/difuzor-motorola-moto-e22-cu-banda,https://img.gsmnet.ro/600x600/products/196089/difuzor-motorola-moto-e22-1-1725286639.jpg,2026-07-28 02:34:33,220
333977,660982734517,Difuzor Xiaomi Redmi 13C ,Aftermarket,3.99,0,https://www.gsmnet.ro/piese-componente-piese/difuzor-xiaomi-redmi-13c,https://img.gsmnet.ro/600x600/products/196102/difuzor-xiaomi-redmi-13c-1-1725275514.jpg,2026-07-28 02:34:33,220
334008,660982734531,Placa cu Conector Incarcare - Microfon Motorola Moto E22i / E22,Aftermarket,19.99,0,https://www.gsmnet.ro/piese-componente-conectori-incarcare/placa-cu-conector-incarcare-microfon-motorola-moto-e22i-e22,https://img.gsmnet.ro/600x600/products/196133/placa-cu-conector-incarcare-1-1759845567.jpg,2026-07-28 02:34:33,220
334027,641956266869,"Acumulator Huawei nova Y70, HB536896EFW, Service Pack 24023690 ",Huawei,55.99,0,https://www.gsmnet.ro/piese-componente-acumulatori/acumulator-huawei-nova-y70-hb536896efw-service-pack-24023690,https://img.gsmnet.ro/600x600/products/196152/acumulator-huawei-nova-y70-1-1725277579.jpg,2026-08-07 00:01:02,181
334037,641956266302,Acumulator Apple iPhone 14 Plus ,Aftermarket,59.99,0,https://www.gsmnet.ro/piese-componente-acumulatori/acumulator-apple-iphone-14-plus,https://img.gsmnet.ro/600x600/products/196162/acumulator-apple-iphone-14-2-1726569773.jpg,2026-09-10 03:25:55,51
334178,5903396304989,"Husa pentru Apple iPhone 16 Pro Max, OEM, Matt, Albastra ",OEM,7.99,0,https://www.gsmnet.ro/accesorii-telefoane-tablete-huse/husa-pentru-apple-iphone-16-pro-max-oem-matt-albastra,https://img.gsmnet.ro/600x600/products/196303/husa-pentru-apple-iphone-1-1775480657.jpg,2026-07-21 02:44:07,248
334234,5907457782327,"Husa pentru Honor 200 Pro, OEM, Smart Magnet, Neagra ",OEM,3.99,0,https://www.gsmnet.ro/accesorii-telefoane-tablete-huse/husa-pentru-honor-200-pro-oem-smart-magnet-neagra,https://img.gsmnet.ro/600x600/products/196359/husa-pentru-honor-200-1-1725366151.jpg,2026-09-16 03:41:35,27
334236,5907457782853,"Husa pentru Honor 200, OEM, Smart Magnet, Rosie ",OEM,5.99,0,https://www.gsmnet.ro/accesorii-telefoane-tablete-huse/husa-pentru-honor-200-oem-smart-magnet-rosie,https://img.gsmnet.ro/600x600/products/196361/husa-pentru-honor-200-1-1725366160.jpg,2026-09-05 03:18:50,71
334281,6902048287228,"Husa pentru Apple iPhone 16 Plus, Nillkin, Nature Pro, Transparenta ",Nillkin,40.99,0,https://www.gsmnet.ro/accesorii-telefoane-tablete-huse/husa-pentru-apple-iphone-16-plus-nillkin-nature-pro-transparenta,https://img.gsmnet.ro/600x600/products/196406/husa-pentru-apple-iphone-5-1726473122.jpg,2026-09-01 03:55:36,87
334283,6902048286719,"Husa pentru Apple iPhone 16 Pro, Nillkin, CamShield Pro, Neagra ",Nillkin,35.99,0,https://www.gsmnet.ro/accesorii-telefoane-tablete-huse/husa-pentru-apple-iphone-16-pro-nillkin-camshield-pro-neagra,https://img.gsmnet.ro/600x600/products/196408/husa-pentru-apple-iphone-1-1725268205.jpg,2026-08-26 19:46:38,102
334296,6932172651664,"Cablu Date si Incarcare USB-C - USB-C Baseus Dynamic 3 Series, 100W, 2m, Alb P10367000Y11-01 ",Baseus,24.99,0,https://www.gsmnet.ro/accesorii-telefoane-tablete-cabluri-adaptori/cablu-date-incarcare-usb-c-usb-c-baseus-dynamic-3-series-100w-2m-alb-p10367000y11-01,https://img.gsmnet.ro/600x600/products/196421/cablu-date-incarcare-1-1725018183.jpg,2026-07-24 02:42:57,236
334363,5907457738027,"Husa pentru Samsung Galaxy Xcover7 G556, OEM, Slim 2mm, Transparenta ",OEM,5.99,0,https://www.gsmnet.ro/accesorii-telefoane-tablete-huse/husa-pentru-samsung-galaxy-xcover7-g556-oem-slim-2mm-transparenta,https://img.gsmnet.ro/600x600/products/196488/husa-pentru-samsung-galaxy-1-1725878630.jpg,2026-09-08 03:24:25,59
334374,660982706125,"Kit Adeziv Capac Baterie Samsung Galaxy Z Fold6 F956, Service Pack GH82-35139A ",Samsung,29.99,0,https://www.gsmnet.ro/piese-componente-suruburi-adezivi/kit-adeziv-capac-baterie-samsung-galaxy-z-fold6-f956-service-pack-gh82-35139a,https://img.gsmnet.ro/600x600/products/196499/kit-adeziv-capac-baterie-1-1725609988.jpg,2026-07-24 02:42:57,236
334420,5903396307348,"Husa pentru Apple iPhone 16 Plus, OEM, Silicone, Portocalie ",OEM,5.99,0,https://www.gsmnet.ro/accesorii-telefoane-tablete-huse/husa-pentru-apple-iphone-16-plus-oem-silicone-portocalie,https://img.gsmnet.ro/600x600/products/196545/husa-pentru-apple-iphone-1-1725956858.jpg,2026-07-28 02:34:33,220
334424,5903396307249,"Husa pentru Apple iPhone 16 Pro Max, OEM, Silicone, Albastra ",OEM,9.99,0,https://www.gsmnet.ro/accesorii-telefoane-tablete-huse/husa-pentru-apple-iphone-16-pro-max-oem-silicone-albastra,https://img.gsmnet.ro/600x600/products/196549/husa-pentru-apple-iphone-1-1725957562.png,2026-07-24 02:42:57,236
334425,5903396307300,"Husa pentru Apple iPhone 16 Pro, OEM, Silicone, Albastra ",OEM,9.99,0,https://www.gsmnet.ro/accesorii-telefoane-tablete-huse/husa-pentru-apple-iphone-16-pro-oem-silicone-albastra,https://img.gsmnet.ro/600x600/products/196550/husa-pentru-apple-iphone-1-1725957566.png,2026-07-21 02:44:07,248
334429,5903396307355,"Husa pentru Apple iPhone 16 Pro Max, OEM, Silicone Ring, Neagra ",OEM,10.99,0,https://www.gsmnet.ro/accesorii-telefoane-tablete-huse/husa-pentru-apple-iphone-16-pro-max-oem-silicone-ring-neagra,https://img.gsmnet.ro/600x600/products/196554/husa-pentru-apple-iphone-1-1725955958.png,2026-09-11 03:23:04,47
334444,740617340761,"Memorie Externa USB-A 3.2 Kingston DT Kyson, 512Gb DTKN/512GB ",Kingston,265.99,0,https://www.gsmnet.ro/accesorii-telefoane-tablete-carduri-memorii-usb/memorie-externa-usb-a-3-2-kingston-dt-kyson-512gb-dtkn-512gb,https://img.gsmnet.ro/600x600/products/196569/memorie-externa-usb-a-3-2-1-1725872024.png,2026-09-10 03:25:56,51
334481,5907457792227,"Husa pentru Samsung Galaxy S24 FE, OEM, Anti Shock, Transparenta ",OEM,6.99,0,https://www.gsmnet.ro/accesorii-telefoane-tablete-huse/husa-pentru-samsung-galaxy-s24-fe-oem-anti-shock-transparenta,https://img.gsmnet.ro/600x600/products/196606/husa-pentru-samsung-galaxy-1-1726213558.jpg,2026-07-21 02:44:07,248
334496,5907769300899,"Cablu Video WZK Ultraboost, HDMI - HDMI, 8K, 3m, Gri WHDMI-30 ",WZK,40.99,0,https://www.gsmnet.ro/accesorii-pc-laptop-accesorii-audio-video/cablu-video-wzk-ultraboost-hdmi-hdmi-8k-3m-gri-whdmi-30,https://img.gsmnet.ro/600x600/products/196621/cablu-video-wzk-ultraboost-10-1726492819.jpg,2026-09-01 03:55:36,87
334503,6976625332694,"Incarcator Retea Dudao A5HEU, 20W, 3A, 1 x USB-C - 3 x USB-A, Alb ",Dudao,27.99,0,https://www.gsmnet.ro/accesorii-telefoane-tablete-incarcatoare/incarcator-retea-dudao-a5heu-20w-3a-1-x-usb-c-3-x-usb-a-alb,https://img.gsmnet.ro/600x600/products/196628/incarcator-retea-dudao-a5heu-4-1726493613.jpg,2026-09-01 03:55:36,87
334543,5904643034239,"Incarcator Retea Prestico F8A Box, 20W, 3A, 1 x USB-C, Alb ",Prestico,18.99,0,https://www.gsmnet.ro/accesorii-telefoane-tablete-incarcatoare/incarcator-retea-prestico-f8a-box-20w-3a-1-x-usb-c-alb,https://img.gsmnet.ro/600x600/products/196668/incarcator-retea-prestico-f8a-2-1726657463.jpg,2026-09-08 03:24:25,59
334544,5904643009992,"Incarcator Retea Cu Cablu USB-C Prestico F8S, 20W, 3A, 1 x USB-C, Alb ",Prestico,25.99,0,https://www.gsmnet.ro/accesorii-telefoane-tablete-incarcatoare/incarcator-retea-cu-cablu-usb-c-prestico-f8s-20w-3a-1-x-usb-c-alb,https://img.gsmnet.ro/600x600/products/196669/incarcator-retea-cu-cablu-3-1726657066.jpg,2026-08-01 02:50:04,204
334555,5906302311057,"Folie de protectie Camera Spate HOFI CamRing PRO+ pentru Apple iPhone 16 Pro Max / 16 Pro, Sticla Securizata, Neagra",HOFI,16.99,0,https://www.gsmnet.ro/accesorii-telefoane-tablete-folii-protectie/folie-de-protectie-camera-spate-hofi-camring-pro-plus-pentru-apple-iphone-16-pro-max-16-pro-sticla-securizata-neagra,https://img.gsmnet.ro/600x600/products/196680/folie-de-protectie-camera-2-1726565184.jpg,2026-07-21 02:44:07,248
334557,5906302311064,"Folie de protectie Camera Spate HOFI FullCam pentru Apple iPhone 16 Plus / 16, Sticla Securizata, Neagra",HOFI,16.99,0,https://www.gsmnet.ro/accesorii-telefoane-tablete-folii-protectie/folie-de-protectie-camera-spate-hofi-fullcam-pentru-apple-iphone-16-plus-16-sticla-securizata-neagra,https://img.gsmnet.ro/600x600/products/196682/folie-de-protectie-camera-2-1726565288.jpg,2026-08-26 19:46:38,102
334558,5906302311071,"Folie de protectie Camera Spate HOFI Fullcam pentru Apple iPhone 16 Pro Max / 16 Pro, Sticla Securizata, Neagra",HOFI,22.99,0,https://www.gsmnet.ro/accesorii-telefoane-tablete-folii-protectie/folie-de-protectie-camera-spate-hofi-fullcam-pentru-apple-iphone-16-pro-max-16-pro-sticla-securizata-neagra,https://img.gsmnet.ro/600x600/products/196683/folie-de-protectie-camera-2-1726565351.jpg,2026-08-04 02:33:52,192
334561,5906302310791,"Folie de protectie Ecran HOFI Glass PRO+ pentru Apple iPhone 16 Plus, Sticla Securizata, Full Glue, Set 2 bucati, 2.5D ",HOFI,15.99,0,https://www.gsmnet.ro/accesorii-telefoane-tablete-folii-protectie/folie-de-protectie-ecran-hofi-glass-pro-plus-pentru-apple-iphone-16-plus-sticla-securizata-full-glue-set-2-bucati-2-5d,https://img.gsmnet.ro/600x600/products/196686/folie-de-protectie-ecran-2-1736937773.jpg,2026-08-26 19:46:38,102
334631,5900495063380,"Incarcator Retea MaXlife MXTC-06, 20W, 3A, 1 x USB-C, Alb ",MaXlife,19.99,0,https://www.gsmnet.ro/accesorii-telefoane-tablete-incarcatoare/incarcator-retea-maxlife-mxtc-06-20w-3a-1-x-usb-c-alb,https://img.gsmnet.ro/600x600/products/196756/incarcator-retea-maxlife-mxtc-06-2-1726498874.jpg,2026-08-28 21:46:21,98
334646,195949885020,"Husa MagSafe pentru Apple iPhone 16, Roz MYY53ZM/A",Apple,199.99,0,https://www.gsmnet.ro/accesorii-telefoane-tablete-huse/husa-magsafe-pentru-apple-iphone-16-roz-myy53zm-a,https://img.gsmnet.ro/600x600/products/196771/husa-magsafe-pentru-apple-1-1727274014.jpeg,2026-08-01 02:50:04,204
334685,6934913004050,"Husa MagSafe pentru Apple iPhone 16, DUX DUCIS, Clin, Transparenta ",DUX DUCIS,29.99,0,https://www.gsmnet.ro/accesorii-telefoane-tablete-huse/husa-magsafe-pentru-apple-iphone-16-dux-ducis-clin-transparenta,https://img.gsmnet.ro/600x600/products/196810/husa-magsafe-pentru-apple-1-1730889753.jpg,2026-07-17 02:41:26,264
334698,5900217442882,"Folie de protectie Ecran Anti Blue Light OEM pentru Apple iPhone 16 Pro, Sticla Securizata, Full Glue, Neagra ",OEM,7.99,0,https://www.gsmnet.ro/accesorii-telefoane-tablete-folii-protectie/folie-de-protectie-ecran-anti-blue-light-oem-pentru-apple-iphone-16-pro-sticla-securizata-full-glue-neagra,https://img.gsmnet.ro/600x600/products/196823/folie-de-protectie-ecran-1-1727090637.jpeg,2026-07-21 02:44:07,248
334730,5907457794306,"Husa pentru Xiaomi Poco M6 / Redmi 13C 5G, OEM, Crystal Black, Gri ",OEM,10.99,0,https://www.gsmnet.ro/accesorii-telefoane-tablete-huse/husa-pentru-xiaomi-poco-m6-redmi-13c-5g-oem-crystal-black-gri,https://img.gsmnet.ro/600x600/products/196855/husa-pentru-xiaomi-redmi-1-1726834124.jpg,2026-09-08 03:24:25,59
334749,5907457787735,"Cablu Incarcare USB-A / USB-C - Lightning / USB-C MaXlife 3in1, 66W, 1m, Negru ",MaXlife,13.99,0,https://www.gsmnet.ro/accesorii-telefoane-tablete-cabluri-adaptori/cablu-incarcare-usb-a-usb-c-lightning-usb-c-maxlife-3in1-66w-1m-negru,https://img.gsmnet.ro/600x600/products/196874/cablu-incarcare-usb-a-1-1726825608.jpg,2026-08-01 02:50:04,204
334750,5907457738423,"Incarcator Retea Cu Cablu Lightning MaXlife MXTC-06-20AC, 20W, 3A, 1 x USB-A - 1 x USB-C, Alb ",MaXlife,25.99,0,https://www.gsmnet.ro/accesorii-telefoane-tablete-incarcatoare/incarcator-retea-cu-cablu-lightning-maxlife-mxtc-06-20ac-20w-3a-1-x-usb-a-1-x-usb-c-alb,https://img.gsmnet.ro/600x600/products/196875/incarcator-retea-cu-cablu-2-1726830937.jpg,2026-08-26 19:46:38,102
334751,6920680808298,"Incarcator Retea Cu Cablu microUSB XO Design CE02C, 10.5W, 2.1A, 2 x USB-A, Alb ",XO Design,17.99,0,https://www.gsmnet.ro/accesorii-telefoane-tablete-incarcatoare/incarcator-retea-cu-cablu-microusb-xo-design-ce02c-10-5w-2-1a-2-x-usb-a-alb,https://img.gsmnet.ro/600x600/products/196876/incarcator-retea-cu-cablu-5-1726829817.jpg,2026-07-29 02:40:35,216
334778,8800274960503,"Husa pentru Apple iPhone 16, Ringke, Onyx, Neagra ",Ringke,45.99,0,https://www.gsmnet.ro/accesorii-telefoane-tablete-huse/husa-pentru-apple-iphone-16-ringke-onyx-neagra,https://img.gsmnet.ro/600x600/products/196903/husa-pentru-apple-iphone-3-1726742378.jpg,2026-09-12 03:28:29,43
334793,6932172644437,"Incarcator Retea Baseus GaN6 Pro, 65W, 3.25A, 2 x USB-A - 2 x USB-C, Alb P10162701213-00",Baseus,149.99,0,https://www.gsmnet.ro/accesorii-telefoane-tablete-incarcatoare/incarcator-retea-baseus-gan6-pro-65w-3-25a-2-x-usb-a-2-x-usb-c-alb-p10162701213-00,https://img.gsmnet.ro/600x600/products/196918/incarcator-retea-baseus-gan6-1-1726757880.jpg,2026-08-07 00:01:02,181
334885,6921815627135,"Husa pentru OnePlus Nord CE4 Lite, Sandstone Bumper, Neagra 5431101827 ",OnePlus,59.99,0,https://www.gsmnet.ro/accesorii-telefoane-tablete-huse/husa-pentru-oneplus-nord-ce4-lite-sandstone-bumper-neagra-5431101827,https://img.gsmnet.ro/600x600/products/197010/husa-pentru-oneplus-nord-3-1730108368.jpg,2026-08-01 02:50:04,204
334888,5903396208553,"Husa pentru Motorola Edge 30 Ultra, OEM, Matt, Neagra ",OEM,8.99,0,https://www.gsmnet.ro/accesorii-telefoane-tablete-huse/husa-pentru-motorola-edge-30-ultra-oem-matt-neagra,https://img.gsmnet.ro/600x600/products/197013/husa-pentru-motorola-edge-1-1727250613.jpg,2026-07-23 02:47:09,240
334895,5906302312078,"Husa MagSafe pentru Apple iPhone 16, Tech-Protect, Maghybrid, Neagra ",Tech-Protect,33.99,0,https://www.gsmnet.ro/accesorii-telefoane-tablete-huse/husa-magsafe-pentru-apple-iphone-16-tech-protect-maghybrid-neagra,https://img.gsmnet.ro/600x600/products/197020/husa-magsafe-pentru-apple-1-1727875759.jpg,2026-08-05 02:33:14,188
334908,6921815627067,"Handsfree Bluetooth OnePlus Buds Pro 3, Alb 5481158576 ",OnePlus,599.99,0,https://www.gsmnet.ro/wearables-audio-inclusiv-tws/handsfree-bluetooth-oneplus-buds-pro-3-alb-5481158576,https://img.gsmnet.ro/600x600/products/197033/handsfree-bluetooth-oneplus-buds-5-1730190471.jpg,2026-08-01 02:50:04,204
334935,660982703766,"Difuzor Realme C65, Service Pack 611501000017 ",Realme,9.99,0,https://www.gsmnet.ro/piese-componente-piese/difuzor-realme-c65-service-pack-611501000017,https://img.gsmnet.ro/600x600/products/197060/difuzor-realme-c65-service-1-1738330119.jpg,2026-08-18 01:13:45,137
335157,5906302370597,"Folie de protectie Camera Spate HOFI CamRing PRO+ pentru Apple iPhone 17 Pro / 16 Pro Max / 16 Pro, Sticla Securizata, Aurie",HOFI,19.99,0,https://www.gsmnet.ro/accesorii-telefoane-tablete-folii-protectie/folie-de-protectie-camera-spate-hofi-camring-pro-plus-pentru-apple-iphone-17-pro-16-pro-max-16-pro-sticla-securizata-aurie,https://img.gsmnet.ro/600x600/products/197282/folie-de-protectie-camera-2-1728484858.jpg,2026-07-21 02:44:07,248
335158,5906302370580,"Folie de protectie Camera Spate HOFI CamRing PRO+ pentru Apple iPhone 17 Pro / 16 Pro Max / 16 Pro, Sticla Securizata, Gri",HOFI,18.99,0,https://www.gsmnet.ro/accesorii-telefoane-tablete-folii-protectie/folie-de-protectie-camera-spate-hofi-camring-pro-plus-pentru-apple-iphone-17-pro-16-pro-max-16-pro-sticla-securizata-gri,https://img.gsmnet.ro/600x600/products/197283/folie-de-protectie-camera-3-1728464591.jpg,2026-08-04 02:33:52,192
335195,6920680860531,"Suport XO Design C152 pentru Laptop max. 17.3inch, Argintiu ",XO Design,64.99,0,https://www.gsmnet.ro/accesorii-pc-laptop-suporturi-coolere/suport-xo-design-c152-pentru-laptop-max-17-3inch-argintiu,https://img.gsmnet.ro/600x600/products/197320/suport-xo-design-c152-1-1728381415.jpg,2026-08-11 01:46:05,165
335196,6920680858910,"Modulator FM Bluetooth XO Design BCC17-2, 1 x USB-A - 1 x USB-C ",XO Design,29.99,0,https://www.gsmnet.ro/gadgeturi-accesorii-auto/modulator-fm-bluetooth-xo-design-bcc17-2-1-x-usb-a-1-x-usb-c,https://img.gsmnet.ro/600x600/products/197321/modulator-fm-bluetooth-xo-4-1728381332.jpg,2026-08-11 01:46:05,165
335205,6920680854370,"Smartwatch XO Design J6, Roz Auriu ",XO Design,149.99,0,https://www.gsmnet.ro/wearables-smartwatch/smartwatch-xo-design-j6-roz-auriu,https://img.gsmnet.ro/600x600/products/197330/smartwatch-xo-design-j6-2-1728387190.jpg,2026-08-11 01:46:05,165
335213,6932172600389,"Suport Auto Baseus, 4.7inch - 6.7inch, Negru SUYK000101 ",Baseus,45.99,0,https://www.gsmnet.ro/accesorii-telefoane-tablete-suporturi-telefoane/suport-auto-baseus-4-7inch-6-7inch-negru-suyk000101,https://img.gsmnet.ro/600x600/products/197338/suport-auto-baseus-4-7inch-12-1728482181.jpg,2026-07-24 02:42:57,236
335230,194644023157,"Baterie Externa Anker PowerCore III Elite, 25600mAh, 87W, QC + PD, 2 x USB-A - 2 x USB-C, Neagra A1291H11 ",Anker,459.99,0,https://www.gsmnet.ro/accesorii-telefoane-tablete-baterii-externe/baterie-externa-anker-powercore-iii-elite-25600mah-87w-qc-plus-pd-2-x-usb-a-2-x-usb-c-neagra-a1291h11,https://img.gsmnet.ro/600x600/products/197355/baterie-externa-anker-powercore-1-1728298721.jpg,2026-09-16 03:41:35,27
335242,194644125646,"Incarcator Retea Anker 512 Nano 3, 20W, 3A, 1 x USB-C, Alb A2346G21 ",Anker,79.99,0,https://www.gsmnet.ro/accesorii-telefoane-tablete-incarcatoare/incarcator-retea-anker-512-nano-3-20w-3a-1-x-usb-c-alb-a2346g21,https://img.gsmnet.ro/600x600/products/197367/incarcator-retea-anker-512-2-1728303149.jpg,2026-07-24 02:42:57,236
335250,194644153090,"Handsfree Bluetooth Anker SoundCore H30i, Multipoint, A2DP, Alb A3012G21",Anker,104.99,0,https://www.gsmnet.ro/accesorii-telefoane-tablete-casti-audio/handsfree-bluetooth-anker-soundcore-h30i-multipoint-a2dp-alb-a3012g21,https://img.gsmnet.ro/600x600/products/197375/handsfree-bluetooth-anker-soundcore-1-1728306535.jpg,2026-07-24 02:42:57,236
335254,194644106966,"Handsfree Bluetooth Anker SoundCore Space Q45, MultiPoint, A2DP, ANC, Negru A3040G11 ",Anker,626.99,0,https://www.gsmnet.ro/accesorii-telefoane-tablete-casti-audio/handsfree-bluetooth-anker-soundcore-space-q45-multipoint-a2dp-anc-negru-a3040g11,https://img.gsmnet.ro/600x600/products/197379/handsfree-bluetooth-anker-soundcore-1-1728308699.jpg,2026-07-24 02:42:57,236
335277,194644159399,"Cablu Date si Incarcare USB-C - USB-C Anker 310, 240W, 0.9m, Negru A81D5H11 ",Anker,52.99,0,https://www.gsmnet.ro/accesorii-telefoane-tablete-cabluri-adaptori/cablu-date-incarcare-usb-c-usb-c-anker-310-240w-0-9m-negru-a81d5h11,https://img.gsmnet.ro/600x600/products/197402/cablu-date-incarcare-4-1728375802.jpg,2026-09-16 03:41:35,27
335329,660982711792,"Incarcator Asus, 65W, 19V, Negru 0A001-00445500 ",Asus,99.99,0,https://www.gsmnet.ro/accesorii-pc-laptop-incarcatoare-adaptori/incarcator-asus-65w-19v-negru-0a001-00445500,https://img.gsmnet.ro/600x600/products/197454/incarcator-asus-65w-19v-1-1733149851.jpg,2026-08-01 02:50:04,204
335393,6953156251700,"Suport Inel Baseus Privity, Universal, Negru SUMQ-01 ",Baseus,21.99,0,https://www.gsmnet.ro/accesorii-telefoane-tablete-suporturi-telefoane/suport-inel-baseus-privity-universal-negru-sumq-01,https://img.gsmnet.ro/600x600/products/197518/suport-inel-baseus-privity-5-1728464522.jpg,2026-08-07 00:01:02,181
335424,5907457712171,"Husa pentru Samsung Galaxy S24+ S926, OEM, Matt, Verde ",OEM,2.99,0,https://www.gsmnet.ro/accesorii-telefoane-tablete-huse/husa-pentru-samsung-galaxy-s24-plus-s926-oem-matt-verde,https://img.gsmnet.ro/600x600/products/197549/husa-pentru-samsung-galaxy-1-1729065438.jpg,2026-09-16 03:41:35,27
335457,6941812791547,"Smartwatch Xiaomi Redmi Watch 5 Active, Argintiu BHR8790GL ",Xiaomi,189.99,0,https://www.gsmnet.ro/wearables-smartwatch/smartwatch-xiaomi-redmi-watch-5-active-argintiu-bhr8790gl,https://img.gsmnet.ro/600x600/products/197582/smartwatch-xiaomi-redmi-watch-1-1729686604.jpg,2026-09-03 03:17:44,79
335458,6941812791585,"Smartwatch Xiaomi Redmi Watch 5 Active, Negru BHR8784GL ",Xiaomi,189.99,0,https://www.gsmnet.ro/wearables-smartwatch/smartwatch-xiaomi-redmi-watch-5-active-negru-bhr8784gl,https://img.gsmnet.ro/600x600/products/197583/smartwatch-xiaomi-redmi-watch-1-1729686595.jpg,2026-09-16 03:41:35,27
335541,660982718555,"Capac Baterie Apple iPhone 11 Pro, Cu Carcasa Mijloc, Auriu (Matte Gold), Swap ",Apple,329.99,0,https://www.gsmnet.ro/piese-componente-capace-baterie/capac-baterie-apple-iphone-11-pro-cu-carcasa-mijloc-auriu-matte-gold-swap,https://img.gsmnet.ro/600x600/products/197666/capac-baterie-apple-iphone-1-1730994739.jpg,2026-08-04 02:33:52,192
335552,660982718562,"Capac Baterie Apple iPhone SE (2022), Cu Carcasa Mijloc, Negru (Midnight), Swap Premium",Apple,159.99,0,https://www.gsmnet.ro/piese-componente-capace-baterie/capac-baterie-apple-iphone-se-2022-cu-carcasa-mijloc-negru-midnight-swap-premium,https://img.gsmnet.ro/600x600/products/197677/capac-baterie-apple-iphone-1-1731081619.jpg,2026-09-01 03:55:36,87
335559,660982709423,"Carcasa Mijloc Apple iPhone 14 Plus, Alba (Starlight), Swap ",Apple,159.99,0,https://www.gsmnet.ro/piese-componente-componente-carcasa/carcasa-mijloc-apple-iphone-14-plus-alba-starlight-swap,https://img.gsmnet.ro/600x600/products/197684/carcasa-mijloc-apple-iphone-1-1731072914.jpg,2026-09-11 03:23:04,47
335593,6941812775806,"Bratara Fitness Xiaomi Mi Smart Band 9, Albastra BHR8346GL ",Xiaomi,214.99,0,https://www.gsmnet.ro/wearables-smartband/bratara-fitness-xiaomi-mi-smart-band-9-albastra-bhr8346gl,https://img.gsmnet.ro/600x600/products/197718/bratara-fitness-xiaomi-mi-1-1730196704.jpg,2026-09-17 03:46:42,23
335594,6941812775790,"Bratara Fitness Xiaomi Mi Smart Band 9, Roz BHR8345GL ",Xiaomi,209.99,0,https://www.gsmnet.ro/wearables-smartband/bratara-fitness-xiaomi-mi-smart-band-9-roz-bhr8345gl,https://img.gsmnet.ro/600x600/products/197719/bratara-fitness-xiaomi-mi-1-1730196698.jpg,2026-09-03 03:17:44,79
335607,5903396309861,"Folie de protectie Ecran OEM Automatic Alignment pentru Apple iPhone 16 Pro / 17 / 17 Pro, Sticla Securizata, Full Glue, 5D, Neagra ",OEM,9.99,0,https://www.gsmnet.ro/accesorii-telefoane-tablete-folii-protectie/folie-de-protectie-ecran-oem-automatic-alignment-pentru-apple-iphone-16-pro-17-17-pro-sticla-securizata-full-glue-5d-neagra,https://img.gsmnet.ro/600x600/products/197732/folie-de-protectie-ecran-1-1730362396.jpg,2026-09-08 03:24:25,59
335613,5903396328114,"Husa MagSafe pentru Samsung Galaxy S24 FE S721, OEM, Electro Mag, Neagra ",OEM,18.99,0,https://www.gsmnet.ro/accesorii-telefoane-tablete-huse/husa-magsafe-pentru-samsung-galaxy-s24-fe-s721-oem-electro-mag-neagra,https://img.gsmnet.ro/600x600/products/197738/husa-magsafe-pentru-samsung-1-1730198646.jpg,2026-08-25 01:16:01,109
335624,5903396333743,"Husa pentru Samsung Galaxy A16 5G A166 / A16 4G A165, OEM, Soft, Rosie",OEM,14.99,0,https://www.gsmnet.ro/accesorii-telefoane-tablete-huse/husa-pentru-samsung-galaxy-a16-5g-a166-a16-4g-a165-oem-soft-rosie,https://img.gsmnet.ro/600x600/products/197749/husa-pentru-samsung-galaxy-2-1730194689.jpg,2026-08-25 01:16:01,109
335643,5903396250101,"Folie de protectie Ecran OEM Automatic Alignment pentru Apple iPhone 15 Pro, Sticla Securizata, Full Glue, 5D, Neagra",OEM,9.99,0,https://www.gsmnet.ro/accesorii-telefoane-tablete-folii-protectie/folie-de-protectie-ecran-oem-automatic-alignment-pentru-apple-iphone-15-pro-sticla-securizata-full-glue-5d-neagra,https://img.gsmnet.ro/600x600/products/197768/folie-de-protectie-ecran-1-1730302653.jpg,2026-07-21 02:44:07,248
335644,5903396250477,"Folie de protectie Ecran OEM Automatic Alignment pentru Apple iPhone 15 Pro Max, Sticla Securizata, Full Glue, 5D, Neagra",OEM,9.99,0,https://www.gsmnet.ro/accesorii-telefoane-tablete-folii-protectie/folie-de-protectie-ecran-oem-automatic-alignment-pentru-apple-iphone-15-pro-max-sticla-securizata-full-glue-5d-neagra,https://img.gsmnet.ro/600x600/products/197769/folie-de-protectie-ecran-1-1730303225.jpg,2026-07-21 02:44:07,248
335695,5900495094179,"Cablu Date si Incarcare USB-A - USB-C Setty, 18W, 1.2m, Multicolor",Setty,12.99,0,https://www.gsmnet.ro/accesorii-telefoane-tablete-cabluri-adaptori/cablu-date-incarcare-usb-a-usb-c-setty-18w-1-2m-multicolor,https://img.gsmnet.ro/600x600/products/197820/cablu-date-incarcare-1-1730283484.jpg,2026-08-11 01:46:05,165
335698,6920680858903,"Modulator FM Bluetooth XO Design BCC17-3, 1 x USB-A - 1 x USB-C ",XO Design,27.99,0,https://www.gsmnet.ro/gadgeturi-accesorii-auto/modulator-fm-bluetooth-xo-design-bcc17-3-1-x-usb-a-1-x-usb-c,https://img.gsmnet.ro/600x600/products/197823/modulator-fm-bluetooth-xo-3-1730279293.jpg,2026-08-11 01:46:05,165
335714,5906302372669,"Folie de protectie Ecran HOFI Glass PRO+ pentru Samsung Galaxy A17 4G / A17 5G, Sticla Securizata, Full Glue, Set 2 bucati, 2.5D, Neagra ",HOFI,25.99,0,https://www.gsmnet.ro/accesorii-telefoane-tablete-folii-protectie/folie-de-protectie-ecran-hofi-glass-pro-plus-pentru-samsung-galaxy-a17-4g-a17-5g-sticla-securizata-full-glue-set-2-bucati-2-5d-neagra,https://img.gsmnet.ro/600x600/products/197839/folie-de-protectie-ecran-2-1730711644.jpg,2026-07-23 02:47:09,240
335737,6932172634643,"Boxa Bluetooth Baseus AeQur V2, Alba A20050500211-00",Baseus,99.99,0,https://www.gsmnet.ro/gadgeturi-boxe-bluetooth/boxa-bluetooth-baseus-aequr-v2-alba-a20050500211-00,https://img.gsmnet.ro/600x600/products/197862/boxa-portabila-bluetooth-baseus-7-1730454771.jpg,2026-07-17 02:41:26,264
335743,6933654811088,"Incarcator Retea BWOO CDA147, 65W, 4.5A, 1 x USB-A - 2 x USB-C, Alb ",BWOO,65.99,0,https://www.gsmnet.ro/accesorii-telefoane-tablete-incarcatoare/incarcator-retea-bwoo-cda147-65w-4-5a-1-x-usb-a-2-x-usb-c-alb,https://img.gsmnet.ro/600x600/products/197868/incarcator-retea-bwoo-cda147-4-1730456736.jpg,2026-09-16 03:41:35,27
335780,5906961913579,"Husa pentru Samsung Galaxy A06 A065, OEM, Silicone, Neagra ",OEM,9.99,0,https://www.gsmnet.ro/accesorii-telefoane-tablete-huse/husa-pentru-samsung-galaxy-a06-a065-oem-silicone-neagra,https://img.gsmnet.ro/600x600/products/197905/husa-pentru-samsung-galaxy-1-1730385611.jpg,2026-08-20 01:14:27,129
335782,5906961916280,"Husa pentru Xiaomi 14T Pro, OEM, Silicone, Neagra ",OEM,6.99,0,https://www.gsmnet.ro/accesorii-telefoane-tablete-huse/husa-pentru-xiaomi-14t-pro-oem-silicone-neagra,https://img.gsmnet.ro/600x600/products/197907/husa-pentru-xiaomi-14t-1-1730455215.jpg,2026-07-21 02:44:07,248
335783,5906961915832,"Husa pentru Xiaomi Poco C75 5G / C75 / Redmi 14C, OEM, Silicone, Neagra ",OEM,9.99,0,https://www.gsmnet.ro/accesorii-telefoane-tablete-huse/husa-pentru-xiaomi-poco-c75-5g-c75-redmi-14c-oem-silicone-neagra,https://img.gsmnet.ro/600x600/products/197908/husa-pentru-xiaomi-redmi-1-1730455317.jpg,2026-08-20 01:14:27,129
335795,5906961919960,"Husa pentru Samsung Galaxy S25 Ultra S938, OEM, Slim, Transparenta ",OEM,5.99,0,https://www.gsmnet.ro/accesorii-telefoane-tablete-huse/husa-pentru-samsung-galaxy-s25-ultra-s938-oem-slim-transparenta,https://img.gsmnet.ro/600x600/products/197920/husa-pentru-samsung-galaxy-1-1730389782.jpg,2026-07-21 02:44:07,248
335796,5906961916228,"Husa pentru Xiaomi 14T Pro, OEM, Slim, Transparenta ",OEM,3.99,0,https://www.gsmnet.ro/accesorii-telefoane-tablete-huse/husa-pentru-xiaomi-14t-pro-oem-slim-transparenta,https://img.gsmnet.ro/600x600/products/197921/husa-pentru-xiaomi-14t-1-1730455254.jpg,2026-08-15 01:14:41,149
335798,5906961915672,"Husa pentru Xiaomi Poco C75 5G / C75 / Redmi 14C, OEM, Slim, Transparenta ",OEM,2.99,0,https://www.gsmnet.ro/accesorii-telefoane-tablete-huse/husa-pentru-xiaomi-poco-c75-5g-c75-redmi-14c-oem-slim-transparenta,https://img.gsmnet.ro/600x600/products/197923/husa-pentru-xiaomi-redmi-1-1730455567.jpg,2026-08-26 19:46:38,102
335809,5906961913814,"Husa pentru Samsung Galaxy A06 A065, OEM, Smart Magnetic, Visinie ",OEM,12.99,0,https://www.gsmnet.ro/accesorii-telefoane-tablete-huse/husa-pentru-samsung-galaxy-a06-a065-oem-smart-magnetic-visinie,https://img.gsmnet.ro/600x600/products/197934/husa-pentru-samsung-galaxy-1-1730383604.jpg,2026-07-21 02:44:07,248
335812,5906961920065,"Husa pentru Samsung Galaxy S25 Ultra S938, OEM, Anti Shock, Transparenta",OEM,5.99,0,https://www.gsmnet.ro/accesorii-telefoane-tablete-huse/husa-pentru-samsung-galaxy-s25-ultra-s938-oem-anti-shock-transparenta,https://img.gsmnet.ro/600x600/products/197937/husa-pentru-samsung-galaxy-1-1730389746.jpg,2026-07-25 02:41:22,232
335813,5906961920072,"Husa pentru Samsung Galaxy S25+ S936, OEM, Anti Shock, Transparenta",OEM,5.99,0,https://www.gsmnet.ro/accesorii-telefoane-tablete-huse/husa-pentru-samsung-galaxy-s25-plus-s936-oem-anti-shock-transparenta,https://img.gsmnet.ro/600x600/products/197938/husa-pentru-samsung-galaxy-1-1730389543.jpg,2026-07-21 02:44:07,248
335824,6976757303500,"Folie de protectie Ecran Vmax pentru Samsung Galaxy S24+ S926, Sticla Securizata, Full Glue, 9D, Neagra",Vmax,9.99,0,https://www.gsmnet.ro/accesorii-telefoane-tablete-folii-protectie/folie-de-protectie-ecran-vmax-pentru-samsung-galaxy-s24-plus-s926-sticla-securizata-full-glue-9d-neagra,https://img.gsmnet.ro/600x600/products/197949/folie-de-protectie-ecran-3-1753791173.jpg,2026-08-20 01:14:27,129
335836,7348008755861,"Handsfree Bluetooth Blue Power BPBE28, A2DP, Negru ",Blue Power,21.99,0,https://www.gsmnet.ro/accesorii-telefoane-tablete-casti-audio/handsfree-bluetooth-blue-power-bpbe28-a2dp-negru,https://img.gsmnet.ro/600x600/products/197961/handsfree-bluetooth-blue-power-2-1730903702.jpg,2026-08-15 01:14:41,149
335844,194644125615,"Baterie Externa Wireless Anker 321 MagGo, 5000mAh, 7.5W, PD + FQI, 1 x QI - 1 x USB-C, Neagra A1616G11 ",Anker,149.99,0,https://www.gsmnet.ro/accesorii-telefoane-tablete-baterii-externe/baterie-externa-wireless-anker-321-maggo-5000mah-7-5w-pd-plus-fqi-1-x-qi-1-x-usb-c-neagra-a1616g11,https://img.gsmnet.ro/600x600/products/197969/baterie-externa-wireless-anker-1-1730879052.jpg,2026-09-16 03:41:35,27
335895,6941991106033,"Folie de protectie Ecran Borofone BF6 Diamond Armor pentru Apple iPhone 15 Pro Max, Sticla Securizata, Full Glue, Set 10 bucati, Neagra ",Borofone,42.99,0,https://www.gsmnet.ro/accesorii-telefoane-tablete-folii-protectie/folie-de-protectie-ecran-borofone-bf6-diamond-armor-pentru-apple-iphone-15-pro-max-sticla-securizata-full-glue-set-10-bucati-neagra,https://img.gsmnet.ro/600x600/products/198020/folie-de-protectie-ecran-2-1731340657.jpeg,2026-08-27 21:52:51,100
335939,5903396335181,"Husa pentru Samsung Galaxy S24 FE S721, OEM, Roar Armor Jelly, Transparenta ",OEM,14.99,0,https://www.gsmnet.ro/accesorii-telefoane-tablete-huse/husa-pentru-samsung-galaxy-s24-fe-s721-oem-roar-armor-jelly-transparenta,https://img.gsmnet.ro/600x600/products/198064/husa-pentru-samsung-galaxy-1-1731411073.jpg,2026-08-28 21:46:21,98
336041,5903396335105,"Folie Protectie Bestsuit pentru Samsung Galaxy Watch Ultra, Sticla Flexibila, Neagra",Bestsuit,16.99,0,https://www.gsmnet.ro/wearables-accesorii-wearables/folie-protectie-bestsuit-pentru-samsung-galaxy-watch-ultra-sticla-flexibila-neagra,https://img.gsmnet.ro/600x600/products/198166/folie-protectie-bestsuit-pentru-1-1731919081.jpg,2026-08-25 01:16:01,109
336102,660982723122,"Acumulator Xiaomi Redmi Note 13 Pro 5G, BM5V, Service Pack 1330102000118B ",Xiaomi,110.99,0,https://www.gsmnet.ro/piese-componente-acumulatori/acumulator-xiaomi-redmi-note-13-pro-5g-bm5v-service-pack-1330102000118b,https://img.gsmnet.ro/600x600/products/198227/acumulator-xiaomi-redmi-note-1-1737621043.jpg,2026-07-28 02:34:33,220
336136,6932172614263,"Incarcator Auto Wireless Baseus Halo, 15W, 1.67A, Negru SUDD000001 ",Baseus,149.99,0,https://www.gsmnet.ro/accesorii-telefoane-tablete-incarcatoare/incarcator-auto-wireless-baseus-halo-15w-1-67a-negru-sudd000001,https://img.gsmnet.ro/600x600/products/198261/incarcator-auto-wireless-baseus-13-1732090584.jpg,2026-07-24 02:42:57,236
336138,6932172627904,"Incarcator Retea Baseus GaN5 Pro, 40W, 3A, 2 x USB-C, Negru CCGP180101 ",Baseus,64.99,0,https://www.gsmnet.ro/accesorii-telefoane-tablete-incarcatoare/incarcator-retea-baseus-gan5-pro-40w-3a-2-x-usb-c-negru-ccgp180101,https://img.gsmnet.ro/600x600/products/198263/incarcator-retea-baseus-gan5-1-1732010596.jpg,2026-07-24 02:42:57,236
336278,9490713929070,"Cablu Audio USB-C - 3.5mm Tech-Protect Ultraboost, 1m, Negru ",Tech-Protect,19.99,0,https://www.gsmnet.ro/accesorii-telefoane-tablete-cabluri-adaptori/cablu-audio-usb-c-3-5mm-tech-protect-ultraboost-1m-negru,https://img.gsmnet.ro/600x600/products/198403/cablu-audio-usb-c-3-1732283829.jpg,2026-07-23 02:47:09,240
336328,5906302375455,"Incarcator Statie Tech-Protect DC140W, 140W, 3A, 2 x USB-A - 3 x USB-C, Negru ",Tech-Protect,191.99,0,https://www.gsmnet.ro/accesorii-telefoane-tablete-incarcatoare/incarcator-statie-tech-protect-dc140w-140w-3a-2-x-usb-a-3-x-usb-c-negru,https://img.gsmnet.ro/600x600/products/198453/incarcator-retea-tech-protect-dc140w-7-1732287892.jpg,2026-08-15 01:14:41,149
336329,5906302375448,"Incarcator Statie Tech-Protect DC80W, 80W, 3A, 2 x USB-A - 4 x USB-C, Negru ",Tech-Protect,118.99,0,https://www.gsmnet.ro/accesorii-telefoane-tablete-incarcatoare/incarcator-statie-tech-protect-dc80w-80w-3a-2-x-usb-a-4-x-usb-c-negru,https://img.gsmnet.ro/600x600/products/198454/incarcator-retea-tech-protect-dc80w-7-1732288107.jpg,2026-07-28 02:34:33,220
336356,9490713933824,Receptor Bluetooth Tech-Protect Ultraboost ,Tech-Protect,29.99,0,https://www.gsmnet.ro/gadgeturi-accesorii-auto/receptor-bluetooth-tech-protect-ultraboost,https://img.gsmnet.ro/600x600/products/198481/receptor-bluetooth-tech-protect-ultraboost-4-1732281519.jpg,2026-07-28 02:34:33,220
336376,5906961913845,"Husa pentru Samsung Galaxy A06 A065, OEM, Smart Magnetic, Bleumarin ",OEM,10.99,0,https://www.gsmnet.ro/accesorii-telefoane-tablete-huse/husa-pentru-samsung-galaxy-a06-a065-oem-smart-magnetic-bleumarin,https://img.gsmnet.ro/600x600/products/198501/husa-pentru-samsung-galaxy-1-1732522792.jpg,2026-09-04 03:15:45,75
336378,5906961915726,"Husa pentru Xiaomi Poco C75 5G / C75 / Redmi 14C, OEM, Slim 2mm, Transparenta ",OEM,4.99,0,https://www.gsmnet.ro/accesorii-telefoane-tablete-huse/husa-pentru-xiaomi-poco-c75-5g-c75-redmi-14c-oem-slim-2mm-transparenta,https://img.gsmnet.ro/600x600/products/198503/husa-pentru-xiaomi-redmi-1-1732522564.jpg,2026-08-27 21:52:51,100
336384,5906302372416,"Folie Protectie HOFI Glass PRO+ pentru Xiaomi Redmi Watch 5 Active, Set 2 bucati, Sticla Securizata ",HOFI,15.99,0,https://www.gsmnet.ro/wearables-accesorii-wearables/folie-protectie-hofi-glass-pro-plus-pentru-xiaomi-redmi-watch-5-active-set-2-bucati-sticla-securizata,https://img.gsmnet.ro/600x600/products/198509/folie-protectie-hofi-glass-1-1735547607.jpg,2026-08-15 01:14:41,149
336453,660982717916,"Placa cu Conector Incarcare - Microfon Xiaomi Poco F3, Service Pack 560001K11A00 ",Xiaomi,45.99,0,https://www.gsmnet.ro/piese-componente-conectori-incarcare/placa-cu-conector-incarcare-microfon-xiaomi-poco-f3-service-pack-560001k11a00,https://img.gsmnet.ro/600x600/products/198578/placa-cu-conector-incarcare-1-1748339039.jpg,2026-07-28 02:34:33,220
336460,6976625331796,"Handsfree Bluetooth Dudao U14+, TWS, Negru ",Dudao,37.99,0,https://www.gsmnet.ro/wearables-audio-inclusiv-tws/handsfree-bluetooth-dudao-u14-plus-tws-negru,https://img.gsmnet.ro/600x600/products/198585/handsfree-bluetooth-dudao-u14-plus-1-1733229518.jpg,2026-08-28 21:46:21,98
336478,5903396317187,"Folie de protectie Ecran Blueo Anti-broken pentru Apple iPhone 16 Pro, Sticla Securizata, Full Glue, 5D, Neagra ",Blueo,29.99,0,https://www.gsmnet.ro/accesorii-telefoane-tablete-folii-protectie/folie-de-protectie-ecran-blueo-anti-broken-pentru-apple-iphone-16-pro-sticla-securizata-full-glue-5d-neagra,https://img.gsmnet.ro/600x600/products/198603/folie-de-protectie-ecran-2-1733406214.jpg,2026-08-25 01:16:01,109
336513,660982703575,"Placa cu Conector Incarcare - Microfon - Modul Cititor SIM Xiaomi 13 Lite, Service Pack 5600010L9S00 ",Xiaomi,40.99,0,https://www.gsmnet.ro/piese-componente-conectori-incarcare/placa-cu-conector-incarcare-microfon-modul-cititor-sim-xiaomi-13-lite-service-pack-5600010l9s00,https://img.gsmnet.ro/600x600/products/198638/placa-cu-conector-incarcare-1-1733920854.jpg,2026-09-10 03:25:56,51
336614,6216990211867,"Incarcator Retea Wireless Tech-Protect A12 3in1, 15W, 1.67A, Negru ",Tech-Protect,111.99,0,https://www.gsmnet.ro/accesorii-telefoane-tablete-incarcatoare/incarcator-retea-wireless-tech-protect-a12-3in1-15w-1-67a-negru,https://img.gsmnet.ro/600x600/products/198739/incarcator-retea-wireless-tech-protect-2-1733236218.jpg,2026-08-07 00:01:02,181
336647,5903396328725,"Husa pentru Samsung Galaxy S24 FE S721, OEM, Frame, Mov ",OEM,9.99,0,https://www.gsmnet.ro/accesorii-telefoane-tablete-huse/husa-pentru-samsung-galaxy-s24-fe-s721-oem-frame-mov,https://img.gsmnet.ro/600x600/products/198772/husa-pentru-samsung-galaxy-1-1733130724.jpg,2026-08-25 01:16:01,109
336648,5903396328732,"Husa pentru Samsung Galaxy S24 FE S721, OEM, Frame, Visinie ",OEM,9.99,0,https://www.gsmnet.ro/accesorii-telefoane-tablete-huse/husa-pentru-samsung-galaxy-s24-fe-s721-oem-frame-visinie,https://img.gsmnet.ro/600x600/products/198773/husa-pentru-samsung-galaxy-1-1733131009.jpg,2026-08-25 01:16:01,109
336692,5903396352164,"Husa pentru Samsung Galaxy A15 5G A156 / A15 A155, OEM, UltraThin Matt, Transparenta ",OEM,6.99,0,https://www.gsmnet.ro/accesorii-telefoane-tablete-huse/husa-pentru-samsung-galaxy-a15-5g-a156-a15-a155-oem-ultrathin-matt-transparenta,https://img.gsmnet.ro/600x600/products/198817/husa-pentru-samsung-galaxy-1-1733129546.jpg,2026-08-12 01:58:19,161
336697,5903396349744,"Husa pentru Samsung Galaxy A55 5G A556, OEM, UltraThin Matt, Neagra ",OEM,9.99,0,https://www.gsmnet.ro/accesorii-telefoane-tablete-huse/husa-pentru-samsung-galaxy-a55-5g-a556-oem-ultrathin-matt-neagra,https://img.gsmnet.ro/600x600/products/198822/husa-pentru-samsung-galaxy-1-1733129726.jpg,2026-08-25 01:16:01,109
336706,5903396349805,"Husa pentru Xiaomi Poco M6 / Redmi 13C 5G, OEM, UltraThin Matt, Neagra ",OEM,7.99,0,https://www.gsmnet.ro/accesorii-telefoane-tablete-huse/husa-pentru-xiaomi-poco-m6-redmi-13c-5g-oem-ultrathin-matt-neagra,https://img.gsmnet.ro/600x600/products/198831/husa-pentru-xiaomi-redmi-1-1733129744.jpg,2026-08-01 02:50:04,204
336723,5900495037336,"Jump Starter Auto Forever JS-400, 4in1, Albastru",Forever,235.99,0,https://www.gsmnet.ro/gadgeturi-accesorii-auto/jump-starter-auto-forever-js-400-4in1-albastru,https://img.gsmnet.ro/600x600/products/198848/jump-starter-auto-forever-1-1734342539.jpg,2026-07-29 02:40:35,216
336732,5907457787322,"Cablu Incarcare USB-A - Lightning / 2 x USB-C Forever 3in1, 100W, 1.2m, Negru",Forever,15.99,0,https://www.gsmnet.ro/accesorii-telefoane-tablete-cabluri-adaptori/cablu-incarcare-usb-a-lightning-2-x-usb-c-forever-3in1-100w-1-2m-negru,https://img.gsmnet.ro/600x600/products/198857/cablu-incarcare-usb-a-4-1734013242.jpg,2026-08-05 02:33:14,188
336733,6976975611661,"Incarcator Auto Wireless WiWu CH-317, 15W, 1.67A, Negru ",WiWu,104.99,0,https://www.gsmnet.ro/accesorii-telefoane-tablete-incarcatoare/incarcator-auto-wireless-wiwu-ch-317-15w-1-67a-negru,https://img.gsmnet.ro/600x600/products/198858/incarcator-auto-wireless-wiwu-1-1733830349.jpg,2026-07-29 02:40:35,216
336736,5907457775176,"Lampa Led Veghe Forever FLC-20, 3000K, Senzor, Alba",Forever,33.99,0,https://www.gsmnet.ro/gadgeturi-utile/lampa-led-veghe-forever-flc-20-3000k-senzor-alba,https://img.gsmnet.ro/600x600/products/198861/lampa-veghe-forever-flc-20-3-1733480034.jpg,2026-09-15 03:44:46,31
336748,5900495275165,"Baterie Externa Wireless Forever MATB-100, 10000mAh, 22.5W, QC + PD + FQI, 1 x QI - 1 x USB-A - 1 x USB-C, Neagra ",Forever,74.99,0,https://www.gsmnet.ro/accesorii-telefoane-tablete-baterii-externe/baterie-externa-wireless-forever-matb-100-10000mah-22-5w-qc-plus-pd-plus-fqi-1-x-qi-1-x-usb-a-1-x-usb-c-neagra,https://img.gsmnet.ro/600x600/products/198873/baterie-externa-wireless-forever-1-1733758112.jpg,2026-07-29 02:40:35,216
336764,6941812775035,"Incarcator Retea Wireless Xiaomi MDY-16-ES, 80W, Alb BHR8304GL",Xiaomi,354.99,0,https://www.gsmnet.ro/accesorii-telefoane-tablete-incarcatoare/incarcator-retea-wireless-xiaomi-mdy-16-es-80w-alb-bhr8304gl,https://img.gsmnet.ro/600x600/products/198889/incarcator-retea-wireless-xiaomi-1-1737035719.jpg,2026-08-11 01:46:05,165
336787,5904643055777,"Husa pentru Oppo A40M / A40 / A3 4G, OEM, Marva Wallet, Neagra",OEM,24.99,0,https://www.gsmnet.ro/accesorii-telefoane-tablete-huse/husa-pentru-oppo-a40m-a40-a3-4g-oem-marva-wallet-neagra,https://img.gsmnet.ro/600x600/products/198912/husa-pentru-oppo-a40m-1-1733758707.jpg,2026-08-26 19:46:38,102
336803,6974772422602,"Camera de Supraveghere Botslab 2E Pro C213, Wi-Fi, 2K, Interior ",Botslab,109.99,0,https://www.gsmnet.ro/gadgeturi-smart-home/camera-de-supraveghere-botslab-2e-pro-c213-wi-fi-2k-interior,https://img.gsmnet.ro/600x600/products/198928/camera-de-supraveghere-botslab-7-1733739157.jpg,2026-08-13 02:00:15,157
336819,5906302372195,"Incarcator Retea Wireless MagSafe Tech-Protect A38, 15W, 1.67A, Negru ",Tech-Protect,63.99,0,https://www.gsmnet.ro/accesorii-telefoane-tablete-incarcatoare/incarcator-retea-wireless-magsafe-tech-protect-a38-15w-1-67a-negru,https://img.gsmnet.ro/600x600/products/198944/incarcator-retea-wireless-magsafe-8-1735548423.jpg,2026-07-23 02:47:09,240
336844,641956273829,Display cu Touchscreen MP compatibil cu Xiaomi Redmi Note 9 5G / Note 9T,MP,99.99,0,https://www.gsmnet.ro/piese-componente-display-cu-touchscreen/display-cu-touchscreen-mp-compatibil-cu-xiaomi-redmi-note-9-5g-note-9t,https://img.gsmnet.ro/600x600/products/198969/display-cu-touchscreen-mp-3-1737362860.jpg,2026-07-21 02:44:07,248
336845,641956272471,"Display cu Touchscreen MP compatibil cu Samsung Galaxy A02s A025G, cu Rama, Negru ",MP,104.99,0,https://www.gsmnet.ro/piese-componente-display-cu-touchscreen/display-cu-touchscreen-mp-compatibil-cu-samsung-galaxy-a02s-a025g-cu-rama-negru,https://img.gsmnet.ro/600x600/products/198970/display-cu-touchscreen-mp-4-1736325908.jpg,2026-08-05 02:33:14,188
336858,660982710160,"Display cu Touchscreen MP compatibil cu Honor 70, Versiune OLED",MP,199.99,0,https://www.gsmnet.ro/piese-componente-display-cu-touchscreen/display-cu-touchscreen-mp-compatibil-cu-honor-70-versiune-oled,https://img.gsmnet.ro/600x600/products/198983/display-cu-touchscreen-mp-1-1736843607.jpg,2026-08-05 02:33:14,188
336893,619659177416,"Card Memorie microSDHC SanDisk Extreme, 32Gb, Clasa 10 / UHS-1 U3 SDSQXAF-032G-GN6MN ",SanDisk,93.99,0,https://www.gsmnet.ro/accesorii-telefoane-tablete-carduri-memorii-usb/card-memorie-microsdhc-sandisk-extreme-32gb-clasa-10-uhs-1-u3-sdsqxaf-032g-gn6mn,https://img.gsmnet.ro/600x600/products/199018/card-memorie-microsdxc-sandisk-1-1734964501.jpg,2026-08-26 19:46:38,102
336907,6924922217879,Telecomanda Yeelight compatibila cu Lampa Smart pentru tavan YLYK01YL ,Yeelight,28.99,0,https://www.gsmnet.ro/gadgeturi-smart-home/telecomanda-yeelight-compatibila-cu-lampa-smart-pentru-tavan-ylyk01yl,https://img.gsmnet.ro/600x600/products/199032/telecomanda-yeelight-compatibila-cu-2-1736946082.jpg,2026-08-06 02:35:29,184
336920,6924922222484,"Bec LED Yeelight W4 Lite, Wi-Fi, E27, 9W, 2700K - 6500K, 806lm YLQDP-0012 ",Yeelight,42.99,0,https://www.gsmnet.ro/gadgeturi-smart-home/bec-led-yeelight-w4-lite-wi-fi-e27-9w-2700k-6500k-806lm-ylqdp-0012,https://img.gsmnet.ro/600x600/products/199045/bec-led-yeelight-w4-1-1736939689.jpg,2026-09-03 03:17:44,79
336977,4251488616467,"Acumulator Xiaomi Redmi 8A / 8, BN51, Service Pack 46BN51W02093 ",Xiaomi,38.99,0,https://www.gsmnet.ro/piese-componente-acumulatori/acumulator-xiaomi-redmi-8a-8-bn51-service-pack-46bn51w02093,https://img.gsmnet.ro/600x600/products/199102/acumulator-xiaomi-redmi-8a-1-1737620596.jpg,2026-07-28 02:34:33,220
337109,194644149192,"Baterie Externa Anker PowerCore 335, 20000mAh, 22.5W, QC + PD, 1 x USB-A - 2 x USB-C, Neagra A1647G11 ",Anker,171.99,0,https://www.gsmnet.ro/accesorii-telefoane-tablete-baterii-externe/baterie-externa-anker-powercore-335-20000mah-22-5w-qc-plus-pd-1-x-usb-a-2-x-usb-c-neagra-a1647g11,https://img.gsmnet.ro/600x600/products/199235/baterie-externa-anker-powercore-2-1736930767.jpg,2026-07-24 02:42:57,236
337132,6957303861675,"Prelungitor UGREEN CD270, 2 x Schuko - 1 x USB-A - 3 x USB-C, Gri",UGREEN,319.99,0,https://www.gsmnet.ro/gadgeturi-utile/prelungitor-ugreen-cd270-2-x-schuko-1-x-usb-a-3-x-usb-c-gri,https://img.gsmnet.ro/600x600/products/199258/incarcator-retea-ugreen-cd270-9-1736341553.jpg,2026-07-24 02:42:57,236
337154,6957303852475,"Conector Retea UGREEN NW111, RJ45, Cat6, Set 50 bucati",UGREEN,24.99,0,https://www.gsmnet.ro/accesorii-pc-laptop-retea/conector-retea-ugreen-nw111-rj45-cat6-set-50-bucati,https://img.gsmnet.ro/600x600/products/199280/conector-retea-ugreen-nw111-3-1734602666.jpg,2026-08-07 00:01:02,181
337159,6957303855810,"Incarcator Retea Cu Cablu USB-C UGREEN CD250, 25W, 3A, 1 x USB-C, Negru",UGREEN,59.99,0,https://www.gsmnet.ro/accesorii-telefoane-tablete-incarcatoare/incarcator-retea-cu-cablu-usb-c-ugreen-cd250-25w-3a-1-x-usb-c-negru,https://img.gsmnet.ro/600x600/products/199285/incarcator-retea-cu-cablu-2-1734701411.jpg,2026-08-07 00:01:02,181
337180,5904643052639,"Folie de protectie Ecran Bear HD pentru Apple iPhone 16, Sticla Securizata, Full Glue, Neagra ",Bear,13.99,0,https://www.gsmnet.ro/accesorii-telefoane-tablete-folii-protectie/folie-de-protectie-ecran-bear-hd-pentru-apple-iphone-16-sticla-securizata-full-glue-neagra,https://img.gsmnet.ro/600x600/products/199306/folie-de-protectie-ecran-1-1737555702.jpg,2026-09-09 03:28:00,55
337222,194644177997,"Cablu Date si Incarcare USB-C - USB-C Anker, 240W, 0.9m, Negru A80N1H11 ",Anker,99.99,0,https://www.gsmnet.ro/accesorii-telefoane-tablete-cabluri-adaptori/cablu-date-incarcare-usb-c-usb-c-anker-240w-0-9m-negru-a80n1h11,https://img.gsmnet.ro/600x600/products/199348/cablu-date-incarcare-7-1736950407.jpg,2026-07-24 02:42:57,236
337227,194644158903,"Boxa Portabila Bluetooth Anker SoundCore Glow Mini, 8W, RGB, Waterproof, Neagra A3136G11 ",Anker,209.99,0,https://www.gsmnet.ro/gadgeturi-boxe-bluetooth/boxa-portabila-bluetooth-anker-soundcore-glow-mini-8w-rgb-waterproof-neagra-a3136g11,https://img.gsmnet.ro/600x600/products/199353/boxa-portabila-bluetooth-anker-4-1736869574.jpg,2026-07-24 02:42:57,236
337234,5903396350146,"Husa pentru Oppo A60, OEM, Matt, Neagra ",OEM,8.99,0,https://www.gsmnet.ro/accesorii-telefoane-tablete-huse/husa-pentru-oppo-a60-oem-matt-neagra,https://img.gsmnet.ro/600x600/products/199360/husa-pentru-oppo-a60-1-1743582416.jpg,2026-07-21 02:44:07,248
337359,6932172606299,"Hub USB-C Baseus Lite, 4 x USB-A 3.2 - 1 x USB-C, 2m, Alb WKQX030502",Baseus,59.99,0,https://www.gsmnet.ro/accesorii-pc-laptop-hub-uri/hub-usb-c-baseus-lite-4-x-usb-a-3-2-1-x-usb-c-2m-alb-wkqx030502,https://img.gsmnet.ro/600x600/products/199485/hub-usb-c-baseus-lite-1-1737018799.jpeg,2026-08-07 00:01:02,181
337370,5903108552349,"Husa pentru Samsung Galaxy Xcover7 G556, 3MK, Neagra Mata",3MK,4.99,0,https://www.gsmnet.ro/accesorii-telefoane-tablete-huse/husa-pentru-samsung-galaxy-xcover7-g556-3mk-neagra-mata,https://img.gsmnet.ro/600x600/products/199496/husa-pentru-samsung-galaxy-1-1734690873.jpg,2026-08-26 19:46:38,102
337374,5903396328558,"Husa pentru Samsung Galaxy A16 5G A166 / A16 4G A165, OEM, Matrix, Mov ",OEM,16.99,0,https://www.gsmnet.ro/accesorii-telefoane-tablete-huse/husa-pentru-samsung-galaxy-a16-5g-a166-a16-4g-a165-oem-matrix-mov,https://img.gsmnet.ro/600x600/products/199500/husa-pentru-samsung-galaxy-2-1735287366.jpg,2026-08-25 01:16:01,109
337396,5903396329135,"Folie de protectie Ecran Veason PRO pentru Samsung Galaxy A06 4G / A06 5G, Sticla Securizata, Full Glue, 6D, Neagra ",Veason ,7.99,0,https://www.gsmnet.ro/accesorii-telefoane-tablete-folii-protectie/folie-de-protectie-ecran-veason-pro-pentru-samsung-galaxy-a06-4g-a06-5g-sticla-securizata-full-glue-6d-neagra,https://img.gsmnet.ro/600x600/products/199522/folie-de-protectie-ecran-2-1737546904.jpg,2026-07-29 02:40:35,216
337440,660982712133,Adeziv Display Apple iPhone 15 Plus ,Aftermarket,2.99,0,https://www.gsmnet.ro/piese-componente-suruburi-adezivi/adeziv-display-apple-iphone-15-plus,https://img.gsmnet.ro/600x600/products/199566/adeziv-display-apple-iphone-1-1737635899.jpg,2026-09-12 03:28:29,43
337504,660982710177,Display cu Touchscreen MP compatibil cu Honor X9 5G / Magic4 Lite,MP,183.99,0,https://www.gsmnet.ro/piese-componente-display-cu-touchscreen/display-cu-touchscreen-mp-compatibil-cu-honor-x9-5g-magic4-lite,https://img.gsmnet.ro/600x600/products/199630/display-cu-touchscreen-mp-3-1737124576.jpg,2026-09-16 03:41:35,27
337520,660982726857,Adeziv Display Apple iPhone 11 Pro ,Aftermarket,6.99,0,https://www.gsmnet.ro/piese-componente-suruburi-adezivi/adeziv-display-apple-iphone-11-pro,https://img.gsmnet.ro/600x600/products/199646/adeziv-display-apple-iphone-1-1744277951.jpg,2026-09-12 03:28:29,43
337529,641956272426,Display cu Touchscreen MP compatibil cu Realme C67 4G ,MP,44.99,0,https://www.gsmnet.ro/piese-componente-display-cu-touchscreen/display-cu-touchscreen-mp-compatibil-cu-realme-c67-4g,https://img.gsmnet.ro/600x600/products/199655/display-cu-touchscreen-mp-1-1737454082.jpg,2026-09-18 03:33:07,19
337547,660982710252,"Display cu Touchscreen MP compatibil cu Huawei nova 10, Versiune OLED ",MP,159.99,0,https://www.gsmnet.ro/piese-componente-display-cu-touchscreen/display-cu-touchscreen-mp-compatibil-cu-huawei-nova-10-versiune-oled,https://img.gsmnet.ro/600x600/products/199673/display-cu-touchscreen-mp-1-1739442892.jpg,2026-07-21 02:44:07,248
337563,660982710986,Display cu Touchscreen MP compatibil cu vivo Y35 (2015) ,MP,44.99,0,https://www.gsmnet.ro/piese-componente-display-cu-touchscreen/display-cu-touchscreen-mp-compatibil-cu-vivo-y35-2015,https://img.gsmnet.ro/600x600/products/199689/display-cu-touchscreen-mp-3-1751627922.jpg,2026-08-07 00:01:02,181
337564,641956273324,Display cu Touchscreen MP compatibil cu vivo Y35 5G ,MP,39.99,0,https://www.gsmnet.ro/piese-componente-display-cu-touchscreen/display-cu-touchscreen-mp-compatibil-cu-vivo-y35-5g,https://img.gsmnet.ro/600x600/products/199690/display-cu-touchscreen-mp-1-1742291278.jpg,2026-07-22 02:41:39,244
337568,641956273867,Display cu Touchscreen MP compatibil cu ZTE Blade A73 5G ,MP,99.99,0,https://www.gsmnet.ro/piese-componente-display-cu-touchscreen/display-cu-touchscreen-mp-compatibil-cu-zte-blade-a73-5g,https://img.gsmnet.ro/600x600/products/199694/display-cu-touchscreen-mp-1-1739970521.jpg,2026-08-20 01:14:27,129
337571,641956273874,Display cu Touchscreen MP compatibil cu ZTE Blade V50 Vita,MP,49.99,0,https://www.gsmnet.ro/piese-componente-display-cu-touchscreen/display-cu-touchscreen-mp-compatibil-cu-zte-blade-v50-vita,https://img.gsmnet.ro/600x600/products/199697/display-cu-touchscreen-mp-1-1739807485.jpg,2026-09-18 03:33:07,19
337618,6953156201705,"Incarcator Retea Baseus Speed Mini, 20W, 3A, 1 x USB-C, Alb CCFS-SN02 ",Baseus,0.0,0,https://www.gsmnet.ro/accesorii-telefoane-tablete-incarcatoare/incarcator-retea-baseus-speed-mini-20w-3a-1-x-usb-c-alb-ccfs-sn02,https://img.gsmnet.ro/600x600/products/199744/incarcator-retea-baseus-speed-6-1736934811.jpg,2026-09-11 03:23:04,47
337624,660982734708,"Geam Camera Spate Huawei nova Y90, Verde ",Aftermarket,1.99,0,https://www.gsmnet.ro/piese-componente-componente-carcasa/geam-camera-spate-huawei-nova-y90-verde,https://img.gsmnet.ro/600x600/products/199750/geam-camera-spate-huawei-1-1739196736.jpg,2026-09-12 03:28:29,43
337626,6953156293441,"Organizator Cabluri Baseus Circle, Velcro, 1m, Negru ACMGT-E01 ",Baseus,6.99,0,https://www.gsmnet.ro/accesorii-pc-laptop-protectie-organizare/organizator-cabluri-baseus-circle-velcro-1m-negru-acmgt-e01,https://img.gsmnet.ro/600x600/products/199752/organizator-cabluri-baseus-circle-5-1737019304.jpg,2026-08-07 00:01:02,181
337635,5906302322039,"Folie de protectie Ecran Privacy HOFI Glass PRO+ pentru Samsung Galaxy S25 S931, Sticla Securizata, Full Glue, Set 2 bucati ",HOFI,26.99,0,https://www.gsmnet.ro/accesorii-telefoane-tablete-folii-protectie/folie-de-protectie-ecran-privacy-hofi-glass-pro-plus-pentru-samsung-galaxy-s25-s931-sticla-securizata-full-glue-set-2-bucati,https://img.gsmnet.ro/600x600/products/199761/folie-de-protectie-ecran-2-1737041192.jpg,2026-07-21 02:44:07,248
337636,5906302322329,"Folie de protectie Ecran Privacy HOFI Glass PRO+ pentru Samsung Galaxy S25 Ultra S938, Sticla Securizata, Full Glue, Set 2 bucati ",HOFI,26.99,0,https://www.gsmnet.ro/accesorii-telefoane-tablete-folii-protectie/folie-de-protectie-ecran-privacy-hofi-glass-pro-plus-pentru-samsung-galaxy-s25-ultra-s938-sticla-securizata-full-glue-set-2-bucati,https://img.gsmnet.ro/600x600/products/199762/folie-de-protectie-ecran-2-1737041216.jpg,2026-08-01 02:50:04,204
337654,5906302322084,"Husa pentru Samsung Galaxy S25 S931, Tech-Protect, Magmat, Neagra ",Tech-Protect,24.99,0,https://www.gsmnet.ro/accesorii-telefoane-tablete-huse/husa-pentru-samsung-galaxy-s25-s931-tech-protect-magmat-neagra,https://img.gsmnet.ro/600x600/products/199780/husa-pentru-samsung-galaxy-1-1737041743.jpg,2026-07-21 02:44:07,248
337662,5907457791688,"Folie de protectie Ecran Privacy OEM Updated pentru Apple iPhone 16 Pro, Sticla Securizata, Full Glue ",OEM,8.99,0,https://www.gsmnet.ro/accesorii-telefoane-tablete-folii-protectie/folie-de-protectie-ecran-privacy-oem-updated-pentru-apple-iphone-16-pro-sticla-securizata-full-glue,https://img.gsmnet.ro/600x600/products/199788/folie-de-protectie-ecran-1-1737472122.jpg,2026-08-01 02:50:04,204
337665,5907457795952,"Cablu Date si Incarcare USB-C - USB-C MaXlife MXUC-11 Magnetic, 100W, 1m, Negru ",MaXlife,19.99,0,https://www.gsmnet.ro/accesorii-telefoane-tablete-cabluri-adaptori/cablu-date-incarcare-usb-c-usb-c-maxlife-mxuc-11-magnetic-100w-1m-negru,https://img.gsmnet.ro/600x600/products/199791/cablu-date-incarcare-1-1737102852.jpg,2026-08-04 02:33:52,192
337701,660982717411,"Geam Camera Spate Apple iPhone 13 / 13 mini, UltraWide, Negru ",Aftermarket,4.99,0,https://www.gsmnet.ro/piese-componente-componente-carcasa/geam-camera-spate-apple-iphone-13-13-mini-ultrawide-negru,https://img.gsmnet.ro/600x600/products/199827/geam-camera-spate-apple-1-1739181897.jpg,2026-07-25 02:41:22,232
337737,194644038427,"Baterie Externa Anker Zolo, 10000mAh, 30W, QC + PD, 1 x USB-A - 2 x USB-C, Albastra A1688031 ",Anker,122.99,0,https://www.gsmnet.ro/accesorii-telefoane-tablete-baterii-externe/baterie-externa-anker-zolo-10000mah-30w-qc-plus-pd-1-x-usb-a-2-x-usb-c-albastra-a1688031,https://img.gsmnet.ro/600x600/products/199863/baterie-externa-anker-zolo-1-1737107936.jpg,2026-07-24 02:42:57,236
337739,6932172605728,"Cablu Date si Incarcare USB-A - USB-C Baseus Explorer, 100W, 2m, Negru CATS000301 ",Baseus,47.99,0,https://www.gsmnet.ro/accesorii-telefoane-tablete-cabluri-adaptori/cablu-date-incarcare-usb-a-usb-c-baseus-explorer-100w-2m-negru-cats000301,https://img.gsmnet.ro/600x600/products/199865/cablu-date-incarcare-4-1737110840.jpg,2026-07-24 02:42:57,236
337741,6932172631710,"Handsfree Bluetooth Baseus Bowie H1i, A2DP, ANC, Negru A00050402113-00 ",Baseus,183.99,0,https://www.gsmnet.ro/accesorii-telefoane-tablete-casti-audio/handsfree-bluetooth-baseus-bowie-h1i-a2dp-anc-negru-a00050402113-00,https://img.gsmnet.ro/600x600/products/199867/handsfree-bluetooth-baseus-h1i-8-1737113470.jpg,2026-07-24 02:42:57,236
337743,6932172600587,"Cablu Date si Incarcare USB-A - USB-C Baseus Display, 66W, 2m, Negru CASX020101 ",Baseus,42.99,0,https://www.gsmnet.ro/accesorii-telefoane-tablete-cabluri-adaptori/cablu-date-incarcare-usb-a-usb-c-baseus-display-66w-2m-negru-casx020101,https://img.gsmnet.ro/600x600/products/199869/cablu-date-incarcare-1-1737113654.jpg,2026-07-24 02:42:57,236
337751,6920680854356,"Smartwatch XO Design J6, Negru ",XO Design,118.99,0,https://www.gsmnet.ro/wearables-smartwatch/smartwatch-xo-design-j6-negru,https://img.gsmnet.ro/600x600/products/199877/smartwatch-xo-design-j6-2-1737375309.jpg,2026-07-18 02:32:25,260
337759,5906961951380,"Folie de protectie Ecran OEM pentru Samsung Galaxy M16 M166 / Galaxy A26 A266 / A16 5G A166 / A16 4G A165, Sticla Securizata, Full Glue, 10D, Neagra ",OEM,8.99,0,https://www.gsmnet.ro/accesorii-telefoane-tablete-folii-protectie/folie-de-protectie-ecran-oem-pentru-samsung-galaxy-m16-m166-galaxy-a26-a266-a16-5g-a166-a16-4g-a165-sticla-securizata-full-glue-10d-neagra,https://img.gsmnet.ro/600x600/products/199885/folie-de-protectie-ecran-2-1737473919.jpg,2026-07-21 02:44:07,248
337817,5906302322213,"Folie de protectie Camera Spate HOFI CamRing PRO+ pentru Samsung Galaxy S25+ S936, Sticla Securizata, Neagra",HOFI,16.99,0,https://www.gsmnet.ro/accesorii-telefoane-tablete-folii-protectie/folie-de-protectie-camera-spate-hofi-camring-pro-plus-pentru-samsung-galaxy-s25-plus-s936-sticla-securizata-neagra,https://img.gsmnet.ro/600x600/products/199944/folie-de-protectie-camera-3-1737556132.jpg,2026-07-28 02:34:33,220
337881,9490713932247,"Adaptor Date si Incarcare USB-C - USB-A Tech-Protect Ultraboost, Negru ",Tech-Protect,10.99,0,https://www.gsmnet.ro/accesorii-telefoane-tablete-cabluri-adaptori/adaptor-date-incarcare-usb-c-usb-a-tech-protect-ultraboost-negru,https://img.gsmnet.ro/600x600/products/200009/adaptor-date-incarcare-1-1737972257.jpg,2026-07-23 02:47:09,240
337884,9490713929087,"Cablu Audio Lightning - 3.5mm Tech-Protect Ultraboost, 1m, Negru ",Tech-Protect,19.99,0,https://www.gsmnet.ro/accesorii-telefoane-tablete-cabluri-adaptori/cablu-audio-lightning-3-5mm-tech-protect-ultraboost-1m-negru,https://img.gsmnet.ro/600x600/products/200012/cablu-audio-lightning-3-1737972427.jpg,2026-08-01 02:50:04,204
337889,5906302360758,"Instrument Curatare Tech-Protect CS01, 20in1, Alb ",Tech-Protect,39.99,0,https://www.gsmnet.ro/aparatura-instrumente-service-instrumente-service/instrument-curatare-tech-protect-cs01-20in1-alb,https://img.gsmnet.ro/600x600/products/200017/instrument-curatare-tech-protect-cs01-1-1737969842.jpg,2026-07-29 02:40:35,216
338031,660982712522,"Capac Baterie compatibil cu Samsung Galaxy S8 G950, Negru ",Aftermarket,14.99,0,https://www.gsmnet.ro/piese-componente-capace-baterie/capac-baterie-compatibil-cu-samsung-galaxy-s8-g950-negru,https://img.gsmnet.ro/600x600/products/200161/capac-baterie-compatibil-cu-1-1738675653.jpg,2026-09-12 03:28:29,43
338033,660982726246,"Capac Baterie compatibil cu Samsung Galaxy S8 G950, Gri ",Aftermarket,9.99,0,https://www.gsmnet.ro/piese-componente-capace-baterie/capac-baterie-compatibil-cu-samsung-galaxy-s8-g950-gri,https://img.gsmnet.ro/600x600/products/200163/capac-baterie-compatibil-cu-1-1738672900.jpg,2026-09-12 03:28:29,43
338037,660982717329,"Capac Baterie compatibil cu Samsung Galaxy S21 Ultra 5G G998, Argintiu ",Aftermarket,14.99,0,https://www.gsmnet.ro/piese-componente-capace-baterie/capac-baterie-compatibil-cu-samsung-galaxy-s21-ultra-5g-g998-argintiu,https://img.gsmnet.ro/600x600/products/200168/capac-baterie-compatibil-cu-1-1738833927.jpg,2026-07-25 02:41:22,232
338047,660982712461,"Capac Baterie compatibil cu Samsung Galaxy S20+ 5G G986 / S20+ G985, Albastru ",Aftermarket,10.99,0,https://www.gsmnet.ro/piese-componente-capace-baterie/capac-baterie-compatibil-cu-samsung-galaxy-s20-plus-5g-g986-s20-plus-g985-albastru,https://img.gsmnet.ro/600x600/products/200179/capac-baterie-compatibil-cu-1-1738832248.jpg,2026-09-12 03:28:29,43
338077,660982712294,"Capac Baterie compatibil cu Samsung Galaxy Note 10+ N975, Negru ",Aftermarket,9.99,0,https://www.gsmnet.ro/piese-componente-capace-baterie/capac-baterie-compatibil-cu-samsung-galaxy-note-10-plus-n975-negru,https://img.gsmnet.ro/600x600/products/200213/capac-baterie-compatibil-cu-1-1738758767.jpg,2026-08-14 01:58:28,153
338089,660982712263,"Capac Baterie compatibil cu Samsung Galaxy A51 A515, Negru ",Aftermarket,7.99,0,https://www.gsmnet.ro/piese-componente-capace-baterie/capac-baterie-compatibil-cu-samsung-galaxy-a51-a515-negru,https://img.gsmnet.ro/600x600/products/200225/capac-baterie-compatibil-cu-1-1742911500.jpg,2026-08-15 01:14:41,149
338131,660982726130,"Capac Baterie compatibil cu Xiaomi Mi Note 10, Negru ",Aftermarket,17.99,0,https://www.gsmnet.ro/piese-componente-capace-baterie/capac-baterie-compatibil-cu-xiaomi-mi-note-10-negru,https://img.gsmnet.ro/600x600/products/200275/capac-baterie-compatibil-cu-1-1738848404.jpg,2026-09-12 03:28:29,43
338162,5903396280740,"Husa pentru Xiaomi Redmi Note 13 Pro+, OEM, Milano, Albastra ",OEM,9.99,0,https://www.gsmnet.ro/accesorii-telefoane-tablete-huse/husa-pentru-xiaomi-redmi-note-13-pro-plus-oem-milano-albastra,https://img.gsmnet.ro/600x600/products/200309/husa-pentru-xiaomi-redmi-1-1738062053.jpg,2026-07-18 02:32:25,260
338182,6957303819805,"Cablu Retea UGREEN NW134 Flat, UTP, Cat8, 1m, Negru ",UGREEN,15.99,0,https://www.gsmnet.ro/accesorii-pc-laptop-retea/cablu-retea-ugreen-nw134-flat-utp-cat8-1m-negru,https://img.gsmnet.ro/600x600/products/200329/cablu-retea-ugreen-nw134-1-1738052490.jpg,2026-08-07 00:01:02,181
338191,6957303814954,"Prelungitor USB 3.0 UGREEN US115, 1m, Gri ",UGREEN,21.99,0,https://www.gsmnet.ro/accesorii-pc-laptop-accesorii-usb/prelungitor-usb-3-0-ugreen-us115-1m-gri,https://img.gsmnet.ro/600x600/products/200339/prelungitor-usb-ugreen-us115-4-1738054179.jpg,2026-08-07 00:01:02,181
338220,6932172634070,"Cablu Date si Incarcare USB-A - USB-C Baseus Pudding, 100W, 1.2m, Albastru P10355703311-00 ",Baseus,12.99,0,https://www.gsmnet.ro/accesorii-telefoane-tablete-cabluri-adaptori/cablu-date-incarcare-usb-a-usb-c-baseus-pudding-100w-1-2m-albastru-p10355703311-00,https://img.gsmnet.ro/600x600/products/200370/cablu-date-incarcare-4-1737988925.jpg,2026-07-24 02:42:57,236
338302,5907457753631,"Husa pentru Samsung Galaxy A15 5G A156 / A15 A155, OEM, Finger Grip, Roz ",OEM,10.99,0,https://www.gsmnet.ro/accesorii-telefoane-tablete-huse/husa-pentru-samsung-galaxy-a15-5g-a156-a15-a155-oem-finger-grip-roz,https://img.gsmnet.ro/600x600/products/200452/husa-pentru-samsung-galaxy-1-1738317711.jpg,2026-08-05 02:33:14,188
338316,5907457782860,"Husa pentru Honor 200, OEM, Smart Magnet, Aurie ",OEM,4.99,0,https://www.gsmnet.ro/accesorii-telefoane-tablete-huse/husa-pentru-honor-200-oem-smart-magnet-aurie,https://img.gsmnet.ro/600x600/products/200466/husa-pentru-honor-200-1-1738310985.jpg,2026-08-05 02:33:14,188
338326,5903396254741,"Folie de protectie Ecran OEM Automatic Alignment pentru Apple iPhone 12 Pro, Sticla Securizata, Full Glue, 5D, Neagra",OEM,9.99,0,https://www.gsmnet.ro/accesorii-telefoane-tablete-folii-protectie/folie-de-protectie-ecran-oem-automatic-alignment-pentru-apple-iphone-12-pro-sticla-securizata-full-glue-5d-neagra,https://img.gsmnet.ro/600x600/products/200476/folie-de-protectie-ecran-1-1739190680.jpg,2026-07-23 02:47:09,240
338327,5903396254680,"Folie de protectie Ecran OEM Automatic Alignment pentru Apple iPhone 14 Plus / 13 Pro Max, Sticla Securizata, Full Glue, 5D, Neagra",OEM,9.99,0,https://www.gsmnet.ro/accesorii-telefoane-tablete-folii-protectie/folie-de-protectie-ecran-oem-automatic-alignment-pentru-apple-iphone-14-plus-13-pro-max-sticla-securizata-full-glue-5d-neagra,https://img.gsmnet.ro/600x600/products/200477/folie-de-protectie-ecran-1-1739189348.jpg,2026-07-18 02:32:25,260
338328,5903396254666,"Folie de protectie Ecran OEM Automatic Alignment pentru Apple iPhone 14 Pro Max, Sticla Securizata, Full Glue, 5D, Neagra",OEM,10.99,0,https://www.gsmnet.ro/accesorii-telefoane-tablete-folii-protectie/folie-de-protectie-ecran-oem-automatic-alignment-pentru-apple-iphone-14-pro-max-sticla-securizata-full-glue-5d-neagra,https://img.gsmnet.ro/600x600/products/200478/folie-de-protectie-ecran-1-1739190670.jpg,2026-07-29 02:40:35,216
338458,6971824161120,"Husa MagSafe pentru Samsung Galaxy S25+ S936, DUX DUCIS, Yind, Gri ",DUX DUCIS,19.99,0,https://www.gsmnet.ro/accesorii-telefoane-tablete-huse/husa-magsafe-pentru-samsung-galaxy-s25-plus-s936-dux-ducis-yind-gri,https://img.gsmnet.ro/600x600/products/200608/husa-magsafe-pentru-samsung-1-1738310820.jpg,2026-08-08 01:40:23,177
338463,6971824160642,"Husa pentru Samsung Galaxy S25 S931, DUX DUCIS, Skin Pro, Neagra ",DUX DUCIS,29.99,0,https://www.gsmnet.ro/accesorii-telefoane-tablete-huse/husa-pentru-samsung-galaxy-s25-s931-dux-ducis-skin-pro-neagra,https://img.gsmnet.ro/600x600/products/200613/husa-pentru-samsung-galaxy-2-1738311850.jpg,2026-08-25 01:16:01,109
338465,6971824160703,"Husa pentru Samsung Galaxy S25 Ultra S938, DUX DUCIS, Skin Pro, Neagra ",DUX DUCIS,30.99,0,https://www.gsmnet.ro/accesorii-telefoane-tablete-huse/husa-pentru-samsung-galaxy-s25-ultra-s938-dux-ducis-skin-pro-neagra,https://img.gsmnet.ro/600x600/products/200615/husa-pentru-samsung-galaxy-4-1738312480.jpg,2026-08-25 01:16:01,109
338481,5907769364297,"Folie de protectie Ecran Privacy WZK AntiSpy pentru Apple iPhone 16 Pro Max, Sticla Securizata, Full Glue ",WZK,16.99,0,https://www.gsmnet.ro/accesorii-telefoane-tablete-folii-protectie/folie-de-protectie-ecran-privacy-wzk-antispy-pentru-apple-iphone-16-pro-max-sticla-securizata-full-glue,https://img.gsmnet.ro/600x600/products/200631/folie-de-protectie-ecran-1-1739188907.jpg,2026-07-17 02:41:26,264
338483,641956272488,"Display cu Touchscreen MP compatibil cu Samsung Galaxy A03 A035, cu Rama, Versiune G, Negru ",MP,89.99,0,https://www.gsmnet.ro/piese-componente-display-cu-touchscreen/display-cu-touchscreen-mp-compatibil-cu-samsung-galaxy-a03-a035-cu-rama-versiune-g-negru,https://img.gsmnet.ro/600x600/products/200633/display-cu-touchscreen-mp-3-1745573674.jpg,2026-09-22 03:40:20,4
338501,5903108583213,"Baterie Externa Wireless 3MK PastelUp, 10000mAh, 22.5W, QC + PD + FQI, 1 x USB-A - 1 x USB-C - 2 x QI, Roz ",3MK,94.99,0,https://www.gsmnet.ro/accesorii-telefoane-tablete-baterii-externe/baterie-externa-wireless-3mk-pastelup-10000mah-22-5w-qc-plus-pd-plus-fqi-1-x-usb-a-1-x-usb-c-2-x-qi-roz,https://img.gsmnet.ro/600x600/products/200651/baterie-externa-wireless-3mk-1-1738665804.jpg,2026-07-30 02:26:38,212
338538,660982701960,"Capac Baterie Motorola Moto G72, Albastru (Polar Blue), Service Pack 5S58C21711 ",Motorola,34.99,0,https://www.gsmnet.ro/piese-componente-capace-baterie/capac-baterie-motorola-moto-g72-albastru-polar-blue-service-pack-5s58c21711,https://img.gsmnet.ro/600x600/products/200688/capac-baterie-motorola-moto-1-1740485364.jpg,2026-09-10 03:25:56,51
338539,660982701984,"Capac Baterie Motorola Moto G82, Alb (White Lily), Service Pack 5S58C20879 ",Motorola,29.99,0,https://www.gsmnet.ro/piese-componente-capace-baterie/capac-baterie-motorola-moto-g82-alb-white-lily-service-pack-5s58c20879,https://img.gsmnet.ro/600x600/products/200689/capac-baterie-motorola-moto-1-1740489951.jpg,2026-07-21 02:44:07,248
338542,660982720947,"Capac Baterie Motorola Moto G35, Negru (Midnight Black), Service Pack 5S58C28884TD ",Motorola,30.99,0,https://www.gsmnet.ro/piese-componente-capace-baterie/capac-baterie-motorola-moto-g35-negru-midnight-black-service-pack-5s58c28884td,https://img.gsmnet.ro/600x600/products/200692/capac-baterie-motorola-moto-1-1750676283.jpg,2026-08-18 01:13:45,137
338582,5055371627948,"Baterie Externa Wireless OTL Pokemon Pikatchu, 5000mAh, 20W, PD + FQI, 1 x QI - 1 x USB-C, Galbena PK1191 ",OTL,100.99,0,https://www.gsmnet.ro/accesorii-telefoane-tablete-baterii-externe/baterie-externa-wireless-otl-pokemon-pikatchu-5000mah-20w-pd-plus-fqi-1-x-qi-1-x-usb-c-galbena-pk1191,https://img.gsmnet.ro/600x600/products/200733/baterie-externa-otl-pokemon-2-1738938582.jpg,2026-08-11 01:46:05,165
338614,5903396312731,"Husa pentru Apple iPhone 16 Plus, OEM, Roar Luna, Mov",OEM,9.99,0,https://www.gsmnet.ro/accesorii-telefoane-tablete-huse/husa-pentru-apple-iphone-16-plus-oem-roar-luna-mov,https://img.gsmnet.ro/600x600/products/200765/husa-pentru-apple-iphone-2-1739201244.jpg,2026-09-08 03:24:25,59
338623,5900495044266,"Husa pentru Apple iPhone 11, OEM, Defender Slide, Neagra ",OEM,14.99,0,https://www.gsmnet.ro/accesorii-telefoane-tablete-huse/husa-pentru-apple-iphone-11-oem-defender-slide-neagra,https://img.gsmnet.ro/600x600/products/200774/husa-pentru-apple-iphone-1-1739275819.jpg,2026-08-12 01:58:19,161
338630,5900495298454,"Folie de protectie Ecran OEM Premium pentru Honor 200 Smart, Sticla Securizata, Full Glue, 2.5D ",OEM,5.99,0,https://www.gsmnet.ro/accesorii-telefoane-tablete-folii-protectie/folie-de-protectie-ecran-oem-premium-pentru-honor-200-smart-sticla-securizata-full-glue-2-5d,https://img.gsmnet.ro/600x600/products/200781/folie-de-protectie-ecran-1-1739889505.jpg,2026-08-20 01:14:27,129
338642,5903396376733,"Husa pentru Honor X9c / Magic7 Lite, OEM, Matt, Neagra ",OEM,6.99,0,https://www.gsmnet.ro/accesorii-telefoane-tablete-huse/husa-pentru-honor-x9c-magic7-lite-oem-matt-neagra,https://img.gsmnet.ro/600x600/products/200793/husa-pentru-honor-x9c-1-1774010677.jpg,2026-08-05 02:33:14,188
338650,6933654811538,"Cablu Date si Incarcare USB-C - USB-C BWOO BO-X284, 60W, 1m, Alb ",BWOO,9.99,0,https://www.gsmnet.ro/accesorii-telefoane-tablete-cabluri-adaptori/cablu-date-incarcare-usb-c-usb-c-bwoo-bo-x284-60w-1m-alb,https://img.gsmnet.ro/600x600/products/200801/cablu-date-incarcare-1-1739262078.jpg,2026-08-20 01:14:27,129
338652,6933654812979,"Husa BWOO BO-CB61 pentru Laptop 14inch, Turcoaz",BWOO,29.99,0,https://www.gsmnet.ro/accesorii-pc-laptop-protectie-organizare/husa-bwoo-bo-cb61-pentru-laptop-14inch-turcoaz,https://img.gsmnet.ro/600x600/products/200803/husa-bwoo-bo-cb61-pentru-1-1739261953.jpg,2026-08-04 02:33:52,192
338671,6933654813068,"Geanta BWOO BO-CB63 pentru Laptop 14inch, Roz ",BWOO,33.99,0,https://www.gsmnet.ro/accesorii-pc-laptop-protectie-organizare/geanta-bwoo-bo-cb63-pentru-laptop-14inch-roz,https://img.gsmnet.ro/600x600/products/200822/geanta-bwoo-bo-cb63-pentru-1-1739203364.jpg,2026-09-01 03:55:36,87
338672,6933654813075,"Geanta BWOO BO-CB63 pentru Laptop 14inch, Turcoaz ",BWOO,33.99,0,https://www.gsmnet.ro/accesorii-pc-laptop-protectie-organizare/geanta-bwoo-bo-cb63-pentru-laptop-14inch-turcoaz,https://img.gsmnet.ro/600x600/products/200823/geanta-bwoo-bo-cb63-pentru-1-1739203394.jpg,2026-07-18 02:32:25,260
338674,6933654813112,"Geanta BWOO BO-CB64 pentru Laptop 15inch, Roz ",BWOO,33.99,0,https://www.gsmnet.ro/accesorii-pc-laptop-protectie-organizare/geanta-bwoo-bo-cb64-pentru-laptop-15inch-roz,https://img.gsmnet.ro/600x600/products/200825/geanta-bwoo-bo-cb64-pentru-1-1739261522.jpg,2026-08-28 21:46:21,98
338710,660982718005,"Display cu Touchscreen Realme C75 4G, cu Rama, Rosu, Service Pack 621029000457 ",Realme,199.99,0,https://www.gsmnet.ro/piese-componente-display-cu-touchscreen/display-cu-touchscreen-realme-c75-4g-cu-rama-rosu-service-pack-621029000457,https://img.gsmnet.ro/600x600/products/200861/display-cu-touchscreen-realme-1-1748870434.jpg,2026-08-21 01:18:16,125
338764,5903396229640,"Husa pentru Samsung Galaxy A05s A057, OEM, Smart Magnet, Aurie ",OEM,13.99,0,https://www.gsmnet.ro/accesorii-telefoane-tablete-huse/husa-pentru-samsung-galaxy-a05s-a057-oem-smart-magnet-aurie,https://img.gsmnet.ro/600x600/products/200917/husa-pentru-samsung-galaxy-1-1739434126.jpg,2026-08-25 01:16:01,109
338801,8809971239196,"Folie de protectie Camera Spate Spigen GlastR EZ FIT Optik Pro HD pentru Samsung Galaxy S25+ S936, Sticla Securizata, Set 2 bucati, Neagra AGL09088",Spigen,0.0,0,https://www.gsmnet.ro/accesorii-telefoane-tablete-folii-protectie/folie-de-protectie-camera-spate-spigen-glastr-ez-fit-optik-pro-hd-pentru-samsung-galaxy-s25-plus-s936-sticla-securizata-set-2-bucati-neagra-agl09088,https://img.gsmnet.ro/600x600/products/200955/folie-de-protectie-camera-1-1739453000.jpg,2026-09-13 15:44:06,37
338808,5906302361304,"Husa pentru Xiaomi Redmi Note 14 5G, Tech-Protect, Magmat, Neagra ",Tech-Protect,21.99,0,https://www.gsmnet.ro/accesorii-telefoane-tablete-huse/husa-pentru-xiaomi-redmi-note-14-5g-tech-protect-magmat-neagra,https://img.gsmnet.ro/600x600/products/200962/husa-magsafe-pentru-xiaomi-1-1739453197.jpg,2026-07-29 02:40:35,216
338809,5906302361144,"Husa pentru Motorola Moto E15 / G05, Tech-Protect, Wallet, Neagra ",Tech-Protect,27.99,0,https://www.gsmnet.ro/accesorii-telefoane-tablete-huse/husa-pentru-motorola-moto-e15-g05-tech-protect-wallet-neagra,https://img.gsmnet.ro/600x600/products/200963/husa-pentru-motorola-moto-1-1739453588.jpg,2026-07-17 02:41:26,264
338883,6934915204014,Hardwire OBD DDPAI DC001 pentru Camera E3 / Mini5 / N1 Dual / N3 / N3 Pro / N5 Dual / Z40 / Z50,DDPAI ,79.99,0,https://www.gsmnet.ro/gadgeturi-accesorii-auto/hardwire-obd-ddpai-dc001-pentru-camera-e3-mini5-n1-dual-n3-n3-pro-n5-dual-z40-z50,https://img.gsmnet.ro/600x600/products/201037/hardwire-obd-ddpai-pentru-4-1740385492.jpg,2026-07-18 02:32:25,260
338884,6934915200856,Hardwire DDPAI pentru Camera Mini Pro ,DDPAI ,39.99,0,https://www.gsmnet.ro/gadgeturi-accesorii-auto/hardwire-ddpai-pentru-camera-mini-pro,https://img.gsmnet.ro/600x600/products/201038/hardwire-ddpai-pentru-camera-2-1740388596.jpg,2026-08-15 01:14:41,149
338913,6954176831309,"Cablu Incarcare pentru Xiaomi Smart Band 2, USB-A, Negru MYD4089TY",Xiaomi,9.99,0,https://www.gsmnet.ro/wearables-accesorii-wearables/cablu-incarcare-pentru-xiaomi-smart-band-2-usb-a-negru-myd4089ty,https://img.gsmnet.ro/600x600/products/201067/cablu-incarcare-pentru-xiaomi-1-1740567720.jpg,2026-08-05 02:33:14,188
338916,6941812792308,"Pix Xiaomi, Gel Rosu, 0.5mm, Set 10 bucati BHR8863GL ",Xiaomi,15.99,0,https://www.gsmnet.ro/gadgeturi-utile/pix-xiaomi-gel-rosu-0-5mm-set-10-bucati-bhr8863gl,https://img.gsmnet.ro/600x600/products/201070/pix-xiaomi-gel-rosu-1-1739893003.jpg,2026-09-10 03:25:56,51
338937,5900495037091,"Husa pentru Oppo Reno12 Pro, OEM, Slim, Transparenta ",OEM,3.99,0,https://www.gsmnet.ro/accesorii-telefoane-tablete-huse/husa-pentru-oppo-reno12-pro-oem-slim-transparenta,https://img.gsmnet.ro/600x600/products/201091/husa-pentru-oppo-reno12-1-1739869337.jpg,2026-09-08 03:24:25,59
338948,5907769307577,"Baterie Externa WZK WPBWE1, 10000mAh, 10W, 2 x USB-A, Alba",WZK,45.99,0,https://www.gsmnet.ro/accesorii-telefoane-tablete-baterii-externe/baterie-externa-wzk-wpbwe1-10000mah-10w-2-x-usb-a-alba,https://img.gsmnet.ro/600x600/products/201102/baterie-externa-wzk-wpbwe1-1-1739885766.jpg,2026-08-11 01:46:05,165
338962,5900495035387,"Instrument Extragere BGA OEM, Cu ventuza, Gri ",OEM,31.99,0,https://www.gsmnet.ro/aparatura-instrumente-service-instrumente-service/instrument-extragere-bga-oem-cu-ventuza-gri,https://img.gsmnet.ro/600x600/products/201116/instrument-extragere-bga-oem-1-1739955265.jpg,2026-09-15 03:44:46,31
338984,5903396352409,"Folie de protectie Ecran Privacy OG Shuijia pentru Apple iPhone 15 Pro, Sticla Securizata, Full Glue ",OG,16.99,0,https://www.gsmnet.ro/accesorii-telefoane-tablete-folii-protectie/folie-de-protectie-ecran-privacy-og-shuijia-pentru-apple-iphone-15-pro-sticla-securizata-full-glue,https://img.gsmnet.ro/600x600/products/201138/folie-de-protectie-ecran-1-1760356835.jpg,2026-07-17 02:41:26,264
338986,2950636520237,"Folie de protectie Ecran Privacy Blue Light OG Shuijia pentru Apple iPhone 16 Pro Max, Sticla Securizata, Full Glue ",OG,16.99,0,https://www.gsmnet.ro/accesorii-telefoane-tablete-folii-protectie/folie-de-protectie-ecran-privacy-blue-light-og-shuijia-pentru-apple-iphone-16-pro-max-sticla-securizata-full-glue,https://img.gsmnet.ro/600x600/products/201140/folie-de-protectie-ecran-3-1740476680.jpg,2026-07-17 02:41:26,264
339009,5906302360949,"Switch Video HDMI Tech-Protect HB07, Gri",Tech-Protect,41.99,0,https://www.gsmnet.ro/accesorii-pc-laptop-accesorii-audio-video/switch-video-hdmi-tech-protect-hb07-gri,https://img.gsmnet.ro/600x600/products/201163/switch-video-tech-protect-hb07-1-1740126867.jpg,2026-08-08 01:40:23,177
339025,6925281973215,"Handsfree Bluetooth JBL Tune 670NC, MultiPoint, A2DP, ANC, Alb JBLT670NCWHTAP ",JBL,241.99,0,https://www.gsmnet.ro/accesorii-telefoane-tablete-casti-audio/handsfree-bluetooth-jbl-tune-670nc-multipoint-a2dp-anc-alb-jblt670ncwhtap,https://img.gsmnet.ro/600x600/products/201179/handsfree-bluetooth-jbl-tune-1-1741082449.jpg,2026-08-01 02:50:04,204
339027,6925281973222,"Handsfree Bluetooth JBL Tune 670NC, MultiPoint, A2DP, ANC, Albastru JBLT670NCBLUAP ",JBL,241.99,0,https://www.gsmnet.ro/accesorii-telefoane-tablete-casti-audio/handsfree-bluetooth-jbl-tune-670nc-multipoint-a2dp-anc-albastru-jblt670ncbluap,https://img.gsmnet.ro/600x600/products/201181/handsfree-bluetooth-jbl-tune-1-1741082491.jpg,2026-08-01 02:50:04,204
339042,660982710184,Display cu Touchscreen MP compatibil cu Honor Magic5 Lite / X9a,MP,159.99,0,https://www.gsmnet.ro/piese-componente-display-cu-touchscreen/display-cu-touchscreen-mp-compatibil-cu-honor-magic5-lite-x9a,https://img.gsmnet.ro/600x600/products/201196/display-cu-touchscreen-mp-3-1746528563.jpg,2026-08-26 01:18:58,105
339046,660982710276,Display cu Touchscreen MP compatibil cu Huawei nova 3i / P Smart+ 2019,MP,49.99,0,https://www.gsmnet.ro/piese-componente-display-cu-touchscreen/display-cu-touchscreen-mp-compatibil-cu-huawei-nova-3i-p-smart-plus-2019,https://img.gsmnet.ro/600x600/products/201200/display-cu-touchscreen-mp-3-1745910774.jpg,2026-09-22 03:40:20,4
339056,641956272082,Display cu Touchscreen MP compatibil cu Motorola Edge 30 Fusion,MP,99.99,0,https://www.gsmnet.ro/piese-componente-display-cu-touchscreen/display-cu-touchscreen-mp-compatibil-cu-motorola-edge-30-fusion,https://img.gsmnet.ro/600x600/products/201210/display-cu-touchscreen-mp-3-1753109739.jpg,2026-09-01 03:55:36,87
339059,660982710344,"Display cu Touchscreen MP compatibil cu Motorola Edge 40 Pro, Versiune OLED",MP,199.99,0,https://www.gsmnet.ro/piese-componente-display-cu-touchscreen/display-cu-touchscreen-mp-compatibil-cu-motorola-edge-40-pro-versiune-oled,https://img.gsmnet.ro/600x600/products/201213/display-cu-touchscreen-mp-3-1746788671.jpg,2026-08-18 01:13:45,137
339099,641956273157,"Display cu Touchscreen MP compatibil cu Samsung Galaxy S20 Ultra G988, cu Rama, Versiune OLED, Negru ",MP,459.99,0,https://www.gsmnet.ro/piese-componente-display-cu-touchscreen/display-cu-touchscreen-mp-compatibil-cu-samsung-galaxy-s20-ultra-g988-cu-rama-versiune-oled-negru,https://img.gsmnet.ro/600x600/products/201253/display-cu-touchscreen-mp-1-1744029289.jpg,2026-08-27 21:52:51,100
339162,641956271467,"Display cu Touchscreen Xiaomi Poco M6 Pro 4G, Cu Rama, Mov, Service Pack 5600020N6P00 ",Xiaomi,243.99,0,https://www.gsmnet.ro/piese-componente-display-cu-touchscreen/display-cu-touchscreen-xiaomi-poco-m6-pro-4g-cu-rama-mov-service-pack-5600020n6p00,https://img.gsmnet.ro/600x600/products/201316/display-cu-touchscreen-xiaomi-1-1745487507.jpg,2026-07-28 02:34:33,220
339183,6920680859931,"Incarcator Retea XO Design L148, 30W, 3A, 1 x USB-C, Alb ",XO Design,21.99,0,https://www.gsmnet.ro/accesorii-telefoane-tablete-incarcatoare/incarcator-retea-xo-design-l148-30w-3a-1-x-usb-c-alb,https://img.gsmnet.ro/600x600/products/201337/incarcator-retea-xo-design-1-1740407298.jpg,2026-08-11 01:46:05,165
339185,6920680859955,"Incarcator Retea Cu Cablu USB-C XO Design L148, 30W, 3A, 1 x USB-C, Alb ",XO Design,30.99,0,https://www.gsmnet.ro/accesorii-telefoane-tablete-incarcatoare/incarcator-retea-cu-cablu-usb-c-xo-design-l148-30w-3a-1-x-usb-c-alb,https://img.gsmnet.ro/600x600/products/201339/incarcator-retea-cu-cablu-1-1740408196.jpg,2026-08-11 01:46:05,165
339191,6932172637484,"Handsfree Bluetooth Baseus Bowie E5x, TWS, Negru A00060101123-00 ",Baseus,94.99,0,https://www.gsmnet.ro/wearables-audio-inclusiv-tws/handsfree-bluetooth-baseus-bowie-e5x-tws-negru-a00060101123-00,https://img.gsmnet.ro/600x600/products/201345/handsfree-bluetooth-baseus-bowie-10-1771241821.jpg,2026-09-16 03:41:35,27
339265,6900111626509,Compresor Auto Proove Assistant Pro PPAP80010901,Proove,0.0,0,https://www.gsmnet.ro/gadgeturi-accesorii-auto/compresor-auto-proove-assistant-pro-ppap80010901,https://img.gsmnet.ro/600x600/products/201419/compresor-auto-proove-assistant-5-1740584461.jpg,2026-09-13 15:44:06,37
339268,6901115388998,"Baterie Externa Wireless Proove Hyperion, 10000mAh, 20W, PD + FQI, 1 x QI - 1 x USB-C, Mov ",Proove,125.99,0,https://www.gsmnet.ro/accesorii-telefoane-tablete-baterii-externe/baterie-externa-wireless-proove-hyperion-10000mah-20w-pd-plus-fqi-1-x-qi-1-x-usb-c-mov,https://img.gsmnet.ro/600x600/products/201422/baterie-externa-wireless-proove-1-1740584673.png,2026-08-08 01:40:23,177
339272,5906961937285,"Husa pentru Samsung Galaxy A36 A366, OEM, Silicone, Rosie ",OEM,6.99,0,https://www.gsmnet.ro/accesorii-telefoane-tablete-huse/husa-pentru-samsung-galaxy-a36-a366-oem-silicone-rosie,https://img.gsmnet.ro/600x600/products/201426/husa-pentru-samsung-galaxy-1-1740584347.jpg,2026-07-17 02:41:26,264
339290,641956273775,Display cu Touchscreen MP compatibil cu Xiaomi Redmi Note 13 Pro+ ,MP,99.99,0,https://www.gsmnet.ro/piese-componente-display-cu-touchscreen/display-cu-touchscreen-mp-compatibil-cu-xiaomi-redmi-note-13-pro-plus,https://img.gsmnet.ro/600x600/products/201444/display-cu-touchscreen-mp-3-1747222142.jpg,2026-07-21 02:44:07,248
339300,660982710627,Display cu Touchscreen MP compatibil cu Oppo Reno12 Pro ,MP,129.99,0,https://www.gsmnet.ro/piese-componente-display-cu-touchscreen/display-cu-touchscreen-mp-compatibil-cu-oppo-reno12-pro,https://img.gsmnet.ro/600x600/products/201454/display-cu-touchscreen-mp-3-1753185622.jpg,2026-08-27 21:52:51,100
339382,5906961945716,"Husa MagSafe pentru Apple iPhone 16 Pro Max, OEM, Anti Shock 2, Transparenta ",OEM,7.99,0,https://www.gsmnet.ro/accesorii-telefoane-tablete-huse/husa-magsafe-pentru-apple-iphone-16-pro-max-oem-anti-shock-2-transparenta,https://img.gsmnet.ro/600x600/products/201536/husa-magsafe-pentru-apple-1-1740664643.jpg,2026-07-17 02:41:26,264
339413,5907457747388,"Husa pentru Xiaomi Redmi Note 13 Pro+, OEM, Satin, Mov ",OEM,9.99,0,https://www.gsmnet.ro/accesorii-telefoane-tablete-huse/husa-pentru-xiaomi-redmi-note-13-pro-plus-oem-satin-mov,https://img.gsmnet.ro/600x600/products/201567/husa-pentru-xiaomi-redmi-1-1740991470.jpg,2026-09-08 03:24:25,59
339414,5906961944528,"Husa pentru Honor Magic7 Pro, OEM, Silicone, Rosie ",OEM,4.5,0,https://www.gsmnet.ro/accesorii-telefoane-tablete-huse/husa-pentru-honor-magic7-pro-oem-silicone-rosie,https://img.gsmnet.ro/600x600/products/201568/husa-pentru-honor-magic7-1-1740991129.jpg,2026-09-11 03:23:04,47
339465,641956268702,"Placa cu Conector Incarcare - Microfon Xiaomi Poco M6 Pro 4G, Service Pack 5600040N6P00 ",Xiaomi,24.99,0,https://www.gsmnet.ro/piese-componente-conectori-incarcare/placa-cu-conector-incarcare-microfon-xiaomi-poco-m6-pro-4g-service-pack-5600040n6p00,https://img.gsmnet.ro/600x600/products/201619/placa-cu-conector-incarcare-1-1741686146.jpg,2026-07-28 02:34:33,220
339505,660982726185,"Capac Baterie compatibil cu Samsung Galaxy S20 FE 5G G781, Roz",Aftermarket,7.99,0,https://www.gsmnet.ro/piese-componente-capace-baterie/capac-baterie-compatibil-cu-samsung-galaxy-s20-fe-5g-g781-roz,https://img.gsmnet.ro/600x600/products/201659/capac-baterie-compatibil-cu-1-1742908956.jpg,2026-09-12 03:28:29,43
339522,660982717367,Placa cu Conector Incarcare - Audio - Microfon Oppo A18 / A79 / A38,Aftermarket,7.99,0,https://www.gsmnet.ro/piese-componente-conectori-incarcare/placa-cu-conector-incarcare-audio-microfon-oppo-a18-a79-a38,https://img.gsmnet.ro/600x600/products/201676/placa-cu-conector-incarcare-1-1743605306.jpg,2026-07-25 02:41:22,232
339549,660982726680,Placa cu Conector Incarcare - Microfon Xiaomi Redmi Note 13 Pro 4G,Aftermarket,14.99,0,https://www.gsmnet.ro/piese-componente-conectori-incarcare/placa-cu-conector-incarcare-microfon-xiaomi-redmi-note-13-pro-4g,https://img.gsmnet.ro/600x600/products/201703/placa-cu-conector-incarcare-1-1743673452.jpg,2026-07-25 02:41:22,232
339563,660982725638,"Capac Baterie compatibil cu Huawei Mate 20 Lite, Auriu ",Aftermarket,8.99,0,https://www.gsmnet.ro/piese-componente-capace-baterie/capac-baterie-compatibil-cu-huawei-mate-20-lite-auriu,https://img.gsmnet.ro/600x600/products/201717/capac-baterie-compatibil-cu-1-1742912579.jpg,2026-08-14 01:58:28,153
339656,660982734883,"Banda Placa Samsung Galaxy S24 Ultra S928, CTC",Aftermarket,7.99,0,https://www.gsmnet.ro/piese-componente-piese/banda-placa-samsung-galaxy-s24-ultra-s928-ctc,https://img.gsmnet.ro/600x600/products/201810/banda-placa-samsung-galaxy-1-1744023242.jpg,2026-07-28 02:34:33,220
339664,660982725782,"Capac Baterie compatibil cu Samsung Galaxy A54 A546, Alb ",Aftermarket,9.99,0,https://www.gsmnet.ro/piese-componente-capace-baterie/capac-baterie-compatibil-cu-samsung-galaxy-a54-a546-alb,https://img.gsmnet.ro/600x600/products/201818/capac-baterie-compatibil-cu-1-1742908563.jpg,2026-09-12 03:28:29,43
339732,5907769367151,"Folie de protectie Camera Spate WZK pentru Samsung Galaxy S25+ S936, Sticla Securizata, Neagra",WZK,4.99,0,https://www.gsmnet.ro/accesorii-telefoane-tablete-folii-protectie/folie-de-protectie-camera-spate-wzk-pentru-samsung-galaxy-s25-plus-s936-sticla-securizata-neagra,https://img.gsmnet.ro/600x600/products/201886/folie-de-protectie-camera-1-1741609285.jpg,2026-08-28 21:46:21,98
339751,641956268757,"Placa cu Conector Incarcare - Microfon Xiaomi Redmi 10 (2021), Service Pack 560004K19D00 ",Xiaomi,25.99,0,https://www.gsmnet.ro/piese-componente-conectori-incarcare/placa-cu-conector-incarcare-microfon-xiaomi-redmi-10-2021-service-pack-560004k19d00,https://img.gsmnet.ro/600x600/products/201905/placa-cu-conector-incarcare-1-1742225509.jpg,2026-09-10 03:25:56,51
339840,5904643060986,"Husa pentru Motorola Moto G15, OEM, Tint, Neagra ",OEM,9.99,0,https://www.gsmnet.ro/accesorii-telefoane-tablete-huse/husa-pentru-motorola-moto-g15-oem-tint-neagra,https://img.gsmnet.ro/600x600/products/201994/husa-pentru-motorola-moto-1-1741697111.jpg,2026-08-26 19:46:38,102
339847,6920680830800,"Boxa Portabila Bluetooth XO Design F38, 5W, Neagra ",XO Design,49.99,0,https://www.gsmnet.ro/gadgeturi-boxe-bluetooth/boxa-portabila-bluetooth-xo-design-f38-5w-neagra,https://img.gsmnet.ro/600x600/products/202001/boxa-portabila-bluetooth-xo-1-1741610533.jpg,2026-07-28 02:34:33,220
339901,5906961929624,"Folie de protectie Ecran Privacy OEM pentru Samsung Galaxy S25 S931, Sticla Securizata, Full Glue ",OEM,15.99,0,https://www.gsmnet.ro/accesorii-telefoane-tablete-folii-protectie/folie-de-protectie-ecran-privacy-oem-pentru-samsung-galaxy-s25-s931-sticla-securizata-full-glue,https://img.gsmnet.ro/600x600/products/202011/folie-de-protectie-ecran-1-1741779088.jpg,2026-08-20 01:14:27,129
340026,5903396376689,"Husa pentru Honor X9c / Magic7 Lite, OEM, Carbon, Neagra ",OEM,9.99,0,https://www.gsmnet.ro/accesorii-telefoane-tablete-huse/husa-pentru-honor-x9c-magic7-lite-oem-carbon-neagra,https://img.gsmnet.ro/600x600/products/202135/husa-pentru-honor-magic7-1-1742371689.jpg,2026-07-24 02:42:57,236
340027,5903396376696,"Husa pentru Honor Magic7 Pro, OEM, Carbon, Neagra ",OEM,5.99,0,https://www.gsmnet.ro/accesorii-telefoane-tablete-huse/husa-pentru-honor-magic7-pro-oem-carbon-neagra,https://img.gsmnet.ro/600x600/products/202136/husa-pentru-honor-magic7-1-1742371698.jpg,2026-09-08 03:24:25,59
340028,5903396376719,"Husa pentru Xiaomi 15, OEM, Carbon, Neagra ",OEM,6.99,0,https://www.gsmnet.ro/accesorii-telefoane-tablete-huse/husa-pentru-xiaomi-15-oem-carbon-neagra,https://img.gsmnet.ro/600x600/products/202137/husa-pentru-xiaomi-15-2-1742372020.jpg,2026-09-16 03:41:35,27
340072,6920680858279,"Handsfree Bluetooth XO Design BE45, A2DP, Negru ",XO Design,54.99,0,https://www.gsmnet.ro/accesorii-telefoane-tablete-casti-audio/handsfree-bluetooth-xo-design-be45-a2dp-negru,https://img.gsmnet.ro/600x600/products/202181/handsfree-bluetooth-xo-design-1-1742460337.jpeg,2026-08-11 01:46:05,165
340073,6920680858286,"Handsfree Bluetooth XO Design BE45, A2DP, Argintiu ",XO Design,50.99,0,https://www.gsmnet.ro/accesorii-telefoane-tablete-casti-audio/handsfree-bluetooth-xo-design-be45-a2dp-argintiu,https://img.gsmnet.ro/600x600/products/202182/handsfree-bluetooth-xo-design-1-1742460096.jpeg,2026-08-11 01:46:05,165
340075,6920680843008,"Handsfree Bluetooth XO Design Q5 Pods, TWS, Alb ",XO Design,49.99,0,https://www.gsmnet.ro/wearables-audio-inclusiv-tws/handsfree-bluetooth-xo-design-q5-pods-tws-alb,https://img.gsmnet.ro/600x600/products/202184/handsfree-bluetooth-xo-design-1-1742459677.jpeg,2026-08-11 01:46:05,165
340122,5904643062065,"Husa pentru Motorola Moto E15 / G05, OEM, Marva Wallet, Albastra ",OEM,24.99,0,https://www.gsmnet.ro/accesorii-telefoane-tablete-huse/husa-pentru-motorola-moto-e15-g05-oem-marva-wallet-albastra,https://img.gsmnet.ro/600x600/products/202231/husa-pentru-motorola-moto-1-1742917691.jpg,2026-08-01 02:50:04,204
340159,6932172628789,"Baterie Externa Wireless Baseus Magnetic Mini, 20000mAh, 20W, PD + FQI, 1 x QI - 1 x USB-C, Neagra PPCX150001 ",Baseus,199.99,0,https://www.gsmnet.ro/accesorii-telefoane-tablete-baterii-externe/baterie-externa-wireless-baseus-magnetic-mini-20000mah-20w-pd-plus-fqi-1-x-qi-1-x-usb-c-neagra-ppcx150001,https://img.gsmnet.ro/600x600/products/202268/baterie-externa-wireless-baseus-1-1743071250.jpg,2026-07-24 02:42:57,236
340176,6956116744366,"Incarcator Retea Joyroom JR-TCG15 Mini, 30W, 3A, 1 x USB-C, Alb ",Joyroom,34.99,0,https://www.gsmnet.ro/accesorii-telefoane-tablete-incarcatoare/incarcator-retea-joyroom-jr-tcg15-mini-30w-3a-1-x-usb-c-alb,https://img.gsmnet.ro/600x600/products/202285/incarcator-retea-joyroom-jr-tcg15-3-1743175508.jpg,2026-09-18 03:33:07,19
340178,6956116730673,"Cablu Date si Incarcare USB-C - USB-C Joyroom S-A53, 60W, 1.2m, Bej ",Joyroom,18.99,0,https://www.gsmnet.ro/accesorii-telefoane-tablete-cabluri-adaptori/cablu-date-incarcare-usb-c-usb-c-joyroom-s-a53-60w-1-2m-bej,https://img.gsmnet.ro/600x600/products/202287/cablu-date-incarcare-1-1743431068.jpg,2026-08-27 21:52:51,100
340190,6976625334131,"Incarcator Retea Dudao A27, 25W, 3A, 1 x USB-C, Negru ",Dudao,22.99,0,https://www.gsmnet.ro/accesorii-telefoane-tablete-incarcatoare/incarcator-retea-dudao-a27-25w-3a-1-x-usb-c-negru,https://img.gsmnet.ro/600x600/products/202299/incarcator-retea-dudao-a27-1-1743174042.jpg,2026-07-17 02:41:26,264
340203,5900495084682,"Baterie Externa Setty PB1-100, 10000mAh, 10W, 2 x USB-A, Alba",Setty,35.99,0,https://www.gsmnet.ro/accesorii-telefoane-tablete-baterii-externe/baterie-externa-setty-pb1-100-10000mah-10w-2-x-usb-a-alba,https://img.gsmnet.ro/600x600/products/202312/baterie-externa-setty-pb1-101-1-1743428566.png,2026-07-29 02:40:35,216
340204,5900495101389,"Cablu Date si Incarcare USB-C - USB-C Setty, 60W, 1m, Alb ",Setty,8.99,0,https://www.gsmnet.ro/accesorii-telefoane-tablete-cabluri-adaptori/cablu-date-incarcare-usb-c-usb-c-setty-60w-1m-alb,https://img.gsmnet.ro/600x600/products/202313/cablu-date-incarcare-1-1743429624.png,2026-07-17 02:41:26,264
340223,6942227138156,"Hub USB-C Orico PW4U-C3, 4 x USB-A 3.0, Negru",Orico,29.99,0,https://www.gsmnet.ro/accesorii-pc-laptop-hub-uri/hub-usb-c-orico-pw4u-c3-4-x-usb-a-3-0-negru,https://img.gsmnet.ro/600x600/products/202332/hub-usb-c-orico-pw4u-c3-1-1743412488.jpg,2026-07-17 02:41:26,264
340225,6942227138316,"Hub USB-C Orico PAPW2AC-C3, 2 x USB-A 3.0 - 2 x USB-C, Negru",Orico,61.99,0,https://www.gsmnet.ro/accesorii-pc-laptop-hub-uri/hub-usb-c-orico-papw2ac-c3-2-x-usb-a-3-0-2-x-usb-c-negru,https://img.gsmnet.ro/600x600/products/202334/hub-usb-c-orico-papw2ac-c3-3-1743412121.jpg,2026-07-17 02:41:26,264
340226,6942227138293,"Hub USB / USB-C Orico YSA8-U3, 1 x USB-A 3.0 - 3 x USB-A - 1 x USB-C - 1 x Jack 3.5mm - 1 x SD - 1 x microSD, Negru",Orico,38.99,0,https://www.gsmnet.ro/accesorii-pc-laptop-hub-uri/hub-usb-usb-c-orico-ysa8-u3-1-x-usb-a-3-0-3-x-usb-a-1-x-usb-c-1-x-jack-3-5mm-1-x-sd-1-x-microsd-negru,https://img.gsmnet.ro/600x600/products/202335/hub-usb-a-usb-c-2-1743411384.jpg,2026-07-17 02:41:26,264
340229,6942227138255,"Hub USB / USB-C Orico YSA2-U3, 1 x USB-A 3.0 - 6 x USB-A, Gri",Orico,32.99,0,https://www.gsmnet.ro/accesorii-pc-laptop-hub-uri/hub-usb-usb-c-orico-ysa2-u3-1-x-usb-a-3-0-6-x-usb-a-gri,https://img.gsmnet.ro/600x600/products/202338/hub-usb-a-usb-c-2-1743411110.jpg,2026-07-17 02:41:26,264
340251,23942499206,"Baterie Verbatim Premium, AAA / LR3, Set 4 bucati 49920 ",Verbatim,7.99,0,https://www.gsmnet.ro/gadgeturi-baterii-lanterne/baterie-verbatim-premium-aaa-lr3-set-4-bucati-49920,https://img.gsmnet.ro/600x600/products/202359/baterie-verbatim-premium-alkaline-1-1743431995.jpg,2026-08-07 00:01:02,181
340252,23942499213,"Baterie Verbatim Premium, AA / LR6, Set 4 bucati 49921 ",Verbatim,7.99,0,https://www.gsmnet.ro/gadgeturi-baterii-lanterne/baterie-verbatim-premium-aa-lr6-set-4-bucati-49921,https://img.gsmnet.ro/600x600/products/202360/baterie-verbatim-premium-alkaline-1-1743431825.jpg,2026-08-07 00:01:02,181
340273,6942227137845,"Rack Orico PWM2 pentru SSD SATA M.2 NGFF, Negru",Orico,61.99,0,https://www.gsmnet.ro/accesorii-pc-laptop-rack-uri-enclosure/rack-orico-pwm2-pentru-ssd-sata-m-2-ngff-negru,https://img.gsmnet.ro/600x600/products/202381/rack-orico-pwm2-pentru-1-1743421499.jpg,2026-09-15 03:44:46,31
340314,8806094788105,"Card Memorie microSDXC Samsung PRO Plus, 256Gb, Clasa 10 / UHS-1 U3, Cu Adaptor MB-MD256SA/EU ",Samsung,141.99,0,https://www.gsmnet.ro/accesorii-telefoane-tablete-carduri-memorii-usb/card-memorie-microsdxc-samsung-pro-plus-256gb-clasa-10-uhs-1-u3-cu-adaptor-mb-md256sa-eu,https://img.gsmnet.ro/600x600/products/202422/card-memorie-microsdxc-samsung-1-1743430012.jpg,2026-08-07 00:01:02,181
340329,5906302361588,"Incarcator Retea Cu Cablu USB-C Tech-Protect NC20W, 20W, 3A, 1 x USB-C, Alb ",Tech-Protect,28.99,0,https://www.gsmnet.ro/accesorii-telefoane-tablete-incarcatoare/incarcator-retea-cu-cablu-usb-c-tech-protect-nc20w-20w-3a-1-x-usb-c-alb,https://img.gsmnet.ro/600x600/products/202437/incarcator-retea-cu-cablu-1-1743578799.jpg,2026-07-29 02:40:35,216
340351,6959033840821,"Baterie Philips Premium, AAA / LR3, Set 4 bucati Phil-LR03M4B/10 ",Philips,8.99,0,https://www.gsmnet.ro/gadgeturi-baterii-lanterne/baterie-philips-premium-aaa-lr3-set-4-bucati-phil-lr03m4b-10,https://img.gsmnet.ro/600x600/products/202459/baterie-philips-premium-alkaline-1-1743670834.jpg,2026-08-20 01:14:27,129
340388,4710273771335,"Card Memorie microSDXC Adata Premier Pro, 128GB, Clasa 10 / UHS-1 U3, Cu Adaptor AUSDX128GUI3V30SA2-RA1 ",Adata,198.99,0,https://www.gsmnet.ro/accesorii-telefoane-tablete-carduri-memorii-usb/card-memorie-microsdxc-adata-premier-pro-128gb-clasa-10-uhs-1-u3-cu-adaptor-ausdx128gui3v30sa2-ra1,https://img.gsmnet.ro/600x600/products/202496/card-memorie-microsdxc-adata-1-1743679205.jpg,2026-08-20 01:14:27,129
340422,660982710924,"Display cu Touchscreen MP compatibil cu Samsung Galaxy M51 M515, cu Rama, Versiune OLED, Negru",MP,169.99,0,https://www.gsmnet.ro/piese-componente-display-cu-touchscreen/display-cu-touchscreen-mp-compatibil-cu-samsung-galaxy-m51-m515-cu-rama-versiune-oled-negru,https://img.gsmnet.ro/600x600/products/202530/display-cu-touchscreen-mp-3-1751985466.jpg,2026-07-30 02:26:38,212
340426,641956273782,Display cu Touchscreen MP compatibil cu Xiaomi Redmi Note 14 Pro+ 5G / Note 14 Pro 5G / Poco X7,MP,169.99,0,https://www.gsmnet.ro/piese-componente-display-cu-touchscreen/display-cu-touchscreen-mp-compatibil-cu-xiaomi-redmi-note-14-pro-plus-5g-note-14-pro-5g-poco-x7,https://img.gsmnet.ro/600x600/products/202534/display-cu-touchscreen-mp-3-1751887942.jpg,2026-07-30 02:26:38,212
340431,6957303895380,"Mouse Wireless UGREEN MU102 FUN+, 4000DPI, BT / Wi-Fi, Albastru",UGREEN,71.99,0,https://www.gsmnet.ro/accesorii-pc-laptop-tastatura-mouse/mouse-wireless-ugreen-mu102-fun-plus-4000dpi-bt-wi-fi-albastru,https://img.gsmnet.ro/600x600/products/202539/mouse-wireless-ugreen-mu102-1-1743684136.jpg,2026-08-07 00:01:02,181
340433,8806092767249,"Card Memorie microSDXC Samsung PRO Endurance, 64Gb, Clasa 10 / UHS-1 U1, Cu Adaptor MB-MJ64KA/EU",Samsung,60.99,0,https://www.gsmnet.ro/accesorii-telefoane-tablete-carduri-memorii-usb/card-memorie-microsdxc-samsung-pro-endurance-64gb-clasa-10-uhs-1-u1-cu-adaptor-mb-mj64ka-eu,https://img.gsmnet.ro/600x600/products/202541/card-memorie-microsdxc-samsung-1-1743681133.jpg,2026-08-07 00:01:02,181
340452,5903396378690,"Husa pentru Apple iPhone 17e / 16e, OEM, Neo, Neagra",OEM,17.99,0,https://www.gsmnet.ro/accesorii-telefoane-tablete-huse/husa-pentru-apple-iphone-17e-16e-oem-neo-neagra,https://img.gsmnet.ro/600x600/products/202560/husa-pentru-apple-iphone-1-1743757938.jpg,2026-08-25 01:16:01,109
340457,5903396380006,"Husa pentru Xiaomi Redmi Note 14 Pro 4G, OEM, Soft, Bleumarin ",OEM,6.99,0,https://www.gsmnet.ro/accesorii-telefoane-tablete-huse/husa-pentru-xiaomi-redmi-note-14-pro-4g-oem-soft-bleumarin,https://img.gsmnet.ro/600x600/products/202565/husa-pentru-xiaomi-redmi-1-1774012060.jpg,2026-08-15 01:14:41,149
340459,5903396380013,"Husa pentru Xiaomi Redmi Note 14 Pro 4G, OEM, Soft, Neagra ",OEM,7.99,0,https://www.gsmnet.ro/accesorii-telefoane-tablete-huse/husa-pentru-xiaomi-redmi-note-14-pro-4g-oem-soft-neagra,https://img.gsmnet.ro/600x600/products/202567/husa-pentru-xiaomi-redmi-1-1774012014.jpg,2026-07-29 02:40:35,216
340465,6942007646321,"Boxa Portabila Bluetooth HOCO HC30, 5W, TWS, RGB, Neagra ",HOCO,57.99,0,https://www.gsmnet.ro/gadgeturi-boxe-bluetooth/boxa-portabila-bluetooth-hoco-hc30-5w-tws-rgb-neagra,https://img.gsmnet.ro/600x600/products/202573/boxa-portabila-bluetooth-hoco-1-1743757706.jpg,2026-08-04 02:33:52,192
340467,6942007646338,"Boxa Portabila Bluetooth HOCO HC30, 5W, TWS, RGB, Albastra ",HOCO,55.99,0,https://www.gsmnet.ro/gadgeturi-boxe-bluetooth/boxa-portabila-bluetooth-hoco-hc30-5w-tws-rgb-albastra,https://img.gsmnet.ro/600x600/products/202575/boxa-portabila-bluetooth-hoco-1-1743757561.jpg,2026-08-04 02:33:52,192
340493,9589046918681,"Husa pentru Amazon Kindle Paperwhite 5inch, Tech-Protect, SmartCase, Neagra",Tech-Protect,34.99,0,https://www.gsmnet.ro/accesorii-telefoane-tablete-huse/husa-pentru-amazon-kindle-paperwhite-5inch-tech-protect-smartcase-neagra,https://img.gsmnet.ro/600x600/products/202601/husa-pentru-amazon-kindle-1-1744292999.jpg,2026-08-26 19:46:38,102
340521,5903396295805,"Husa pentru Apple iPhone 15 Pro, OEM, Teddy Bear, Roz ",OEM,12.99,0,https://www.gsmnet.ro/accesorii-telefoane-tablete-huse/husa-pentru-apple-iphone-15-pro-oem-teddy-bear-roz,https://img.gsmnet.ro/600x600/products/202629/husa-pentru-apple-iphone-1-1744029398.jpg,2026-08-15 01:14:41,149
340523,5903396382901,"Husa pentru Apple iPhone 17e / 16e, OEM, Teddy Bear, Roz",OEM,13.99,0,https://www.gsmnet.ro/accesorii-telefoane-tablete-huse/husa-pentru-apple-iphone-17e-16e-oem-teddy-bear-roz,https://img.gsmnet.ro/600x600/products/202631/husa-pentru-apple-iphone-1-1744029395.jpg,2026-07-24 02:42:57,236
340524,5903396382925,"Husa pentru Apple iPhone 17e / 16e, OEM, Teddy Bear, Aurie",OEM,13.99,0,https://www.gsmnet.ro/accesorii-telefoane-tablete-huse/husa-pentru-apple-iphone-17e-16e-oem-teddy-bear-aurie,https://img.gsmnet.ro/600x600/products/202632/husa-pentru-apple-iphone-1-1744029530.jpg,2026-09-12 03:28:29,43
340531,5903396328596,"Husa pentru Samsung Galaxy A16 5G A166, OEM, Teddy Bear, Aurie ",OEM,16.99,0,https://www.gsmnet.ro/accesorii-telefoane-tablete-huse/husa-pentru-samsung-galaxy-a16-5g-a166-oem-teddy-bear-aurie,https://img.gsmnet.ro/600x600/products/202639/husa-pentru-samsung-galaxy-1-1744029523.jpg,2026-08-25 01:16:01,109
340535,5903396328695,"Husa pentru Samsung Galaxy S24 FE S721, OEM, Teddy Bear, Roz ",OEM,15.99,0,https://www.gsmnet.ro/accesorii-telefoane-tablete-huse/husa-pentru-samsung-galaxy-s24-fe-s721-oem-teddy-bear-roz,https://img.gsmnet.ro/600x600/products/202643/husa-pentru-samsung-galaxy-1-1744029374.jpg,2026-08-25 01:16:01,109
340561,660982707580,"Adeziv Acumulator HMD Skyline, Service Pack HQ25804001FJ0 ",HMD,10.99,0,https://www.gsmnet.ro/piese-componente-suruburi-adezivi/adeziv-acumulator-hmd-skyline-service-pack-hq25804001fj0,https://img.gsmnet.ro/600x600/products/202669/adeziv-acumulator-hmd-skyline-1-1744895483.jpg,2026-08-28 21:46:21,98
340594,5903396166433,"Husa MagSafe pentru Apple iPhone 13, OEM, Silicone Mag, Roz ",OEM,17.99,0,https://www.gsmnet.ro/accesorii-telefoane-tablete-huse/husa-magsafe-pentru-apple-iphone-13-oem-silicone-mag-roz,https://img.gsmnet.ro/600x600/products/202702/husa-magsafe-pentru-apple-1-1744282292.jpg,2026-08-13 02:00:15,157
340620,6956116727499,"Baterie Externa Wireless Joyroom JR-W13 3in1, 5000mAh, 18W, PD + QI, 1 x Lightning - 1 x QI - 1 x USB-C, Neagra",Joyroom,59.99,0,https://www.gsmnet.ro/accesorii-telefoane-tablete-baterii-externe/baterie-externa-wireless-joyroom-jr-w13-3in1-5000mah-18w-pd-plus-qi-1-x-lightning-1-x-qi-1-x-usb-c-neagra,https://img.gsmnet.ro/600x600/products/202728/baterie-externa-wireless-joyroom-2-1744714940.jpg,2026-08-12 01:58:19,161
340646,6920680853915,"Incarcator Retea Cu Cablu USB-C XO Design CE21, 30W, 3A, 1 x USB-A - 1 x USB-C, Alb ",XO Design,27.99,0,https://www.gsmnet.ro/accesorii-telefoane-tablete-incarcatoare/incarcator-retea-cu-cablu-usb-c-xo-design-ce21-30w-3a-1-x-usb-a-1-x-usb-c-alb,https://img.gsmnet.ro/600x600/products/202754/incarcator-retea-cu-cablu-5-1744707781.jpeg,2026-08-15 01:14:41,149
340647,6920680853892,"Incarcator Retea XO Design CE21, 30W, 3A, 1 x USB-A - 1 x USB-C, Alb ",XO Design,27.99,0,https://www.gsmnet.ro/accesorii-telefoane-tablete-incarcatoare/incarcator-retea-xo-design-ce21-30w-3a-1-x-usb-a-1-x-usb-c-alb,https://img.gsmnet.ro/600x600/products/202755/incarcator-retea-xo-design-2-1744703199.jpg,2026-07-29 02:40:35,216
340648,6920680858064,"Suport Auto Magnetic XO Design C147, Universal, Gri ",XO Design,21.99,0,https://www.gsmnet.ro/accesorii-telefoane-tablete-suporturi-telefoane/suport-auto-magnetic-xo-design-c147-universal-gri,https://img.gsmnet.ro/600x600/products/202756/suport-auto-magnetic-xo-1-1744641536.jpg,2026-08-20 01:14:27,129
340663,5903396232589,"Folie de protectie Ecran Blue Star pentru Oppo A38, Sticla Securizata, Full Glue ",Blue Star,5.99,0,https://www.gsmnet.ro/accesorii-telefoane-tablete-folii-protectie/folie-de-protectie-ecran-blue-star-pentru-oppo-a38-sticla-securizata-full-glue,https://img.gsmnet.ro/600x600/products/202771/folie-de-protectie-ecran-2-1744795314.jpg,2026-08-12 01:58:19,161
340664,6976757300479,"Folie de protectie Ecran Privacy Vmax pentru Apple iPhone 12 Pro Max, Sticla Securizata, Full Glue, 2.5D ",Vmax,13.99,0,https://www.gsmnet.ro/accesorii-telefoane-tablete-folii-protectie/folie-de-protectie-ecran-privacy-vmax-pentru-apple-iphone-12-pro-max-sticla-securizata-full-glue-2-5d,https://img.gsmnet.ro/600x600/products/202772/folie-de-protectie-ecran-1-1744720124.jpg,2026-08-11 01:46:05,165
340689,5906961982605,"Husa MagSafe pentru Apple iPhone 15 Pro, OEM, Glitter Thin Mag, Maro ",OEM,12.99,0,https://www.gsmnet.ro/accesorii-telefoane-tablete-huse/husa-magsafe-pentru-apple-iphone-15-pro-oem-glitter-thin-mag-maro,https://img.gsmnet.ro/600x600/products/202797/husa-magsafe-pentru-apple-2-1744719794.jpg,2026-08-20 01:14:27,129
340697,5906961993335,"Folie de protectie Ecran OEM pentru Apple iPhone 16 Pro, Sticla Securizata, Full Glue, Set 10 bucati, 9D, Neagra ",OEM,22.99,0,https://www.gsmnet.ro/accesorii-telefoane-tablete-folii-protectie/folie-de-protectie-ecran-oem-pentru-apple-iphone-16-pro-sticla-securizata-full-glue-set-10-bucati-9d-neagra,https://img.gsmnet.ro/600x600/products/202805/folie-de-protectie-ecran-2-1744722680.jpg,2026-07-17 02:41:26,264
340702,5906961993656,"Folie de protectie Ecran OEM pentru Samsung Galaxy A26 A266 / A16 5G A166, Sticla Securizata, Full Glue, Set 10 bucati, 9D, Neagra ",OEM,35.99,0,https://www.gsmnet.ro/accesorii-telefoane-tablete-folii-protectie/folie-de-protectie-ecran-oem-pentru-samsung-galaxy-a26-a266-a16-5g-a166-sticla-securizata-full-glue-set-10-bucati-9d-neagra,https://img.gsmnet.ro/600x600/products/202810/folie-de-protectie-ecran-1-1744723631.jpg,2026-09-04 03:15:45,75
340709,5907504500232,"Husa pentru Honor Magic7 Pro, OEM, Silicone, Roz ",OEM,4.3,0,https://www.gsmnet.ro/accesorii-telefoane-tablete-huse/husa-pentru-honor-magic7-pro-oem-silicone-roz,https://img.gsmnet.ro/600x600/products/202817/husa-pentru-honor-magic7-1-1744718099.jpg,2026-09-11 03:23:04,47
340798,6922794736542,"Cititor Card USB / USB-C / microUSB Vention, SD - microSD, Gri CCJH0 ",Vention,33.99,0,https://www.gsmnet.ro/accesorii-pc-laptop-accesorii-usb/cititor-card-usb-usb-c-microusb-vention-sd-microsd-gri-ccjh0,https://img.gsmnet.ro/600x600/products/202906/cititor-card-usb-1-1745911759.jpg,2026-08-06 02:35:29,184
340821,6971824162479,"Folie de protectie Ecran Privacy DUX DUCIS pentru Samsung Galaxy S25 Ultra S938, Sticla Securizata, Edge Glue",DUX DUCIS,15.99,0,https://www.gsmnet.ro/accesorii-telefoane-tablete-folii-protectie/folie-de-protectie-ecran-privacy-dux-ducis-pentru-samsung-galaxy-s25-ultra-s938-sticla-securizata-edge-glue,https://img.gsmnet.ro/600x600/products/202929/folie-de-protectie-ecran-1-1745842234.jpg,2026-08-01 02:50:04,204
340822,6971824162455,"Folie de protectie Ecran Privacy DUX DUCIS pentru Samsung Galaxy S25 S931, Sticla Securizata, Edge Glue",DUX DUCIS,15.99,0,https://www.gsmnet.ro/accesorii-telefoane-tablete-folii-protectie/folie-de-protectie-ecran-privacy-dux-ducis-pentru-samsung-galaxy-s25-s931-sticla-securizata-edge-glue,https://img.gsmnet.ro/600x600/products/202930/folie-de-protectie-ecran-1-1745841959.jpg,2026-08-15 01:14:41,149
340853,6920680858163,Compresor Auto XO Design CZ018 ,XO Design,119.99,0,https://www.gsmnet.ro/gadgeturi-accesorii-auto/compresor-auto-xo-design-cz018,https://img.gsmnet.ro/600x600/products/202961/compresor-auto-xo-design-1-1745913743.jpg,2026-08-20 01:14:27,129
340881,4718050609642,"Memorie Externa USB-A Adata C008, 16Gb AC008-16G-RWE ",Adata,29.99,0,https://www.gsmnet.ro/accesorii-telefoane-tablete-carduri-memorii-usb/memorie-externa-usb-a-adata-c008-16gb-ac008-16g-rwe,https://img.gsmnet.ro/600x600/products/202989/memorie-externa-usb-a-adata-1-1745844603.jpg,2026-08-19 01:15:12,133
340883,6957303873203,"Cablu Video UGREEN, HDMI - HDMI, 8K, 1.5m, Negru ",UGREEN,81.99,0,https://www.gsmnet.ro/accesorii-pc-laptop-accesorii-audio-video/cablu-video-ugreen-hdmi-hdmi-8k-1-5m-negru,https://img.gsmnet.ro/600x600/products/202991/cablu-video-ugreen-hdmi-6-1745911189.jpg,2026-08-07 00:01:02,181
340954,660982717237,Display cu Touchscreen MP compatibil cu Motorola Moto G35 ,MP,69.99,0,https://www.gsmnet.ro/piese-componente-display-cu-touchscreen/display-cu-touchscreen-mp-compatibil-cu-motorola-moto-g35,https://img.gsmnet.ro/600x600/products/203062/display-cu-touchscreen-mp-3-1750774762.jpg,2026-09-02 03:15:17,83
340998,4894240267219,"Husa pentru Apple iPad Air 13 (2026) / Air 13 (2025) / Air 13 (2024), ESR, Flip Hybrid, Neagra",ESR,0.0,0,https://www.gsmnet.ro/accesorii-telefoane-tablete-huse/husa-pentru-apple-ipad-air-13-2026-air-13-2025-air-13-2024-esr-flip-hybrid-neagra,https://img.gsmnet.ro/600x600/products/203106/husa-pentru-apple-ipad-1-1746023601.jpg,2026-09-13 15:44:06,37
340999,4894240267295,"Husa pentru Apple iPad Air 13 (2026) / Air 13 (2025) / Air 13 (2024), ESR, Flip Hybrid, Violet",ESR,0.0,0,https://www.gsmnet.ro/accesorii-telefoane-tablete-huse/husa-pentru-apple-ipad-air-13-2026-air-13-2025-air-13-2024-esr-flip-hybrid-violet,https://img.gsmnet.ro/600x600/products/203107/husa-pentru-apple-ipad-1-1746023661.jpg,2026-09-13 15:44:06,37
341000,4894240267271,"Husa pentru Apple iPad Air 13 (2026) / Air 13 (2025) / Air 13 (2024), ESR, Flip Hybrid, Albastra",ESR,0.0,0,https://www.gsmnet.ro/accesorii-telefoane-tablete-huse/husa-pentru-apple-ipad-air-13-2026-air-13-2025-air-13-2024-esr-flip-hybrid-albastra,https://img.gsmnet.ro/600x600/products/203108/husa-pentru-apple-ipad-1-1746023539.jpg,2026-09-13 15:44:06,37
341014,660982711389,"Camera Spate Apple iPhone 12 mini, cu banda ",Aftermarket,158.99,0,https://www.gsmnet.ro/piese-componente-piese/camera-spate-apple-iphone-12-mini-cu-banda,https://img.gsmnet.ro/600x600/products/203122/camera-spate-apple-iphone-1-1748529988.jpg,2026-09-12 03:28:29,43
341015,660982711419,"Camera Spate Apple iPhone 13 / 13 mini, cu banda ",Aftermarket,70.99,0,https://www.gsmnet.ro/piese-componente-piese/camera-spate-apple-iphone-13-13-mini-cu-banda,https://img.gsmnet.ro/600x600/products/203123/camera-spate-apple-iphone-1-1752747039.jpg,2026-08-15 01:14:41,149
341016,660982711440,"Camera Spate Apple iPhone 14 Plus, cu banda ",Aftermarket,239.99,0,https://www.gsmnet.ro/piese-componente-piese/camera-spate-apple-iphone-14-plus-cu-banda,https://img.gsmnet.ro/600x600/products/203124/camera-spate-apple-iphone-1-1752747312.jpg,2026-09-12 03:28:29,43
341020,660982711372,"Camera Spate Apple iPhone 12, cu banda ",Aftermarket,59.99,0,https://www.gsmnet.ro/piese-componente-piese/camera-spate-apple-iphone-12-cu-banda,https://img.gsmnet.ro/600x600/products/203128/camera-spate-apple-iphone-1-1748521556.jpg,2026-08-15 01:14:41,149
341021,660982711396,"Camera Spate Apple iPhone 12 Pro, cu banda ",Aftermarket,259.99,0,https://www.gsmnet.ro/piese-componente-piese/camera-spate-apple-iphone-12-pro-cu-banda,https://img.gsmnet.ro/600x600/products/203129/camera-spate-apple-iphone-1-1748527193.jpg,2026-09-12 03:28:29,43
341023,660982711426,"Camera Spate Apple iPhone 13 Pro / 13 Pro Max, cu banda ",Aftermarket,349.99,0,https://www.gsmnet.ro/piese-componente-piese/camera-spate-apple-iphone-13-pro-13-pro-max-cu-banda,https://img.gsmnet.ro/600x600/products/203131/camera-spate-apple-iphone-1-1752747193.jpg,2026-08-15 01:14:41,149
341024,660982711433,"Camera Spate Apple iPhone 14, cu banda ",Aftermarket,229.99,0,https://www.gsmnet.ro/piese-componente-piese/camera-spate-apple-iphone-14-cu-banda,https://img.gsmnet.ro/600x600/products/203132/camera-spate-apple-iphone-1-1748525865.jpg,2026-09-12 03:28:29,43
341026,660982711464,"Camera Spate Apple iPhone 14 Pro Max, cu banda ",Aftermarket,259.99,0,https://www.gsmnet.ro/piese-componente-piese/camera-spate-apple-iphone-14-pro-max-cu-banda,https://img.gsmnet.ro/600x600/products/203134/camera-spate-apple-iphone-1-1748609450.jpg,2026-09-12 03:28:29,43
341029,660982711501,"Camera Spate Apple iPhone 15 Pro Max, cu banda ",Aftermarket,190.99,0,https://www.gsmnet.ro/piese-componente-piese/camera-spate-apple-iphone-15-pro-max-cu-banda,https://img.gsmnet.ro/600x600/products/203137/camera-spate-apple-iphone-1-1748609550.jpg,2026-07-25 02:41:22,232
341031,660982711525,"Camera Spate Apple iPhone 16 Pro, cu banda ",Aftermarket,229.99,0,https://www.gsmnet.ro/piese-componente-piese/camera-spate-apple-iphone-16-pro-cu-banda,https://img.gsmnet.ro/600x600/products/203139/camera-spate-apple-iphone-1-1748609623.jpg,2026-07-28 02:34:33,220
341032,660982711532,"Camera Spate Apple iPhone 16 Pro Max, cu banda ",Aftermarket,249.99,0,https://www.gsmnet.ro/piese-componente-piese/camera-spate-apple-iphone-16-pro-max-cu-banda,https://img.gsmnet.ro/600x600/products/203140/camera-spate-apple-iphone-1-1748609645.jpg,2026-07-28 02:34:33,220
341063,5906961993816,"Folie de protectie Ecran OEM pentru Samsung Galaxy S23 S911 / S22 5G S901, Sticla Securizata, Full Glue, Set 10 bucati, 9D, Neagra ",OEM,31.99,0,https://www.gsmnet.ro/accesorii-telefoane-tablete-folii-protectie/folie-de-protectie-ecran-oem-pentru-samsung-galaxy-s23-s911-s22-5g-s901-sticla-securizata-full-glue-set-10-bucati-9d-neagra,https://img.gsmnet.ro/600x600/products/203171/folie-de-protectie-ecran-1-1746799127.jpg,2026-09-11 03:23:04,47
341064,5906961993854,"Folie de protectie Ecran OEM pentru Samsung Galaxy S24 Ultra S928, Sticla Securizata, Full Glue, Set 10 bucati, 9D, Neagra ",OEM,31.99,0,https://www.gsmnet.ro/accesorii-telefoane-tablete-folii-protectie/folie-de-protectie-ecran-oem-pentru-samsung-galaxy-s24-ultra-s928-sticla-securizata-full-glue-set-10-bucati-9d-neagra,https://img.gsmnet.ro/600x600/products/203172/folie-de-protectie-ecran-1-1746799178.jpg,2026-09-15 03:44:46,31
341065,5906961993878,"Folie de protectie Ecran OEM pentru Samsung Galaxy S25 Ultra S938, Sticla Securizata, Full Glue, Set 10 bucati, 9D, Neagra ",OEM,31.99,0,https://www.gsmnet.ro/accesorii-telefoane-tablete-folii-protectie/folie-de-protectie-ecran-oem-pentru-samsung-galaxy-s25-ultra-s938-sticla-securizata-full-glue-set-10-bucati-9d-neagra,https://img.gsmnet.ro/600x600/products/203173/folie-de-protectie-ecran-1-1746799491.jpg,2026-09-11 03:23:04,47
341068,5906302363186,"Folie de protectie Ecran Tech-Protect Quick Set+ pentru Apple iPhone 17e / 16e / 14 / 13 Pro, Sticla Securizata, Full Glue, Set 2 bucati, Neagra",Tech-Protect,36.99,0,https://www.gsmnet.ro/accesorii-telefoane-tablete-folii-protectie/folie-de-protectie-ecran-tech-protect-quick-set-plus-pentru-apple-iphone-17e-16e-14-13-pro-sticla-securizata-full-glue-set-2-bucati-neagra,https://img.gsmnet.ro/600x600/products/203176/folie-de-protectie-ecran-1-1746796456.jpg,2026-07-29 02:40:35,216
341070,5906302363155,"Folie de protectie Ecran Tech-Protect Quick Set+ pentru Apple iPhone 16 Pro, Sticla Securizata, Full Glue, Set 2 bucati, Neagra ",Tech-Protect,29.99,0,https://www.gsmnet.ro/accesorii-telefoane-tablete-folii-protectie/folie-de-protectie-ecran-tech-protect-quick-set-plus-pentru-apple-iphone-16-pro-sticla-securizata-full-glue-set-2-bucati-neagra,https://img.gsmnet.ro/600x600/products/203178/folie-de-protectie-ecran-1-1746797859.jpg,2026-07-17 02:41:26,264
341089,6942007640169,"Camera Auto HOCO DV11, 2K, Wi-Fi, GPS, Afisaj 3.69inch",HOCO,224.99,0,https://www.gsmnet.ro/gadgeturi-accesorii-auto/camera-auto-hoco-dv11-2k-wi-fi-gps-afisaj-3-69inch,https://img.gsmnet.ro/600x600/products/203197/camera-auto-hoco-dv11-9-1746542427.jpg,2026-08-25 01:16:01,109
341130,660982716865,Placa cu Conector Audio - Incarcare - Microfon Honor X7 ,Aftermarket,3.99,0,https://www.gsmnet.ro/piese-componente-conectori-incarcare/placa-cu-conector-audio-incarcare-microfon-honor-x7,https://img.gsmnet.ro/600x600/products/203238/placa-cu-conector-audio-2-1749025092.jpg,2026-07-25 02:41:22,232
341167,5906961994356,"Folie de protectie Ecran OEM pentru Apple iPhone 17e / 16e / 14 / 13 Pro, Sticla Securizata, Full Glue, Set 10 bucati, 6D, Neagra",OEM,47.99,0,https://www.gsmnet.ro/accesorii-telefoane-tablete-folii-protectie/folie-de-protectie-ecran-oem-pentru-apple-iphone-17e-16e-14-13-pro-sticla-securizata-full-glue-set-10-bucati-6d-neagra,https://img.gsmnet.ro/600x600/products/203275/folie-de-protectie-ecran-1-1747294897.jpg,2026-08-11 01:46:05,165
341170,5903396395864,"Husa pentru Honor X8c, OEM, Carbon, Neagra ",OEM,7.99,0,https://www.gsmnet.ro/accesorii-telefoane-tablete-huse/husa-pentru-honor-x8c-oem-carbon-neagra,https://img.gsmnet.ro/600x600/products/203278/husa-pentru-honor-x8c-1-1747232554.jpg,2026-07-29 02:40:35,216
341182,5903396387036,"Husa MagSafe pentru Apple iPhone 16 Pro, OEM, Gentleman Mag, Neagra ",OEM,24.99,0,https://www.gsmnet.ro/accesorii-telefoane-tablete-huse/husa-magsafe-pentru-apple-iphone-16-pro-oem-gentleman-mag-neagra,https://img.gsmnet.ro/600x600/products/203290/husa-magsafe-pentru-apple-1-1747230322.jpg,2026-08-25 01:16:01,109
341184,5903396386497,"Husa MagSafe pentru Samsung Galaxy A26 A266, OEM, Gentleman Mag, Neagra ",OEM,20.99,0,https://www.gsmnet.ro/accesorii-telefoane-tablete-huse/husa-magsafe-pentru-samsung-galaxy-a26-a266-oem-gentleman-mag-neagra,https://img.gsmnet.ro/600x600/products/203292/husa-magsafe-pentru-samsung-2-1747235759.jpg,2026-08-25 01:16:01,109
341193,5903396396892,"Husa pentru Realme GT 7 Pro, OEM, Matt, Neagra ",OEM,7.99,0,https://www.gsmnet.ro/accesorii-telefoane-tablete-huse/husa-pentru-realme-gt-7-pro-oem-matt-neagra,https://img.gsmnet.ro/600x600/products/203301/husa-pentru-realme-gt-1-1774012850.jpg,2026-09-08 03:24:25,59
341195,6942007607421,"Folie de protectie Ecran HOCO G14 pentru Apple iPhone 15 Pro Max, Sticla Securizata, Full Glue, Set 10 bucati, 5D, Neagra ",HOCO,30.99,0,https://www.gsmnet.ro/accesorii-telefoane-tablete-folii-protectie/folie-de-protectie-ecran-hoco-g14-pentru-apple-iphone-15-pro-max-sticla-securizata-full-glue-set-10-bucati-5d-neagra,https://img.gsmnet.ro/600x600/products/203303/folie-de-protectie-ecran-4-1747129897.jpg,2026-08-15 01:14:41,149
341243,660982717473,"Geam Camera Spate Samsung Galaxy A13 5G A136, Depth, Negru ",Aftermarket,4.99,0,https://www.gsmnet.ro/piese-componente-componente-carcasa/geam-camera-spate-samsung-galaxy-a13-5g-a136-depth-negru,https://img.gsmnet.ro/600x600/products/203351/geam-camera-spate-samsung-1-1748269797.jpg,2026-07-25 02:41:22,232
341303,6942007642163,"Incarcator Auto Wireless HOCO HW29, 15W, 1.67A, Negru",HOCO,56.99,0,https://www.gsmnet.ro/accesorii-telefoane-tablete-incarcatoare/incarcator-auto-wireless-hoco-hw29-15w-1-67a-negru,https://img.gsmnet.ro/600x600/products/203411/suport-auto-magnetic-magsafe-8-1747667041.jpg,2026-09-11 03:23:04,47
341377,660982719378,"Placa cu Conector Incarcare - Microfon Xiaomi Poco X5, Service Pack 560002M17P00 ",Xiaomi,39.99,0,https://www.gsmnet.ro/piese-componente-conectori-incarcare/placa-cu-conector-incarcare-microfon-xiaomi-poco-x5-service-pack-560002m17p00,https://img.gsmnet.ro/600x600/products/203485/placa-cu-conector-incarcare-1-1748952371.jpg,2026-09-10 03:25:56,51
341379,660982719361,"Placa cu Conector Incarcare - Microfon Xiaomi Poco M3 Pro 5G, Service Pack 560001K19P00 ",Xiaomi,39.99,0,https://www.gsmnet.ro/piese-componente-conectori-incarcare/placa-cu-conector-incarcare-microfon-xiaomi-poco-m3-pro-5g-service-pack-560001k19p00,https://img.gsmnet.ro/600x600/products/203487/placa-cu-conector-incarcare-3-1748956517.jpg,2026-09-10 03:25:56,51
341397,660982718746,Display cu Touchscreen MP compatibil cu Nokia 3.4 / 5.4 ,MP,49.99,0,https://www.gsmnet.ro/piese-componente-display-cu-touchscreen/display-cu-touchscreen-mp-compatibil-cu-nokia-3-4-5-4,https://img.gsmnet.ro/600x600/products/203505/display-cu-touchscreen-mp-3-1750682458.jpg,2026-08-07 00:01:02,181
341406,660982718814,Display cu Touchscreen MP compatibil cu OnePlus Nord N20 5G ,MP,49.99,0,https://www.gsmnet.ro/piese-componente-display-cu-touchscreen/display-cu-touchscreen-mp-compatibil-cu-oneplus-nord-n20-5g,https://img.gsmnet.ro/600x600/products/203514/display-cu-touchscreen-mp-3-1751371027.jpg,2026-09-11 03:23:04,47
341412,660982718852,Display cu Touchscreen MP compatibil cu Xiaomi Mi A2 Lite / Redmi 6 Pro ,MP,49.99,0,https://www.gsmnet.ro/piese-componente-display-cu-touchscreen/display-cu-touchscreen-mp-compatibil-cu-xiaomi-mi-a2-lite-redmi-6-pro,https://img.gsmnet.ro/600x600/products/203520/display-cu-touchscreen-mp-3-1750683618.jpg,2026-08-27 21:52:51,100
341422,660982718890,Display cu Touchscreen MP compatibil cu ZTE nubia Neo ,MP,59.99,0,https://www.gsmnet.ro/piese-componente-display-cu-touchscreen/display-cu-touchscreen-mp-compatibil-cu-zte-nubia-neo,https://img.gsmnet.ro/600x600/products/203530/display-cu-touchscreen-mp-3-1750931529.jpg,2026-08-18 01:13:45,137
341441,660982719163,"Acumulator Motorola Razr 2025 / Razr 60, RA33, Service Pack SB18E56671 ",Motorola,74.99,0,https://www.gsmnet.ro/piese-componente-acumulatori/acumulator-motorola-razr-2025-razr-60-ra33-service-pack-sb18e56671,https://img.gsmnet.ro/600x600/products/203549/acumulator-motorola-razr-2025-1-1749126956.jpg,2026-09-10 03:25:56,51
341444,660982719071,"Capac Baterie Motorola Razr 2025 / Razr 60, Bleumarin (Gibraltar Sea), Service Pack SL98E62930 ",Motorola,76.99,0,https://www.gsmnet.ro/piese-componente-capace-baterie/capac-baterie-motorola-razr-2025-razr-60-bleumarin-gibraltar-sea-service-pack-sl98e62930,https://img.gsmnet.ro/600x600/products/203552/capac-baterie-motorola-razr-1-1750242054.jpg,2026-09-16 03:41:35,27
341460,660982721005,"Buzzer Motorola Moto G56, Service Pack S938E63760 ",Motorola,17.99,0,https://www.gsmnet.ro/piese-componente-piese/buzzer-motorola-moto-g56-service-pack-s938e63760,https://img.gsmnet.ro/600x600/products/203568/buzzer-motorola-moto-g56-1-1750663390.jpg,2026-08-18 01:13:45,137
341462,660982719200,"Buzzer Motorola Razr 60 Ultra, cu banda, Service Pack SSB8E48177 ",Motorola,39.99,0,https://www.gsmnet.ro/piese-componente-piese/buzzer-motorola-razr-60-ultra-cu-banda-service-pack-ssb8e48177,https://img.gsmnet.ro/600x600/products/203570/buzzer-motorola-razr-60-1-1748952181.jpg,2026-08-22 01:14:09,121
341508,6956116713270,"Baterie Externa Joyroom JR-PBF13, 5000mAh, 12W, 1 x USB-C - 2 x USB-A, Neagra ",Joyroom,40.99,0,https://www.gsmnet.ro/accesorii-telefoane-tablete-baterii-externe/baterie-externa-joyroom-jr-pbf13-5000mah-12w-1-x-usb-c-2-x-usb-a-neagra,https://img.gsmnet.ro/600x600/products/203616/baterie-externa-joyroom-jr-pbf13-1-1748417744.jpg,2026-07-29 02:40:35,216
341557,6932172637026,"Cablu Retea Baseus, UTP, Cat5, 3m, Negru B00133206111-04 ",Baseus,13.99,0,https://www.gsmnet.ro/accesorii-pc-laptop-retea/cablu-retea-baseus-utp-cat5-3m-negru-b00133206111-04,https://img.gsmnet.ro/600x600/products/203665/cablu-retea-baseus-utp-1-1748329666.jpg,2026-08-07 00:01:02,181
341568,6932172667795,"Rack Baseus FlyJoy Series pentru SSD M.2 NVMe / NGFF, Gri B00760600811-02 ",Baseus,137.99,0,https://www.gsmnet.ro/accesorii-pc-laptop-rack-uri-enclosure/rack-baseus-flyjoy-series-pentru-ssd-m-2-nvme-ngff-gri-b00760600811-02,https://img.gsmnet.ro/600x600/products/203676/rack-baseus-flyjoy-series-1-1748330445.jpg,2026-08-07 00:01:02,181
341574,5902280604464,"Folie de protectie Ecran OEM pentru Oppo Reno13 F, Sticla Securizata, Full Glue, 21D, Neagra ",OEM,7.99,0,https://www.gsmnet.ro/accesorii-telefoane-tablete-folii-protectie/folie-de-protectie-ecran-oem-pentru-oppo-reno13-f-sticla-securizata-full-glue-21d-neagra,https://img.gsmnet.ro/600x600/products/203682/folie-de-protectie-ecran-1-1748418988.jpg,2026-09-08 03:24:25,59
341576,5904643064885,"Folie de protectie Ecran Bear PRO+ pentru Motorola Moto G15 / G15 Power, Sticla Securizata, Full Glue, Neagra ",Bear,12.99,0,https://www.gsmnet.ro/accesorii-telefoane-tablete-folii-protectie/folie-de-protectie-ecran-bear-pro-plus-pentru-motorola-moto-g15-g15-power-sticla-securizata-full-glue-neagra,https://img.gsmnet.ro/600x600/products/203684/folie-de-protectie-ecran-1-1748418499.jpg,2026-08-15 01:14:41,149
341578,5904643064960,"Folie de protectie Ecran Bear PRO+ pentru Realme C75 5G / 14x, Sticla Securizata, Full Glue, Neagra ",Bear,9.99,0,https://www.gsmnet.ro/accesorii-telefoane-tablete-folii-protectie/folie-de-protectie-ecran-bear-pro-plus-pentru-realme-c75-5g-14x-sticla-securizata-full-glue-neagra,https://img.gsmnet.ro/600x600/products/203686/folie-de-protectie-ecran-2-1748419063.jpg,2026-09-09 03:28:00,55
341586,5904643064991,"Folie de protectie Ecran Bear PRO+ pentru Samsung Galaxy S25 S931, Sticla Securizata, Full Glue, Neagra ",Bear,12.99,0,https://www.gsmnet.ro/accesorii-telefoane-tablete-folii-protectie/folie-de-protectie-ecran-bear-pro-plus-pentru-samsung-galaxy-s25-s931-sticla-securizata-full-glue-neagra,https://img.gsmnet.ro/600x600/products/203694/folie-de-protectie-ecran-1-1748419356.jpg,2026-09-09 03:28:00,55
341587,5904643065004,"Folie de protectie Ecran Bear PRO+ pentru Samsung Galaxy S25 Ultra S938, Sticla Securizata, Full Glue, Neagra ",Bear,16.99,0,https://www.gsmnet.ro/accesorii-telefoane-tablete-folii-protectie/folie-de-protectie-ecran-bear-pro-plus-pentru-samsung-galaxy-s25-ultra-s938-sticla-securizata-full-glue-neagra,https://img.gsmnet.ro/600x600/products/203695/folie-de-protectie-ecran-1-1748419422.jpg,2026-09-09 03:28:00,55
341597,5903396363016,"Husa pentru Xiaomi Poco C75 5G / C75 / Redmi 14C, OEM, Razor Book, Albastra ",OEM,20.99,0,https://www.gsmnet.ro/accesorii-telefoane-tablete-huse/husa-pentru-xiaomi-poco-c75-5g-c75-redmi-14c-oem-razor-book-albastra,https://img.gsmnet.ro/600x600/products/203705/husa-pentru-xiaomi-poco-1-1748417257.jpg,2026-09-11 03:23:04,47
341598,5900495730657,"Husa pentru Samsung Galaxy S10+ G975, OEM, Smart Magnet, Neagra ",OEM,10.99,0,https://www.gsmnet.ro/accesorii-telefoane-tablete-huse/husa-pentru-samsung-galaxy-s10-plus-g975-oem-smart-magnet-neagra,https://img.gsmnet.ro/600x600/products/203706/husa-pentru-samsung-galaxy-1-1748417076.jpg,2026-09-04 03:15:45,75
341663,6920680862498,"Handsfree Bluetooth XO Design G28, TWS, Bej ",XO Design,31.99,0,https://www.gsmnet.ro/wearables-audio-inclusiv-tws/handsfree-bluetooth-xo-design-g28-tws-bej,https://img.gsmnet.ro/600x600/products/203771/handsfree-bluetooth-xo-design-1-1748420933.jpeg,2026-08-06 02:35:29,184
341687,6942007601214,"Handsfree Bluetooth HOCO W45, A2DP, Alb ",HOCO,53.99,0,https://www.gsmnet.ro/accesorii-telefoane-tablete-casti-audio/handsfree-bluetooth-hoco-w45-a2dp-alb,https://img.gsmnet.ro/600x600/products/203795/handsfree-bluetooth-hoco-w45-5-1748615446.jpg,2026-09-11 03:23:04,47
341851,5900495890139,"Lampa Solara Forever, 96Led, 2800K, IP65, Neagra ",Forever,44.99,0,https://www.gsmnet.ro/gadgeturi-utile/lampa-solara-forever-96led-2800k-ip65-neagra,https://img.gsmnet.ro/600x600/products/203959/lampa-solara-forever-96led-1-1749552561.jpg,2026-08-27 21:52:51,100
341855,4008496121694,"Baterie Externa Wireless Varta Mag Pro, 10000mAh, 20W, 1 x QI - 2 x USB-C, Alba ",Varta,159.99,0,https://www.gsmnet.ro/accesorii-telefoane-tablete-baterii-externe/baterie-externa-wireless-varta-mag-pro-10000mah-20w-1-x-qi-2-x-usb-c-alba,https://img.gsmnet.ro/600x600/products/203963/baterie-externa-wireless-varta-5-1749035098.jpg,2026-07-18 02:32:25,260
341857,6957303821976,"Hub USB-C UGREEN CM417, 4 x USB-A 3.2 - 1 x HDMI, Gri",UGREEN,81.99,0,https://www.gsmnet.ro/accesorii-pc-laptop-hub-uri/hub-usb-c-ugreen-cm417-4-x-usb-a-3-2-1-x-hdmi-gri,https://img.gsmnet.ro/600x600/products/203965/hub-usb-c-ugreen-cm417-1-1749044157.jpg,2026-08-07 00:01:02,181
341869,6920680857838,"Baterie Externa XO Design PR249, 20000mAh, 22.5W, QC + PD, 1 x Lightning - 1 x USB-A - 2 x USB-C, Alba ",XO Design,91.99,0,https://www.gsmnet.ro/accesorii-telefoane-tablete-baterii-externe/baterie-externa-xo-design-pr249-20000mah-22-5w-qc-plus-pd-1-x-lightning-1-x-usb-a-2-x-usb-c-alba,https://img.gsmnet.ro/600x600/products/203977/baterie-externa-xo-design-5-1749130014.jpeg,2026-08-11 01:46:05,165
341872,6974443384840,"Incarcator Auto Cu Cablu microUSB Borofone BZ18, 18W, 3A, 1 x USB-A, Negru ",Borofone,13.99,0,https://www.gsmnet.ro/accesorii-telefoane-tablete-incarcatoare/incarcator-auto-cu-cablu-microusb-borofone-bz18-18w-3a-1-x-usb-a-negru,https://img.gsmnet.ro/600x600/products/203980/incarcator-auto-cu-cablu-4-1750070926.jpeg,2026-08-27 21:52:51,100
341874,6956116702311,"Incarcator Auto Wireless Joyroom JR-ZS219, 15W, 1.67A, Negru ",Joyroom,79.99,0,https://www.gsmnet.ro/accesorii-telefoane-tablete-incarcatoare/incarcator-auto-wireless-joyroom-jr-zs219-15w-1-67a-negru,https://img.gsmnet.ro/600x600/products/203982/incarcator-auto-wireless-joyroom-6-1749711669.jpg,2026-07-29 02:40:35,216
341919,660982729131,"Display cu Touchscreen Realme GT 7, cu Rama, Negru (IceSense Black), Service Pack 621029000573 ",Realme,899.99,0,https://www.gsmnet.ro/piese-componente-display-cu-touchscreen/display-cu-touchscreen-realme-gt-7-cu-rama-negru-icesense-black-service-pack-621029000573,https://img.gsmnet.ro/600x600/products/204027/display-cu-touchscreen-realme-1-1755093071.jpg,2026-09-16 03:41:35,27
341923,660982737679,"Placa cu Conector Incarcare - Microfon - Modul Cititor SIM Realme GT 7 Pro, Service Pack 621022000685 ",Realme,13.99,0,https://www.gsmnet.ro/piese-componente-conectori-incarcare/placa-cu-conector-incarcare-microfon-modul-cititor-sim-realme-gt-7-pro-service-pack-621022000685,https://img.gsmnet.ro/600x600/products/204031/placa-cu-conector-incarcare-1-1761126602.jpg,2026-08-21 01:18:16,125
341957,4895229113497,"Baterie Philips, AAA / LR3, Set 10 bucati ",Philips,17.99,0,https://www.gsmnet.ro/gadgeturi-baterii-lanterne/baterie-philips-aaa-lr3-set-10-bucati,https://img.gsmnet.ro/600x600/products/204065/baterie-philips-alkaline-aaa-1-1750145643.jpg,2026-09-17 03:46:42,23
341999,5904643062164,"Incarcator Retea Cu Cablu USB-C Prestico F9S, 12W, 2.4A, 1 x USB-A, Alb ",Prestico,17.99,0,https://www.gsmnet.ro/accesorii-telefoane-tablete-incarcatoare/incarcator-retea-cu-cablu-usb-c-prestico-f9s-12w-2-4a-1-x-usb-a-alb,https://img.gsmnet.ro/600x600/products/204107/incarcator-retea-cu-cablu-1-1770983655.jpeg,2026-09-09 03:28:00,55
342013,6932172659509,"Baterie Externa Baseus Compact, 5000mAh, 20W, PD, 2 x USB-C, Neagra P10068306113-00",Baseus,99.99,0,https://www.gsmnet.ro/accesorii-telefoane-tablete-baterii-externe/baterie-externa-baseus-compact-5000mah-20w-pd-2-x-usb-c-neagra-p10068306113-00,https://img.gsmnet.ro/600x600/products/204121/baterie-externa-baseus-compact-1-1750065961.jpg,2026-07-17 02:41:26,264
342020,6932172659660,"Baterie Externa Baseus OS Free2Pull, 10000mAh, 30W, PD, 2 x USB-C, Gri P10073701843-00 ",Baseus,0.0,0,https://www.gsmnet.ro/accesorii-telefoane-tablete-baterii-externe/baterie-externa-baseus-os-free2pull-10000mah-30w-pd-2-x-usb-c-gri-p10073701843-00,https://img.gsmnet.ro/600x600/products/204128/baterie-externa-baseus-os-1-1750064394.jpg,2026-09-13 15:44:06,37
342276,6941237112545,"Baterie Externa Wireless Joyroom JR-PBM01, 10000mAh, 20W, QC + PD + FQI, 1 x Lightning - 1 x QI - 1 x USB-C, Alba ",Joyroom,112.99,0,https://www.gsmnet.ro/accesorii-telefoane-tablete-baterii-externe/baterie-externa-wireless-joyroom-jr-pbm01-10000mah-20w-qc-plus-pd-plus-fqi-1-x-lightning-1-x-qi-1-x-usb-c-alba,https://img.gsmnet.ro/600x600/products/204384/baterie-externa-wireless-joyroom-1-1750761206.jpg,2026-07-29 02:40:35,216
342287,5903396381782,"Husa pentru Samsung Galaxy A26 A266, OEM, MEZZO Teddy Bear, Roz Aurie ",OEM,18.99,0,https://www.gsmnet.ro/accesorii-telefoane-tablete-huse/husa-pentru-samsung-galaxy-a26-a266-oem-mezzo-teddy-bear-roz-aurie,https://img.gsmnet.ro/600x600/products/204395/husa-pentru-samsung-galaxy-1-1750836530.jpg,2026-09-11 03:23:04,47
342297,6942007632638,"Handsfree Bluetooth HOCO EW200, TWS, Negru ",HOCO,56.99,0,https://www.gsmnet.ro/wearables-audio-inclusiv-tws/handsfree-bluetooth-hoco-ew200-tws-negru,https://img.gsmnet.ro/600x600/products/204405/handsfree-bluetooth-hoco-ew200-1-1750834920.jpg,2026-09-11 03:23:04,47
342313,5000394203907,"Baterie Duracell, CR2025, Set 2 bucati",Duracell,7.99,0,https://www.gsmnet.ro/gadgeturi-baterii-lanterne/baterie-duracell-cr2025-set-2-bucati,https://img.gsmnet.ro/600x600/products/204421/baterie-duracell-cr2025-set-1-1751018787.jpeg,2026-08-26 19:46:38,102
342314,5000394030398,"Baterie Duracell, CR2430",Duracell,10.99,0,https://www.gsmnet.ro/gadgeturi-baterii-lanterne/baterie-duracell-cr2430,https://img.gsmnet.ro/600x600/products/204422/baterie-duracell-cr2430-dl2430-1-1751018899.jpg,2026-08-26 19:46:38,102
342315,5000394030428,"Baterie Duracell, CR2450",Duracell,10.99,0,https://www.gsmnet.ro/gadgeturi-baterii-lanterne/baterie-duracell-cr2450,https://img.gsmnet.ro/600x600/products/204423/baterie-duracell-cr2450-dl2450-1-1751019036.jpeg,2026-08-26 19:46:38,102
342318,5000394030367,"Baterie Duracell, CR1620",Duracell,5.99,0,https://www.gsmnet.ro/gadgeturi-baterii-lanterne/baterie-duracell-cr1620,https://img.gsmnet.ro/600x600/products/204426/baterie-duracell-cr1620-dl1620-1-1751018583.jpeg,2026-08-26 19:46:38,102
342319,5000394140851,"Baterie Duracell Plus, AA / LR6, Set 4 bucati",Duracell,14.99,0,https://www.gsmnet.ro/gadgeturi-baterii-lanterne/baterie-duracell-plus-aa-lr6-set-4-bucati,https://img.gsmnet.ro/600x600/products/204427/baterie-duracell-plus-power-1-1751018105.jpeg,2026-08-26 19:46:38,102
345474,6942007644945,"Handsfree 3.5mm HOCO M116, Alb ",HOCO,9.99,0,https://www.gsmnet.ro/accesorii-telefoane-tablete-casti-audio/handsfree-3-5mm-hoco-m116-alb,https://img.gsmnet.ro/600x600/products/207581/handsfree-3-5mm-hoco-m116-1-1750775087.jpg,2026-09-16 03:41:35,27
345487,5903396394560,"Folie de protectie Ecran OEM pentru Realme 14 Pro, Sticla Securizata, Full Glue, 5D, Neagra ",OEM,8.99,0,https://www.gsmnet.ro/accesorii-telefoane-tablete-folii-protectie/folie-de-protectie-ecran-oem-pentru-realme-14-pro-sticla-securizata-full-glue-5d-neagra,https://img.gsmnet.ro/600x600/products/207594/folie-de-protectie-ecran-1-1751283094.jpg,2026-08-12 01:58:19,161
345492,5903396386626,"Husa MagSafe pentru Apple iPhone 11, OEM, Gentleman Mag, Maro ",OEM,24.99,0,https://www.gsmnet.ro/accesorii-telefoane-tablete-huse/husa-magsafe-pentru-apple-iphone-11-oem-gentleman-mag-maro,https://img.gsmnet.ro/600x600/products/207599/husa-magsafe-pentru-apple-1-1751278492.jpg,2026-08-12 01:58:19,161
345511,5903396386541,"Husa MagSafe pentru Samsung Galaxy A36 A366, OEM, Gentleman Mag, Bleumarin ",OEM,18.99,0,https://www.gsmnet.ro/accesorii-telefoane-tablete-huse/husa-magsafe-pentru-samsung-galaxy-a36-a366-oem-gentleman-mag-bleumarin,https://img.gsmnet.ro/600x600/products/207618/husa-magsafe-pentru-samsung-1-1751281843.jpg,2026-07-29 02:40:35,216
345513,5903396386633,"Husa MagSafe pentru Samsung Galaxy A56 A566, OEM, Gentleman Mag, Bleumarin ",OEM,24.99,0,https://www.gsmnet.ro/accesorii-telefoane-tablete-huse/husa-magsafe-pentru-samsung-galaxy-a56-a566-oem-gentleman-mag-bleumarin,https://img.gsmnet.ro/600x600/products/207620/husa-magsafe-pentru-samsung-1-1751281871.jpg,2026-08-25 01:16:01,109
345527,6931474757845,"Boxa Portabila Bluetooth HOCO HC9 Dazzling Pulse Sports, 10W, TWS, RGB, Albastra ",HOCO,61.99,0,https://www.gsmnet.ro/gadgeturi-boxe-bluetooth/boxa-portabila-bluetooth-hoco-hc9-dazzling-pulse-sports-10w-tws-rgb-albastra,https://img.gsmnet.ro/600x600/products/207634/boxa-portabila-bluetooth-hoco-1-1750774055.jpg,2026-09-11 03:23:04,47
345537,6942007647670,"Cablu Date si Incarcare USB-C - 2 x USB-C HOCO U139 2in1, 100W, 1.2m, Negru ",HOCO,30.99,0,https://www.gsmnet.ro/accesorii-telefoane-tablete-cabluri-adaptori/cablu-date-incarcare-usb-c-2-x-usb-c-hoco-u139-2in1-100w-1-2m-negru,https://img.gsmnet.ro/600x600/products/207644/cablu-date-incarcare-1-1750773871.jpg,2026-09-11 03:23:04,47
345549,6942007648110,"Handsfree Bluetooth HOCO ES74, A2DP, Albastru ",HOCO,38.99,0,https://www.gsmnet.ro/accesorii-telefoane-tablete-casti-audio/handsfree-bluetooth-hoco-es74-a2dp-albastru,https://img.gsmnet.ro/600x600/products/207656/handsfree-bluetooth-hoco-es74-6-1750771379.jpg,2026-09-11 03:23:04,47
345555,6920680858385,"XO Design SmartTag LP03 pentru iOS Series, Alb ",XO Design,25.99,0,https://www.gsmnet.ro/wearables-taguri/xo-design-smarttag-lp03-pentru-ios-series-alb,https://img.gsmnet.ro/600x600/products/207662/xo-design-smarttag-lp03-1-1751007256.jpg,2026-08-20 01:14:27,129
345597,6975837583429,"Suport Magnetic XO Design C170, Universal, Negru ",XO Design,43.99,0,https://www.gsmnet.ro/accesorii-telefoane-tablete-suporturi-telefoane/suport-magnetic-xo-design-c170-universal-negru,https://img.gsmnet.ro/600x600/products/207704/suport-magnetic-magsafe-xo-1-1751274070.jpeg,2026-08-11 01:46:05,165
345657,6921815625582,"Incarcator Retea Cu Cablu USB-C OnePlus VCBA0BEH, 100W, 9.1A, 1 x USB-A, Alb 5461100521",OnePlus,124.99,0,https://www.gsmnet.ro/accesorii-telefoane-tablete-incarcatoare/incarcator-retea-cu-cablu-usb-c-oneplus-vcba0beh-100w-9-1a-1-x-usb-a-alb-5461100521,https://img.gsmnet.ro/600x600/products/207764/incarcator-retea-cu-cablu-1-1751277990.jpeg,2026-08-01 02:50:04,204
352540,660982725454,"Display cu Touchscreen MP compatibil cu Apple iPhone 15 Pro, cu Rama, Versiune Soft OLED FHD 120Hz IC Movable, Negru ",MP,499.99,0,https://www.gsmnet.ro/piese-componente-display-cu-touchscreen/display-cu-touchscreen-mp-compatibil-cu-apple-iphone-15-pro-cu-rama-versiune-soft-oled-fhd-120hz-ic-movable-negru,https://img.gsmnet.ro/600x600/products/214647/display-cu-touchscreen-mp-7-1785919078.jpg,2026-09-03 03:17:44,79
352556,660982725553,"Display cu Touchscreen MP compatibil cu Apple iPhone X, cu Rama, Versiune Soft OLED FHD, Negru ",MP,219.99,0,https://www.gsmnet.ro/piese-componente-display-cu-touchscreen/display-cu-touchscreen-mp-compatibil-cu-apple-iphone-x-cu-rama-versiune-soft-oled-fhd-negru,https://img.gsmnet.ro/600x600/products/214663/display-cu-touchscreen-mp-4-1754474246.jpg,2026-08-18 01:13:45,137
352621,6920680861231,"Handsfree Bluetooth XO Design BE48, A2DP, Negru ",XO Design,24.99,0,https://www.gsmnet.ro/accesorii-telefoane-tablete-casti-audio/handsfree-bluetooth-xo-design-be48-a2dp-negru,https://img.gsmnet.ro/600x600/products/214728/handsfree-bluetooth-xo-design-1-1751878985.jpg,2026-08-11 01:46:05,165
352623,4713218461179,"Solid State Drive (SSD) Adata SU650 Ultimate 3D, 480GB, 2.5inch, SATA III ASU650SS-480GT-R ",Adata,380.99,0,https://www.gsmnet.ro/accesorii-pc-laptop-solutii-stocare/solid-state-drive-ssd-adata-su650-ultimate-3d-480gb-2-5inch-sata-iii-asu650ss-480gt-r,https://img.gsmnet.ro/600x600/products/214730/solid-state-drive-ssd-1-1771248515.png,2026-09-02 03:15:17,83
352671,660982729469,"Incarcator Retea Honor HN-110600E00, 66W, 6A, 1 x USB-A, Alb 2221951 ",Honor,50.99,0,https://www.gsmnet.ro/accesorii-telefoane-tablete-incarcatoare/incarcator-retea-honor-hn-110600e00-66w-6a-1-x-usb-a-alb-2221951,https://img.gsmnet.ro/600x600/products/214778/incarcator-retea-honor-hn-110600e00-1-1752133580.jpg,2026-08-11 01:46:05,165
352680,6935364082505,"Router Wireless TP-LINK M7200, LTE(4G), Negru ",TP-LINK,299.99,0,https://www.gsmnet.ro/accesorii-pc-laptop-retea/router-wireless-tp-link-m7200-lte-4g-negru,https://img.gsmnet.ro/600x600/products/214787/modem-tp-link-m7200-lte-4g-1-1751879543.jpg,2026-09-01 03:55:36,87
352816,6956116722869,"Incarcator Retea Joyroom JR-TCF12, 20W, 3A, 2 x USB-C, Alb ",Joyroom,28.99,0,https://www.gsmnet.ro/accesorii-telefoane-tablete-incarcatoare/incarcator-retea-joyroom-jr-tcf12-20w-3a-2-x-usb-c-alb,https://img.gsmnet.ro/600x600/products/214923/incarcator-retea-joyroom-jr-tcf12-1-1752567381.jpg,2026-08-25 01:16:01,109
352817,6956116722937,"Incarcator Retea Joyroom JR-TCF13, 25W, 3A, 1 x USB-A - 1 x USB-C, Negru ",Joyroom,32.99,0,https://www.gsmnet.ro/accesorii-telefoane-tablete-incarcatoare/incarcator-retea-joyroom-jr-tcf13-25w-3a-1-x-usb-a-1-x-usb-c-negru,https://img.gsmnet.ro/600x600/products/214924/incarcator-retea-joyroom-jr-tcf13-1-1752567547.jpg,2026-07-29 02:40:35,216
352818,5906302368969,"Folie de protectie Ecran Tech-Protect FIT+ pentru Motorola Moto G56, Sticla Securizata, Full Glue, Set 2 bucati, 2.5D, Neagra ",Tech-Protect,18.99,0,https://www.gsmnet.ro/accesorii-telefoane-tablete-folii-protectie/folie-de-protectie-ecran-tech-protect-fit-plus-pentru-motorola-moto-g56-sticla-securizata-full-glue-set-2-bucati-2-5d-neagra,https://img.gsmnet.ro/600x600/products/214925/folie-de-protectie-ecran-1-1752155930.jpg,2026-07-29 02:40:35,216
352819,8800293855927,"Folie de protectie Camera Spate Ringke pentru Samsung Galaxy Z Flip7 F766, Sticla Securizata, Set 2 bucati, Neagra",Ringke,39.99,0,https://www.gsmnet.ro/accesorii-telefoane-tablete-folii-protectie/folie-de-protectie-camera-spate-ringke-pentru-samsung-galaxy-z-flip7-f766-sticla-securizata-set-2-bucati-neagra,https://img.gsmnet.ro/600x600/products/214926/folie-de-protectie-camera-1-1752153919.jpg,2026-07-29 02:40:35,216
352820,8800293855484,"Folie de protectie Camera Spate Ringke pentru Samsung Galaxy Z Fold8 Ultra F976 / Z Fold7 F966, Sticla Securizata, Set 2 bucati, Neagra",Ringke,0.0,0,https://www.gsmnet.ro/accesorii-telefoane-tablete-folii-protectie/folie-de-protectie-camera-spate-ringke-pentru-samsung-galaxy-z-fold8-ultra-f976-z-fold7-f966-sticla-securizata-set-2-bucati-neagra,https://img.gsmnet.ro/600x600/products/214927/folie-de-protectie-camera-spate-ringke-pentru-samsung-galaxy-z-fold7-f966-sticla-securizata-set-2-bucati-neagra-175621146166.jpg,2026-09-13 15:44:06,37
352827,5906302361038,"Incarcator Auto Tech-Protect CC02, 35W, 3A, 1 x USB-A - 1 x USB-C, Negru ",Tech-Protect,18.99,0,https://www.gsmnet.ro/accesorii-telefoane-tablete-incarcatoare/incarcator-auto-tech-protect-cc02-35w-3a-1-x-usb-a-1-x-usb-c-negru,https://img.gsmnet.ro/600x600/products/214934/incarcator-auto-tech-protect-cc02-1-1752154888.jpg,2026-09-15 03:44:46,31
352867,6932172677619,"Baterie Externa Wireless Baseus PicoGo, 5000mAh, 20W, PD + FQI, 1 x QI - 1 x USB-C, Neagra P10076802123-00 ",Baseus,0.0,0,https://www.gsmnet.ro/accesorii-telefoane-tablete-baterii-externe/baterie-externa-wireless-baseus-picogo-5000mah-20w-pd-plus-fqi-1-x-qi-1-x-usb-c-neagra-p10076802123-00,https://img.gsmnet.ro/600x600/products/214974/baterie-externa-wireless-baseus-1-1753191254.jpg,2026-09-13 15:44:06,37
352919,6932172651367,Compresor Auto Baseus Air Pump C11140500113-B1 ,Baseus,0.0,0,https://www.gsmnet.ro/gadgeturi-accesorii-auto/compresor-auto-baseus-air-pump-c11140500113-b1,https://img.gsmnet.ro/600x600/products/215026/compresor-auto-baseus-air-1-1752131089.jpg,2026-09-13 15:44:06,37
353638,6956116776725,"Incarcator Retea Joyroom JR-TCF05, 20W, 3A, 1 x USB-A - 1 x USB-C, Alb ",Joyroom,24.99,0,https://www.gsmnet.ro/accesorii-telefoane-tablete-incarcatoare/incarcator-retea-joyroom-jr-tcf05-20w-3a-1-x-usb-a-1-x-usb-c-alb,https://img.gsmnet.ro/600x600/products/215745/incarcator-retea-joyroom-jr-tcf05-2-1752577064.jpg,2026-08-22 01:14:09,121
353647,6920680854004,"Mouse Wireless XO Design M7 Stylish Glossy, Negru ",XO Design,25.99,0,https://www.gsmnet.ro/accesorii-pc-laptop-tastatura-mouse/mouse-wireless-xo-design-m7-stylish-glossy-negru,https://img.gsmnet.ro/600x600/products/215754/mouse-wireless-xo-design-1-1752581611.jpg,2026-08-11 01:46:05,165
353656,6941812792155,"Baterie Externa Xiaomi, 20000mAh, 33W, QC + PD, 1 x USB-A - 2 x USB-C, Bej BHR8851GL",Xiaomi,129.99,0,https://www.gsmnet.ro/accesorii-telefoane-tablete-baterii-externe/baterie-externa-xiaomi-20000mah-33w-qc-plus-pd-1-x-usb-a-2-x-usb-c-bej-bhr8851gl,https://img.gsmnet.ro/600x600/products/215763/baterie-externa-xiaomi-20000mah-1-1752835020.jpg,2026-08-15 01:14:41,149
353741,6942007636124,"Smartwatch HOCO DYD02 Call, Negru ",HOCO,86.99,0,https://www.gsmnet.ro/wearables-smartwatch/smartwatch-hoco-dyd02-call-negru,https://img.gsmnet.ro/600x600/products/215848/smartwatch-hoco-dyd02-call-2-1752828483.jpg,2026-09-11 03:23:04,47
353787,6932172652623,"Baterie Externa Baseus Airpow Lite, 10000mAh, 22.5W, QC + PD, 1 x Lightning - 1 x USB-A - 2 x USB-C, Neagra P10067501123-00 ",Baseus,79.99,0,https://www.gsmnet.ro/accesorii-telefoane-tablete-baterii-externe/baterie-externa-baseus-airpow-lite-10000mah-22-5w-qc-plus-pd-1-x-lightning-1-x-usb-a-2-x-usb-c-neagra-p10067501123-00,https://img.gsmnet.ro/600x600/products/215894/baterie-externa-baseus-airpow-4-1752848414.jpg,2026-09-16 03:41:35,27
353893,660982728622,"Adeziv Acumulator Motorola Moto G24 Power / G24, Service Pack S948E12737 ",Motorola,1.99,0,https://www.gsmnet.ro/piese-componente-suruburi-adezivi/adeziv-acumulator-motorola-moto-g24-power-g24-service-pack-s948e12737,https://img.gsmnet.ro/600x600/products/216000/adeziv-acumulator-motorola-moto-1-1755856425.jpg,2026-07-18 02:32:25,260
353896,660982725003,"Adeziv Capac Baterie Motorola Moto E13, Service Pack 5D78C23203 ",Motorola,11.99,0,https://www.gsmnet.ro/piese-componente-suruburi-adezivi/adeziv-capac-baterie-motorola-moto-e13-service-pack-5d78c23203,https://img.gsmnet.ro/600x600/products/216003/adeziv-capac-baterie-motorola-1-1755777414.jpg,2026-08-18 01:13:45,137
353899,619659142063,"Memorie Externa USB-A 3.1 / USB-C SanDisk Ultra Dual, 128Gb SDDDC2-128G-G46 ",SanDisk,110.99,0,https://www.gsmnet.ro/accesorii-telefoane-tablete-carduri-memorii-usb/memorie-externa-usb-a-3-1-usb-c-sandisk-ultra-dual-128gb-sdddc2-128g-g46,https://img.gsmnet.ro/600x600/products/216006/memorie-externa-usb-a-3-1-1-1783078928.png,2026-08-11 01:46:05,165
353907,6933654814980,"Incarcator Retea BWOO CDA211, 30W, 3A, 1 x USB-C, Alb ",BWOO,30.99,0,https://www.gsmnet.ro/accesorii-telefoane-tablete-incarcatoare/incarcator-retea-bwoo-cda211-30w-3a-1-x-usb-c-alb,https://img.gsmnet.ro/600x600/products/216014/incarcator-retea-bwoo-cda211-1-1753788461.jpg,2026-08-27 21:52:51,100
353910,5906961956361,"Husa pentru Samsung Galaxy A56 A566, OEM, Smart Caro, Neagra ",OEM,18.99,0,https://www.gsmnet.ro/accesorii-telefoane-tablete-huse/husa-pentru-samsung-galaxy-a56-a566-oem-smart-caro-neagra,https://img.gsmnet.ro/600x600/products/216017/husa-pentru-samsung-galaxy-1-1753788341.jpg,2026-09-04 03:15:45,75
353924,660982729827,"Adeziv Acumulator Motorola Moto G32, Tip 1, Service Pack 5D78C21139 ",Motorola,1.99,0,https://www.gsmnet.ro/piese-componente-suruburi-adezivi/adeziv-acumulator-motorola-moto-g32-tip-1-service-pack-5d78c21139,https://img.gsmnet.ro/600x600/products/216031/adeziv-acumulator-motorola-moto-1-1755873708.jpg,2026-07-18 02:32:25,260
353925,660982729834,"Adeziv Acumulator Motorola Moto G32, Tip 2, Service Pack 5D78C21140 ",Motorola,1.99,0,https://www.gsmnet.ro/piese-componente-suruburi-adezivi/adeziv-acumulator-motorola-moto-g32-tip-2-service-pack-5d78c21140,https://img.gsmnet.ro/600x600/products/216032/adeziv-acumulator-motorola-moto-1-1756119334.jpg,2026-07-28 02:34:33,220
353929,660982729872,"Adeziv Acumulator Motorola Moto G53, Stanga, Service Pack 5D78C22162 ",Motorola,10.99,0,https://www.gsmnet.ro/piese-componente-suruburi-adezivi/adeziv-acumulator-motorola-moto-g53-stanga-service-pack-5d78c22162,https://img.gsmnet.ro/600x600/products/216036/adeziv-acumulator-motorola-moto-1-1756123346.jpg,2026-07-28 02:34:33,220
353937,660982729957,"Adeziv Acumulator Motorola Moto G55 / G64 / G54 Power Edition / G54, Dreapta, Service Pack 5D78C23271 ",Motorola,1.99,0,https://www.gsmnet.ro/piese-componente-suruburi-adezivi/adeziv-acumulator-motorola-moto-g55-g64-g54-power-edition-g54-dreapta-service-pack-5d78c23271,https://img.gsmnet.ro/600x600/products/216044/adeziv-acumulator-motorola-moto-1-1755874443.jpg,2026-08-18 01:13:45,137
353944,660982730021,"Adeziv Capac Baterie Motorola Moto G15 / G15 Power, Service Pack 5948C29252 ",Motorola,0.0,0,https://www.gsmnet.ro/piese-componente-suruburi-adezivi/adeziv-capac-baterie-motorola-moto-g15-g15-power-service-pack-5948c29252,https://img.gsmnet.ro/600x600/products/216051/adeziv-capac-baterie-motorola-1-1755778497.jpg,2026-09-13 15:44:06,37
354031,660982730632,"Capac Baterie Samsung Galaxy S25+ S936, Rosu (Coral Red), Service Pack GH82-36350G",Samsung,134.99,0,https://www.gsmnet.ro/piese-componente-capace-baterie/capac-baterie-samsung-galaxy-s25-plus-s936-rosu-coral-red-service-pack-gh82-36350g,https://img.gsmnet.ro/600x600/products/216138/capac-baterie-samsung-galaxy-1-1755004456.jpg,2026-08-11 01:46:05,165
354052,660982730144,"Adeziv Camera Frontala Samsung Galaxy S25 Ultra S938, Service Pack GH82-33770A",Samsung,6.99,0,https://www.gsmnet.ro/piese-componente-suruburi-adezivi/adeziv-camera-frontala-samsung-galaxy-s25-ultra-s938-service-pack-gh82-33770a,https://img.gsmnet.ro/600x600/products/216159/adeziv-camera-frontala-samsung-1-1756201861.jpg,2026-08-18 01:13:45,137
354065,660982731608,"Display cu Touchscreen MP compatibil cu Apple iPhone 14 Plus, cu Rama, Versiune Soft OLED FHD IC Movable, Negru ",MP,304.99,0,https://www.gsmnet.ro/piese-componente-display-cu-touchscreen/display-cu-touchscreen-mp-compatibil-cu-apple-iphone-14-plus-cu-rama-versiune-soft-oled-fhd-ic-movable-negru,https://img.gsmnet.ro/600x600/products/216172/display-cu-touchscreen-mp-5-1764319064.png,2026-09-18 03:33:07,19
354071,6932172606282,"Hub USB-C Baseus Lite, 4 x USB-A 3.0 - 1 x USB-C, 2m, Negru WKQX030501",Baseus,66.99,0,https://www.gsmnet.ro/accesorii-pc-laptop-hub-uri/hub-usb-c-baseus-lite-4-x-usb-a-3-0-1-x-usb-c-2m-negru-wkqx030501,https://img.gsmnet.ro/600x600/products/216178/hub-usb-c-baseus-lite-1-1753791864.jpg,2026-08-07 00:01:02,181
355771,6941876216017,"Hub USB-C UGREEN CM498 (15601), 3 x USB-A 3.0 - 1 x USB-C - 1 x HDMI - 1 x VGA - 1 x Jack 3.5mm - 1 x RJ45 - 1 x SD - 1 x microSD, Gri",UGREEN,0.0,0,https://www.gsmnet.ro/accesorii-pc-laptop-hub-uri/hub-usb-c-ugreen-cm498-15601-3-x-usb-a-3-0-1-x-usb-c-1-x-hdmi-1-x-vga-1-x-jack-3-5mm-1-x-rj45-1-x-sd-1-x-microsd-gri,https://img.gsmnet.ro/600x600/products/217887/hub-usb-c-ugreen-cm498-1-1753791708.jpg,2026-09-13 15:44:06,37
355800,619659167172,"Memorie Externa USB-C SanDisk Ultra, 128Gb SDCZ460-128G-G46 ",SanDisk,111.99,0,https://www.gsmnet.ro/accesorii-telefoane-tablete-carduri-memorii-usb/memorie-externa-usb-c-sandisk-ultra-128gb-sdcz460-128g-g46,https://img.gsmnet.ro/600x600/products/217916/memorie-externa-usb-c-sandisk-1-1753963650.jpg,2026-09-02 03:15:17,83
355817,660982732346,"Display cu Touchscreen MP compatibil cu Realme 14T / 14, Versiune OLED ",MP,149.99,0,https://www.gsmnet.ro/piese-componente-display-cu-touchscreen/display-cu-touchscreen-mp-compatibil-cu-realme-14t-14-versiune-oled,https://img.gsmnet.ro/600x600/products/217933/display-cu-touchscreen-mp-1-1757428879.jpg,2026-08-08 01:40:23,177
355897,6934663718245,"Folie de protectie Ecran Blueo Anti-Dust HD pentru Apple iPhone 16 Pro, Sticla Securizata, Full Glue, Neagra",Blueo,30.99,0,https://www.gsmnet.ro/accesorii-telefoane-tablete-folii-protectie/folie-de-protectie-ecran-blueo-anti-dust-hd-pentru-apple-iphone-16-pro-sticla-securizata-full-glue-neagra,https://img.gsmnet.ro/600x600/products/218013/folie-de-protectie-ecran-blueo-anti-dust-hd-pentru-apple-iphone-16-pro-sticla-securizata-full-glue-neagra-175621181921.jpg,2026-07-27 02:57:33,224
355934,6934663718283,"Folie de protectie Ecran Blueo Anti-Broken pentru Apple iPhone 16 Pro, Sticla Securizata, Full Glue, Neagra",Blueo,38.99,0,https://www.gsmnet.ro/accesorii-telefoane-tablete-folii-protectie/folie-de-protectie-ecran-blueo-anti-broken-pentru-apple-iphone-16-pro-sticla-securizata-full-glue-neagra,https://img.gsmnet.ro/600x600/products/218050/folie-de-protectie-ecran-blueo-anti-broken-pentru-apple-iphone-16-pro-sticla-securizata-full-glue-neagra-1756211969627.jpg,2026-07-27 02:57:33,224
355935,6934663718290,"Folie de protectie Ecran Blueo Anti-Broken pentru Apple iPhone 16 Pro Max, Sticla Securizata, Full Glue, Neagra",Blueo,38.99,0,https://www.gsmnet.ro/accesorii-telefoane-tablete-folii-protectie/folie-de-protectie-ecran-blueo-anti-broken-pentru-apple-iphone-16-pro-max-sticla-securizata-full-glue-neagra,https://img.gsmnet.ro/600x600/products/218051/folie-de-protectie-ecran-blueo-anti-broken-pentru-apple-iphone-16-pro-max-sticla-securizata-full-glue-neagra-1756211973846.jpg,2026-07-27 02:57:33,224
356020,6934663727223,"Folie de protectie Ecran Blueo Silk HD pentru Apple iPhone 16 Pro, Sticla Securizata, Full Glue, Set 5 bucati, 2.5D, Neagra",Blueo,98.99,0,https://www.gsmnet.ro/accesorii-telefoane-tablete-folii-protectie/folie-de-protectie-ecran-blueo-silk-hd-pentru-apple-iphone-16-pro-sticla-securizata-full-glue-set-5-bucati-2-5d-neagra,https://img.gsmnet.ro/600x600/products/218136/folie-de-protectie-ecran-blueo-silk-hd-pentru-apple-iphone-16-pro-sticla-securizata-full-glue-2-5d-neagra-1756212548309.jpg,2026-07-27 02:57:33,224
356021,6934663727230,"Folie de protectie Ecran Blueo Silk HD pentru Apple iPhone 16 Pro Max, Sticla Securizata, Full Glue, Set 5 bucati, 2.5D, Neagra",Blueo,98.99,0,https://www.gsmnet.ro/accesorii-telefoane-tablete-folii-protectie/folie-de-protectie-ecran-blueo-silk-hd-pentru-apple-iphone-16-pro-max-sticla-securizata-full-glue-set-5-bucati-2-5d-neagra,https://img.gsmnet.ro/600x600/products/218137/folie-de-protectie-ecran-blueo-silk-hd-pentru-apple-iphone-16-pro-max-sticla-securizata-full-glue-2-5d-neagra-175621255240.jpg,2026-07-27 02:57:33,224
357762,660982732803,"Placa cu Conector Incarcare - Microfon - Modul Cititor SIM Xiaomi Poco X4 GT, Service Pack 5600020L1600 ",Xiaomi,39.99,0,https://www.gsmnet.ro/piese-componente-conectori-incarcare/placa-cu-conector-incarcare-microfon-modul-cititor-sim-xiaomi-poco-x4-gt-service-pack-5600020l1600,https://img.gsmnet.ro/600x600/products/219879/placa-cu-conector-incarcare-1-1756981994.jpg,2026-07-28 02:34:33,220
357778,4894947058547,"Handsfree Bluetooth Infinix XBuds 3 lite XE33, TWS, Alb ",Infinix,66.99,0,https://www.gsmnet.ro/wearables-audio-inclusiv-tws/handsfree-bluetooth-infinix-xbuds-3-lite-xe33-tws-alb,https://img.gsmnet.ro/600x600/products/219895/handsfree-bluetooth-infinix-xbuds-1-1755848618.png,2026-08-15 01:14:41,149
357785,4894947091940,"Smartwatch Infinix XWatch N4 XW4, Negru ",Infinix,108.99,0,https://www.gsmnet.ro/wearables-smartwatch/smartwatch-infinix-xwatch-n4-xw4-negru,https://img.gsmnet.ro/600x600/products/219902/smartwatch-infinix-xwatch-n4-1-1757506006.jpg,2026-08-01 02:50:04,204
357991,6942007646543,"Handsfree Bluetooth HOCO W52, A2DP, Negru ",HOCO,49.99,0,https://www.gsmnet.ro/accesorii-telefoane-tablete-casti-audio/handsfree-bluetooth-hoco-w52-a2dp-negru,https://img.gsmnet.ro/600x600/products/220111/handsfree-bluetooth-hoco-w52-1-1755162151.jpg,2026-09-11 03:23:04,47
358000,5904643066230,"Husa pentru Motorola Moto G56, OEM, Carbon Pro, Neagra ",OEM,3.99,0,https://www.gsmnet.ro/accesorii-telefoane-tablete-huse/husa-pentru-motorola-moto-g56-oem-carbon-pro-neagra,https://img.gsmnet.ro/600x600/products/220120/husa-pentru-motorola-moto-1-1755613364.jpg,2026-08-15 01:14:41,149
358009,5904643054060,"Husa pentru Samsung Galaxy A16 5G A166, OEM, Marva Wallet, Neagra ",OEM,25.99,0,https://www.gsmnet.ro/accesorii-telefoane-tablete-huse/husa-pentru-samsung-galaxy-a16-5g-a166-oem-marva-wallet-neagra,https://img.gsmnet.ro/600x600/products/220129/husa-pentru-samsung-galaxy-1-1755613476.jpg,2026-08-26 19:46:38,102
358045,6942007646567,"Handsfree Bluetooth HOCO W52, A2DP, Alb ",HOCO,46.99,0,https://www.gsmnet.ro/accesorii-telefoane-tablete-casti-audio/handsfree-bluetooth-hoco-w52-a2dp-alb,https://img.gsmnet.ro/600x600/products/220165/handsfree-bluetooth-hoco-w52-1-1755607491.jpg,2026-09-11 03:23:04,47
358546,660982733466,"Acumulator Xiaomi Redmi 9T / Poco M3, BN62, Service Pack 46020000501G ",Xiaomi,72.99,0,https://www.gsmnet.ro/piese-componente-acumulatori/acumulator-xiaomi-redmi-9t-poco-m3-bn62-service-pack-46020000501g,https://img.gsmnet.ro/600x600/products/220667/acumulator-xiaomi-redmi-9t-1-1757408624.jpg,2026-07-28 02:34:33,220
358611,660982733589,Display cu Touchscreen MP compatibil cu Oppo Reno5 Pro 5G / Reno6 Pro 5G,MP,79.99,0,https://www.gsmnet.ro/piese-componente-display-cu-touchscreen/display-cu-touchscreen-mp-compatibil-cu-oppo-reno5-pro-5g-reno6-pro-5g,https://img.gsmnet.ro/600x600/products/220732/display-cu-touchscreen-mp-1-1760529933.jpg,2026-09-03 03:17:44,79
358612,660982733596,Display cu Touchscreen MP compatibil cu Infinix Hot 50 Pro 4G / itel S25 / Tecno Spark 30 Pro,MP,59.99,0,https://www.gsmnet.ro/piese-componente-display-cu-touchscreen/display-cu-touchscreen-mp-compatibil-cu-infinix-hot-50-pro-4g-itel-s25-tecno-spark-30-pro,https://img.gsmnet.ro/600x600/products/220733/display-cu-touchscreen-mp-1-1760442506.jpg,2026-08-18 01:13:45,137
358698,4894240282076,"Folie de protectie Ecran ESR UltraFit pentru Apple iPhone 17 Pro, Sticla Securizata, Full Glue, Set 3 bucati",ESR,50.99,0,https://www.gsmnet.ro/accesorii-telefoane-tablete-folii-protectie/folie-de-protectie-ecran-esr-ultrafit-pentru-apple-iphone-17-pro-sticla-securizata-full-glue-set-3-bucati,https://img.gsmnet.ro/600x600/products/220810/folie-de-protectie-ecran-esr-ultrafit-pentru-apple-iphone-17-pro-sticla-securizata-full-glue-set-3-bucati-1756301144615.jpg,2026-07-27 02:57:33,224
358699,4894240282052,"Folie de protectie Ecran ESR UltraFit pentru Apple iPhone 17 Pro Max, Sticla Securizata, Full Glue, Set 3 bucati",ESR,50.99,0,https://www.gsmnet.ro/accesorii-telefoane-tablete-folii-protectie/folie-de-protectie-ecran-esr-ultrafit-pentru-apple-iphone-17-pro-max-sticla-securizata-full-glue-set-3-bucati,https://img.gsmnet.ro/600x600/products/220811/folie-de-protectie-ecran-esr-ultrafit-pentru-apple-iphone-17-pro-max-sticla-securizata-full-glue-set-3-bucati-1756301148226.jpg,2026-07-27 02:57:33,224
358727,6933654814997,"Incarcator Retea Cu Cablu USB-C BWOO CDA211, 30W, 3A, 1 x USB-C, Alb ",BWOO,33.99,0,https://www.gsmnet.ro/accesorii-telefoane-tablete-incarcatoare/incarcator-retea-cu-cablu-usb-c-bwoo-cda211-30w-3a-1-x-usb-c-alb,https://img.gsmnet.ro/600x600/products/220839/incarcator-retea-cu-cablu-1-1756802388.jpg,2026-08-20 01:14:27,129
358729,6933654807555,"Baterie Externa BWOO BO-P44, 20000mAh, 22.5W, QC + PD, 1 x USB-C - 2 x USB-A, Neagra ",BWOO,59.99,0,https://www.gsmnet.ro/accesorii-telefoane-tablete-baterii-externe/baterie-externa-bwoo-bo-p44-20000mah-22-5w-qc-plus-pd-1-x-usb-c-2-x-usb-a-neagra,https://img.gsmnet.ro/600x600/products/220841/baterie-externa-bwoo-bo-p44-1-1756803046.jpg,2026-07-17 02:41:26,264
358734,6933654815536,"Cablu Date si Incarcare USB-C - USB-C BWOO BO-X315C, 100W, 1m, Alb ",BWOO,10.99,0,https://www.gsmnet.ro/accesorii-telefoane-tablete-cabluri-adaptori/cablu-date-incarcare-usb-c-usb-c-bwoo-bo-x315c-100w-1m-alb,https://img.gsmnet.ro/600x600/products/220846/cablu-date-incarcare-1-1757070863.jpg,2026-08-01 02:50:04,204
358735,6933654815574,"Cablu Date si Incarcare USB-C - USB-C BWOO BO-X317C, 240W, 1m, Alb ",BWOO,12.99,0,https://www.gsmnet.ro/accesorii-telefoane-tablete-cabluri-adaptori/cablu-date-incarcare-usb-c-usb-c-bwoo-bo-x317c-240w-1m-alb,https://img.gsmnet.ro/600x600/products/220847/cablu-date-incarcare-1-1757070940.jpg,2026-07-23 02:47:09,240
358783,6956116737917,"Incarcator Auto Cu Cablu USB-C / Lightning Joyroom JR-CCL05, 30W, 3A, 1 x USB-A - 1 x USB-C, Gri ",Joyroom,59.99,0,https://www.gsmnet.ro/accesorii-telefoane-tablete-incarcatoare/incarcator-auto-cu-cablu-usb-c-lightning-joyroom-jr-ccl05-30w-3a-1-x-usb-a-1-x-usb-c-gri,https://img.gsmnet.ro/600x600/products/220895/incarcator-auto-cu-cablu-1-1756813337.jpg,2026-08-15 01:14:41,149
358834,6942007659260,"Incarcator Retea Cu Cablu USB-C HOCO N55, 20W, 3A, 2 x USB-A - 2 x USB-C, Alb ",HOCO,39.99,0,https://www.gsmnet.ro/accesorii-telefoane-tablete-incarcatoare/incarcator-retea-cu-cablu-usb-c-hoco-n55-20w-3a-2-x-usb-a-2-x-usb-c-alb,https://img.gsmnet.ro/600x600/products/220946/incarcator-retea-cu-cablu-1-1757068527.jpg,2026-08-25 01:16:01,109
358837,6942007659277,"Incarcator Retea HOCO N56, 30W, 3A, 2 x USB-A - 2 x USB-C, Negru ",HOCO,43.99,0,https://www.gsmnet.ro/accesorii-telefoane-tablete-incarcatoare/incarcator-retea-hoco-n56-30w-3a-2-x-usb-a-2-x-usb-c-negru,https://img.gsmnet.ro/600x600/products/220949/incarcator-retea-hoco-n56-1-1757068247.jpg,2026-08-25 01:16:01,109
358839,5903396415852,"Folie de protectie Ecran OEM OG Premium pentru Apple iPhone 17 Pro, Sticla Securizata, Full Glue, Neagra ",OEM,9.99,0,https://www.gsmnet.ro/accesorii-telefoane-tablete-folii-protectie/folie-de-protectie-ecran-oem-og-premium-pentru-apple-iphone-17-pro-sticla-securizata-full-glue-neagra,https://img.gsmnet.ro/600x600/products/220951/folie-de-protectie-ecran-5-1757070412.jpg,2026-07-17 02:41:26,264
358840,5903396415883,"Folie de protectie Ecran OEM OG Premium pentru Apple iPhone 17 Pro Max, Sticla Securizata, Full Glue, Neagra ",OEM,9.99,0,https://www.gsmnet.ro/accesorii-telefoane-tablete-folii-protectie/folie-de-protectie-ecran-oem-og-premium-pentru-apple-iphone-17-pro-max-sticla-securizata-full-glue-neagra,https://img.gsmnet.ro/600x600/products/220952/folie-de-protectie-ecran-1-1757070605.jpg,2026-07-17 02:41:26,264
358843,660982737167,"Adeziv Acumulator Motorola Moto G86 Power / G86, Stanga, Service Pack 5948C30450 ",Motorola,1.99,0,https://www.gsmnet.ro/piese-componente-suruburi-adezivi/adeziv-acumulator-motorola-moto-g86-power-g86-stanga-service-pack-5948c30450,https://img.gsmnet.ro/600x600/products/220955/adeziv-acumulator-motorola-moto-1-1758898570.jpg,2026-07-28 02:34:33,220
358845,660982737617,"Buzzer Motorola Moto G86 Power, Service Pack S938E72289 ",Motorola,17.99,0,https://www.gsmnet.ro/piese-componente-piese/buzzer-motorola-moto-g86-power-service-pack-s938e72289,https://img.gsmnet.ro/600x600/products/220957/buzzer-motorola-moto-g86-1-1758898626.jpg,2026-08-04 02:33:52,192
358874,660982736238,Adeziv Capac Baterie Apple iPhone 16 ,Aftermarket,2.99,0,https://www.gsmnet.ro/piese-componente-suruburi-adezivi/adeziv-capac-baterie-apple-iphone-16,https://img.gsmnet.ro/600x600/products/220986/adeziv-capac-baterie-apple-1-1759389839.jpg,2026-07-25 02:41:22,232
358884,660982736313,Adeziv Capac Baterie Samsung Galaxy S24 FE S721 ,Aftermarket,1.99,0,https://www.gsmnet.ro/piese-componente-suruburi-adezivi/adeziv-capac-baterie-samsung-galaxy-s24-fe-s721,https://img.gsmnet.ro/600x600/products/220996/adeziv-capac-baterie-samsung-1-1759308186.jpg,2026-08-14 01:58:28,153
358886,660982736290,Adeziv Capac Baterie Samsung Galaxy S24+ S926 ,Aftermarket,5.99,0,https://www.gsmnet.ro/piese-componente-suruburi-adezivi/adeziv-capac-baterie-samsung-galaxy-s24-plus-s926,https://img.gsmnet.ro/600x600/products/220998/adeziv-capac-baterie-samsung-1-1759313170.jpg,2026-07-28 02:34:33,220
358889,660982736436,Adeziv Capac Baterie Xiaomi 15 ,Aftermarket,1.99,0,https://www.gsmnet.ro/piese-componente-suruburi-adezivi/adeziv-capac-baterie-xiaomi-15,https://img.gsmnet.ro/600x600/products/221001/adeziv-capac-baterie-xiaomi-1-1759829672.jpg,2026-08-18 01:13:45,137
358899,660982736405,Adeziv Capac Baterie Xiaomi Redmi A5 4G ,Aftermarket,1.99,0,https://www.gsmnet.ro/piese-componente-suruburi-adezivi/adeziv-capac-baterie-xiaomi-redmi-a5-4g,https://img.gsmnet.ro/600x600/products/221011/adeziv-capac-baterie-xiaomi-1-1759840018.jpg,2026-08-18 01:13:45,137
358901,660982736450,Adeziv Capac Baterie Xiaomi Redmi Note 14 Pro 5G ,Aftermarket,2.99,0,https://www.gsmnet.ro/piese-componente-suruburi-adezivi/adeziv-capac-baterie-xiaomi-redmi-note-14-pro-5g,https://img.gsmnet.ro/600x600/products/221013/adeziv-capac-baterie-xiaomi-1-1759834311.jpg,2026-09-12 03:28:29,43
358912,660982735682,"Capac Baterie compatibil cu Samsung Galaxy S24 FE S721, Gri ",Aftermarket,19.99,0,https://www.gsmnet.ro/piese-componente-capace-baterie/capac-baterie-compatibil-cu-samsung-galaxy-s24-fe-s721-gri,https://img.gsmnet.ro/600x600/products/221024/capac-baterie-compatibil-cu-1-1760705149.jpg,2026-07-28 02:34:33,220
358916,660982735637,"Capac Baterie compatibil cu Samsung Galaxy S24 S921, Albastru ",Aftermarket,12.99,0,https://www.gsmnet.ro/piese-componente-capace-baterie/capac-baterie-compatibil-cu-samsung-galaxy-s24-s921-albastru,https://img.gsmnet.ro/600x600/products/221028/capac-baterie-compatibil-cu-1-1760363586.jpg,2026-07-25 02:41:22,232
358933,660982735590,"Capac Baterie compatibil cu Xiaomi Redmi Note 14 Pro+ 5G, Negru ",Aftermarket,14.99,0,https://www.gsmnet.ro/piese-componente-capace-baterie/capac-baterie-compatibil-cu-xiaomi-redmi-note-14-pro-plus-5g-negru,https://img.gsmnet.ro/600x600/products/221045/capac-baterie-compatibil-cu-1-1761657126.jpg,2026-08-14 01:58:28,153
358938,660982736566,Adeziv Acumulator Apple iPhone 16e ,Aftermarket,2.99,0,https://www.gsmnet.ro/piese-componente-suruburi-adezivi/adeziv-acumulator-apple-iphone-16e,https://img.gsmnet.ro/600x600/products/221050/adeziv-acumulator-apple-iphone-1-1759402197.jpg,2026-09-12 03:28:29,43
358946,660982736641,"Geam Camera Spate Apple iPhone 16 Plus / 16, Wide + UltraWide, Negru",Aftermarket,29.99,0,https://www.gsmnet.ro/piese-componente-componente-carcasa/geam-camera-spate-apple-iphone-16-plus-16-wide-plus-ultrawide-negru,https://img.gsmnet.ro/600x600/products/221058/geam-camera-spate-apple-1-1759841020.jpg,2026-07-28 02:34:33,220
358953,660982736757,"Geam Camera Spate Samsung Galaxy A26 A266, Negru ",Aftermarket,7.99,0,https://www.gsmnet.ro/piese-componente-componente-carcasa/geam-camera-spate-samsung-galaxy-a26-a266-negru,https://img.gsmnet.ro/600x600/products/221065/geam-camera-spate-samsung-1-1760348930.jpg,2026-08-15 01:14:41,149
358956,660982736719,"Geam Camera Spate Samsung Galaxy S24 Ultra S928, Laser + Telephoto + Telephoto Periscope + UltraWide + Wide, Negru",Aftermarket,14.99,0,https://www.gsmnet.ro/piese-componente-componente-carcasa/geam-camera-spate-samsung-galaxy-s24-ultra-s928-laser-plus-telephoto-plus-telephoto-periscope-plus-ultrawide-plus-wide-negru,https://img.gsmnet.ro/600x600/products/221068/geam-camera-spate-samsung-1-1767085528.jpg,2026-07-28 02:34:33,220
358958,660982736870,"Geam Camera Spate Xiaomi 14T Pro / 14T, Wide + UltraWide + Telephoto + Blitz, Negru",Aftermarket,9.99,0,https://www.gsmnet.ro/piese-componente-componente-carcasa/geam-camera-spate-xiaomi-14t-pro-14t-wide-plus-ultrawide-plus-telephoto-plus-blitz-negru,https://img.gsmnet.ro/600x600/products/221070/geam-camera-spate-xiaomi-1-1760348901.jpg,2026-09-12 03:28:29,43
358960,660982736795,"Geam Camera Spate Xiaomi 15, Negru ",Aftermarket,4.99,0,https://www.gsmnet.ro/piese-componente-componente-carcasa/geam-camera-spate-xiaomi-15-negru,https://img.gsmnet.ro/600x600/products/221072/geam-camera-spate-xiaomi-1-1760357097.jpg,2026-07-25 02:41:22,232
358963,660982736108,"Geam Camera Spate Xiaomi 15 Ultra, Negru ",Aftermarket,5.99,0,https://www.gsmnet.ro/piese-componente-componente-carcasa/geam-camera-spate-xiaomi-15-ultra-negru,https://img.gsmnet.ro/600x600/products/221075/geam-camera-spate-xiaomi-1-1760348943.jpg,2026-09-12 03:28:29,43
358988,660982735453,Conector Incarcare Xiaomi Poco M7 Pro 5G / Redmi Note 14 5G,Aftermarket,5.99,0,https://www.gsmnet.ro/piese-componente-conectori-incarcare/conector-incarcare-xiaomi-poco-m7-pro-5g-redmi-note-14-5g,https://img.gsmnet.ro/600x600/products/221100/conector-incarcare-xiaomi-poco-1-1772619318.jpg,2026-08-15 01:14:41,149
359005,660982735934,Banda Display Xiaomi Redmi Note 14 Pro 5G ,Aftermarket,7.99,0,https://www.gsmnet.ro/piese-componente-piese/banda-display-xiaomi-redmi-note-14-pro-5g,https://img.gsmnet.ro/600x600/products/221117/banda-display-xiaomi-redmi-1-1759840460.jpg,2026-09-12 03:28:29,43
359019,660982735996,"Suport SIM Apple iPhone 16 Pro Max / 16 Pro, Negru",Aftermarket,6.99,0,https://www.gsmnet.ro/piese-componente-componente-carcasa/suport-sim-apple-iphone-16-pro-max-16-pro-negru,https://img.gsmnet.ro/600x600/products/221131/suport-sim-apple-iphone-1-1760022162.jpg,2026-09-12 03:28:29,43
359022,660982736894,"Suport SIM - Card Samsung Galaxy A16 5G A166, Verde",Aftermarket,9.99,0,https://www.gsmnet.ro/piese-componente-componente-carcasa/suport-sim-card-samsung-galaxy-a16-5g-a166-verde,https://img.gsmnet.ro/600x600/products/221134/suport-sim-card-1-1775555664.jpg,2026-07-28 02:34:33,220
359024,660982736115,"Suport SIM Samsung Galaxy S24+ S926 / S24 S921, Negru",Aftermarket,6.99,0,https://www.gsmnet.ro/piese-componente-componente-carcasa/suport-sim-samsung-galaxy-s24-plus-s926-s24-s921-negru,https://img.gsmnet.ro/600x600/products/221136/suport-sim-samsung-galaxy-1-1760357216.jpg,2026-07-28 02:34:33,220
359025,660982736092,"Suport SIM Samsung Galaxy S24 FE S721, Dual SIM, Albastru ",Aftermarket,5.99,0,https://www.gsmnet.ro/piese-componente-componente-carcasa/suport-sim-samsung-galaxy-s24-fe-s721-dual-sim-albastru,https://img.gsmnet.ro/600x600/products/221137/suport-sim-samsung-galaxy-1-1760357192.jpg,2026-09-12 03:28:29,43
359026,660982736085,"Suport SIM Samsung Galaxy S24 FE S721, Dual SIM, Gri ",Aftermarket,4.99,0,https://www.gsmnet.ro/piese-componente-componente-carcasa/suport-sim-samsung-galaxy-s24-fe-s721-dual-sim-gri,https://img.gsmnet.ro/600x600/products/221138/suport-sim-samsung-galaxy-1-1760357204.jpg,2026-07-25 02:41:22,232
359038,660982737013,"Suport SIM - Card Xiaomi Redmi 14C 5G, Negru ",Aftermarket,7.99,0,https://www.gsmnet.ro/piese-componente-componente-carcasa/suport-sim-card-xiaomi-redmi-14c-5g-negru,https://img.gsmnet.ro/600x600/products/221150/suport-sim-card-1-1760357292.jpg,2026-07-28 02:34:33,220
359042,660982736962,"Suport SIM Xiaomi Redmi Note 14 Pro+ 5G, Negru ",Aftermarket,2.99,0,https://www.gsmnet.ro/piese-componente-componente-carcasa/suport-sim-xiaomi-redmi-note-14-pro-plus-5g-negru,https://img.gsmnet.ro/600x600/products/221154/suport-sim-xiaomi-redmi-1-1760352215.jpg,2026-07-25 02:41:22,232
359043,660982736931,"Suport SIM - Card Xiaomi Redmi Note 14S, Negru ",Aftermarket,3.99,0,https://www.gsmnet.ro/piese-componente-componente-carcasa/suport-sim-card-xiaomi-redmi-note-14s-negru,https://img.gsmnet.ro/600x600/products/221155/suport-sim-card-1-1760357228.jpg,2026-08-15 01:14:41,149
359061,660982736184,"Difuzor Xiaomi Redmi Note 14 5G, cu banda",Aftermarket,5.99,0,https://www.gsmnet.ro/piese-componente-piese/difuzor-xiaomi-redmi-note-14-5g-cu-banda,https://img.gsmnet.ro/600x600/products/221173/difuzor-xiaomi-redmi-note-1-1759994264.jpg,2026-08-18 01:13:45,137
359125,660982734999,"Microfon - Senzor Presiune Apple iPhone 16 Pro, cu banda",Aftermarket,17.99,0,https://www.gsmnet.ro/piese-componente-piese/microfon-senzor-presiune-apple-iphone-16-pro-cu-banda,https://img.gsmnet.ro/600x600/products/221237/microfon-senzor-presiune-1-1759847352.jpg,2026-08-18 01:13:45,137
359135,660982739062,"Adeziv Acumulator Motorola Moto G06 Power / G06, Tip 2, Service Pack 5948C31297 ",Motorola,2.99,0,https://www.gsmnet.ro/piese-componente-suruburi-adezivi/adeziv-acumulator-motorola-moto-g06-power-g06-tip-2-service-pack-5948c31297,https://img.gsmnet.ro/600x600/products/221247/adeziv-acumulator-motorola-moto-1-1761123216.jpg,2026-08-07 00:01:02,181
359136,660982739055,"Adeziv Acumulator Motorola Moto G06 Power / G06, Tip 1, Service Pack 5948C31299 ",Motorola,1.99,0,https://www.gsmnet.ro/piese-componente-suruburi-adezivi/adeziv-acumulator-motorola-moto-g06-power-g06-tip-1-service-pack-5948c31299,https://img.gsmnet.ro/600x600/products/221248/adeziv-acumulator-motorola-moto-1-1761123976.jpg,2026-08-25 01:16:01,109
359142,660982737600,"Buzzer Motorola Moto G06, Service Pack S938E82058 ",Motorola,17.99,0,https://www.gsmnet.ro/piese-componente-piese/buzzer-motorola-moto-g06-service-pack-s938e82058,https://img.gsmnet.ro/600x600/products/221254/buzzer-motorola-moto-g06-1-1761128836.jpg,2026-08-18 01:13:45,137
359167,840353909601,"Cablu Incarcare pentru Google Pixel Watch 3 Series, USB-A, Alb GA06010-EU ",Google,79.99,0,https://www.gsmnet.ro/wearables-accesorii-wearables/cablu-incarcare-pentru-google-pixel-watch-3-series-usb-a-alb-ga06010-eu,https://img.gsmnet.ro/600x600/products/221279/cablu-incarcare-pentru-google-1-1757660116.jpg,2026-08-01 02:50:04,204
359180,840353927902,"Husa pentru Google Pixel 10 Pro / 10, Pixelsnap, Verde GA09840-WW ",Google,223.99,0,https://www.gsmnet.ro/accesorii-telefoane-tablete-huse/husa-pentru-google-pixel-10-pro-10-pixelsnap-verde-ga09840-ww,https://img.gsmnet.ro/600x600/products/221292/husa-pentru-google-pixel-6-1761922475.jpg,2026-08-15 01:14:41,149
359190,6957303821648,"Cablu Retea UGREEN NW102 Flat, UTP, Cat6, 10m, Negru",UGREEN,18.99,0,https://www.gsmnet.ro/accesorii-pc-laptop-retea/cablu-retea-ugreen-nw102-flat-utp-cat6-10m-negru,https://img.gsmnet.ro/600x600/products/221302/cablu-retea-ugreen-nw102-1-1757664436.jpg,2026-09-17 03:46:42,23
359386,5900217478683,"Husa pentru Samsung Galaxy A07 4G A075, OEM, Matt, Neagra ",OEM,8.99,0,https://www.gsmnet.ro/accesorii-telefoane-tablete-huse/husa-pentru-samsung-galaxy-a07-4g-a075-oem-matt-neagra,https://img.gsmnet.ro/600x600/products/221498/husa-pentru-samsung-galaxy-1-1757586227.jpg,2026-08-27 21:52:51,100
359388,5900217475040,"Husa pentru Apple iPhone 17 Air, OEM, Matt, Neagra ",OEM,8.99,0,https://www.gsmnet.ro/accesorii-telefoane-tablete-huse/husa-pentru-apple-iphone-17-air-oem-matt-neagra,https://img.gsmnet.ro/600x600/products/221500/husa-pentru-apple-iphone-1-1757596832.jpg,2026-08-27 21:52:51,100
359399,6941991113352,"Handsfree Bluetooth Borofone FQ3 Soulmate, TWS, ANC, MultiPoint, Negru ",Borofone,59.99,0,https://www.gsmnet.ro/wearables-audio-inclusiv-tws/handsfree-bluetooth-borofone-fq3-soulmate-tws-anc-multipoint-negru,https://img.gsmnet.ro/600x600/products/221511/handsfree-bluetooth-borofone-fq3-1-1757586500.jpg,2026-08-27 21:52:51,100
359418,3536403372323,"Memorie Externa USB-A 3.1 PNY Elite Steel, 128Gb FD128ESTEEL31G-EF ",PNY,57.99,0,https://www.gsmnet.ro/accesorii-telefoane-tablete-carduri-memorii-usb/memorie-externa-usb-a-3-1-pny-elite-steel-128gb-fd128esteel31g-ef,https://img.gsmnet.ro/600x600/products/221530/memorie-externa-usb-a-3-1-1-1757688129.jpg,2026-09-12 03:28:29,43
359745,6932554419844,"Bratara Fitness Xiaomi Smart Band 10, Roz BHR9999GL ",Xiaomi,224.99,0,https://www.gsmnet.ro/wearables-smartband/bratara-fitness-xiaomi-smart-band-10-roz-bhr9999gl,https://img.gsmnet.ro/600x600/products/221857/bratara-fitness-xiaomi-smart-1-1758546406.png,2026-09-03 03:17:44,79
359746,6932554419813,"Bratara Fitness Xiaomi Smart Band 10, Gri BHR07PSGL ",Xiaomi,224.99,0,https://www.gsmnet.ro/wearables-smartband/bratara-fitness-xiaomi-smart-band-10-gri-bhr07psgl,https://img.gsmnet.ro/600x600/products/221858/bratara-fitness-xiaomi-smart-1-1758546276.png,2026-09-03 03:17:44,79
359749,6942227137647,"Rack Orico XAM2 pentru SSD M.2 NVMe, Negru",Orico,94.99,0,https://www.gsmnet.ro/accesorii-pc-laptop-rack-uri-enclosure/rack-orico-xam2-pentru-ssd-m-2-nvme-negru,https://img.gsmnet.ro/600x600/products/221861/rack-orico-xam2-pentru-1-1757685596.jpg,2026-08-14 01:58:28,153
359758,5907769372490,"Incarcator Auto Wireless WZK WCT5-6S4Y, 15W, 1.67A, Negru ",WZK,54.99,0,https://www.gsmnet.ro/accesorii-telefoane-tablete-incarcatoare/incarcator-auto-wireless-wzk-wct5-6s4y-15w-1-67a-negru,https://img.gsmnet.ro/600x600/products/221870/incarcator-auto-wireless-wzk-1-1757939835.jpg,2026-09-12 03:28:29,43
359759,6956116771164,"Incarcator Retea Cu Cablu USB-C Joyroom JR-TCL05, 45W, 3A, 2 x USB-C, Alb ",Joyroom,64.99,0,https://www.gsmnet.ro/accesorii-telefoane-tablete-incarcatoare/incarcator-retea-cu-cablu-usb-c-joyroom-jr-tcl05-45w-3a-2-x-usb-c-alb,https://img.gsmnet.ro/600x600/products/221871/incarcator-retea-cu-cablu-1-1757939511.jpg,2026-08-26 19:46:38,102
359780,5903396410673,"Folie de protectie Ecran Privacy OEM pentru Apple iPhone 17, Sticla Securizata, Full Glue, 5D",OEM,12.99,0,https://www.gsmnet.ro/accesorii-telefoane-tablete-folii-protectie/folie-de-protectie-ecran-privacy-oem-pentru-apple-iphone-17-sticla-securizata-full-glue-5d,https://img.gsmnet.ro/600x600/products/221892/folie-de-protectie-ecran-1-1758017919.jpg,2026-08-25 01:16:01,109
359793,3667075044987,Suport Surubelnite Mechanic MT-BR10 ,Mechanic,99.99,0,https://www.gsmnet.ro/aparatura-instrumente-service-instrumente-service/suport-surubelnite-mechanic-mt-br10,https://img.gsmnet.ro/600x600/products/221905/suport-surubelnite-mechanic-mt-br10-1-1760516578.jpg,2026-09-11 03:23:04,47
359925,660982738126,"Carcasa Mijloc Motorola Moto G84, Rosu (Viva Magenta), Service Pack 5S58C23328 ",Motorola,47.99,0,https://www.gsmnet.ro/piese-componente-componente-carcasa/carcasa-mijloc-motorola-moto-g84-rosu-viva-magenta-service-pack-5s58c23328,https://img.gsmnet.ro/600x600/products/222037/carcasa-mijloc-motorola-moto-1-1761126570.jpg,2026-08-04 02:33:52,192
360278,5906961956378,"Husa pentru Samsung Galaxy A56 A566, OEM, Smart Caro, Bej ",OEM,16.99,0,https://www.gsmnet.ro/accesorii-telefoane-tablete-huse/husa-pentru-samsung-galaxy-a56-a566-oem-smart-caro-bej,https://img.gsmnet.ro/600x600/products/222390/husa-pentru-samsung-galaxy-1-1757941154.jpg,2026-09-04 03:15:45,75
360454,6942007659239,"Incarcator Retea HOCO N55, 20W, 3A, 2 x USB-A - 2 x USB-C, Negru ",HOCO,31.99,0,https://www.gsmnet.ro/accesorii-telefoane-tablete-incarcatoare/incarcator-retea-hoco-n55-20w-3a-2-x-usb-a-2-x-usb-c-negru,https://img.gsmnet.ro/600x600/products/222566/incarcator-retea-hoco-n55-1-1758542786.jpg,2026-08-25 01:16:01,109
360455,6942007659307,"Incarcator Retea Cu Cablu Lightning HOCO N56, 30W, 3A, 2 x USB-A - 2 x USB-C, Alb ",HOCO,44.99,0,https://www.gsmnet.ro/accesorii-telefoane-tablete-incarcatoare/incarcator-retea-cu-cablu-lightning-hoco-n56-30w-3a-2-x-usb-a-2-x-usb-c-alb,https://img.gsmnet.ro/600x600/products/222567/incarcator-retea-cu-cablu-1-1758541724.jpg,2026-08-25 01:16:01,109
360457,6942007659161,"Incarcator Retea Cu Cablu Lightning HOCO N37, 30W, 3A, 1 x USB-C, Negru ",HOCO,29.99,0,https://www.gsmnet.ro/accesorii-telefoane-tablete-incarcatoare/incarcator-retea-cu-cablu-lightning-hoco-n37-30w-3a-1-x-usb-c-negru,https://img.gsmnet.ro/600x600/products/222569/incarcator-retea-cu-cablu-1-1758540663.jpg,2026-08-25 01:16:01,109
360464,6932172614058,Aspirator Auto Baseus A2 Pro VCAQ040002 ,Baseus,154.99,0,https://www.gsmnet.ro/gadgeturi-accesorii-auto/aspirator-auto-baseus-a2-pro-vcaq040002,https://img.gsmnet.ro/600x600/products/222576/aspirator-auto-baseus-a2-11-1758190746.jpg,2026-09-16 03:41:36,27
360480,5904643068418,"Husa MagSafe pentru Apple iPhone 17 Air, OEM, Clear, Transparenta ",OEM,20.99,0,https://www.gsmnet.ro/accesorii-telefoane-tablete-huse/husa-magsafe-pentru-apple-iphone-17-air-oem-clear-transparenta,https://img.gsmnet.ro/600x600/products/222592/husa-magsafe-pentru-apple-1-1758611803.jpg,2026-09-11 03:23:04,47
360502,6920680827473,"Modulator FM Bluetooth XO Design BCC05, 2 x USB-A - 1 x microSD ",XO Design,37.99,0,https://www.gsmnet.ro/gadgeturi-accesorii-auto/modulator-fm-bluetooth-xo-design-bcc05-2-x-usb-a-1-x-microsd,https://img.gsmnet.ro/600x600/products/222614/modulator-fm-bluetooth-xo-1-1758549143.jpg,2026-08-11 01:46:05,165
360840,6975837582408,"Incarcator Retea Cu Cablu USB-C XO Design L154, 20W, 3A, 1 x USB-A - 1 x USB-C, Negru ",XO Design,29.99,0,https://www.gsmnet.ro/accesorii-telefoane-tablete-incarcatoare/incarcator-retea-cu-cablu-usb-c-xo-design-l154-20w-3a-1-x-usb-a-1-x-usb-c-negru,https://img.gsmnet.ro/600x600/products/222952/incarcator-retea-cu-cablu-1-1758791949.jpeg,2026-08-28 21:46:21,98
360845,6920680861248,"Handsfree Bluetooth XO Design BE48, A2DP, Alb ",XO Design,24.99,0,https://www.gsmnet.ro/accesorii-telefoane-tablete-casti-audio/handsfree-bluetooth-xo-design-be48-a2dp-alb,https://img.gsmnet.ro/600x600/products/222957/handsfree-bluetooth-xo-design-1-1758548781.jpg,2026-07-28 02:34:33,220
360864,6932172628048,"Baterie Externa Baseus Adaman, 40000mAh, 22.5W, QC + PD, 1 x USB-C - 3 x USB-A, Neagra ",Baseus,234.99,0,https://www.gsmnet.ro/accesorii-telefoane-tablete-baterii-externe/baterie-externa-baseus-adaman-40000mah-22-5w-qc-plus-pd-1-x-usb-c-3-x-usb-a-neagra,https://img.gsmnet.ro/600x600/products/222976/baterie-externa-baseus-adaman-1-1758538014.jpg,2026-08-07 00:01:02,181
360893,6971064231850,"Clips Plastic QIANLI Carbon Fiber, Hexagon",QIANLI,19.99,0,https://www.gsmnet.ro/aparatura-instrumente-service-instrumente-service/clips-plastic-qianli-carbon-fiber-hexagon,https://img.gsmnet.ro/600x600/products/223005/clips-plastic-qianli-carbon-1-1759403213.jpg,2026-09-03 03:17:44,79
361152,6941991120077,"Handsfree Bluetooth Borofone FQ7 Treasure, TWS, ANC, MultiPoint, Alb ",Borofone,74.99,0,https://www.gsmnet.ro/wearables-audio-inclusiv-tws/handsfree-bluetooth-borofone-fq7-treasure-tws-anc-multipoint-alb,https://img.gsmnet.ro/600x600/products/223264/handsfree-bluetooth-borofone-fq7-5-1758699610.jpeg,2026-08-27 21:52:51,100
361170,6941237127082,"Incarcator Retea Wireless Joyroom JR-W17 3in1, 15W, 1.67A, Negru ",Joyroom,119.99,0,https://www.gsmnet.ro/accesorii-telefoane-tablete-incarcatoare/incarcator-retea-wireless-joyroom-jr-w17-3in1-15w-1-67a-negru,https://img.gsmnet.ro/600x600/products/223282/incarcator-retea-wireless-joyroom-1-1759222369.jpg,2026-07-18 02:32:25,260
361459,6921815627531,"Touch Pen Stylo 2 pentru OnePlus Pad 3 / Pad 2 / Pad, Negru 5511100086",OnePlus,303.99,0,https://www.gsmnet.ro/accesorii-telefoane-tablete-touchpen/touch-pen-stylo-2-pentru-oneplus-pad-3-pad-2-pad-negru-5511100086,https://img.gsmnet.ro/600x600/products/223571/touch-pen-stylo-2-1-1759409078.jpg,2026-08-15 01:14:41,149
361469,6921815628576,"Incarcator pentru OnePlus Watch 3 / Watch 2 / Watch 2R, Alb 5491100377",OnePlus,89.99,0,https://www.gsmnet.ro/wearables-accesorii-wearables/incarcator-pentru-oneplus-watch-3-watch-2-watch-2r-alb-5491100377,https://img.gsmnet.ro/600x600/products/223581/incarcator-pentru-oneplus-watch-2-1759231671.png,2026-08-15 01:14:41,149
361520,5903396415388,"Husa MagSafe pentru Samsung Galaxy S25 FE, OEM, Electro Mag, Albastra ",OEM,17.99,0,https://www.gsmnet.ro/accesorii-telefoane-tablete-huse/husa-magsafe-pentru-samsung-galaxy-s25-fe-oem-electro-mag-albastra,https://img.gsmnet.ro/600x600/products/223632/husa-magsafe-pentru-samsung-1-1759236708.jpg,2026-08-25 01:16:01,109
361537,6942007638494,"Prelungitor HOCO NS9, 1 x Schuko - 1 x USB-A - 3 x USB-C, Negru",HOCO,94.99,0,https://www.gsmnet.ro/gadgeturi-utile/prelungitor-hoco-ns9-1-x-schuko-1-x-usb-a-3-x-usb-c-negru,https://img.gsmnet.ro/600x600/products/223649/prelungitor-hoco-ns9-67w-1-1759240923.jpg,2026-09-11 03:23:04,47
361540,6970453555805,"Baterie Externa Veger L11, 10000mAh, 2 x USB-A, Neagra ",Veger,49.99,0,https://www.gsmnet.ro/accesorii-telefoane-tablete-baterii-externe/baterie-externa-veger-l11-10000mah-2-x-usb-a-neagra,https://img.gsmnet.ro/600x600/products/223652/baterie-externa-wireless-veger-1-1759241201.jpg,2026-08-25 01:16:01,109
361546,23942493754,"Solid State Drive (SSD) Verbatim VI3000, 1TB, NVMe M.2 2280, PCIe 49375 ",Verbatim,359.99,0,https://www.gsmnet.ro/accesorii-pc-laptop-solutii-stocare/solid-state-drive-ssd-verbatim-vi3000-1tb-nvme-m-2-2280-pcie-49375,https://img.gsmnet.ro/600x600/products/223658/solid-state-drive-ssd-1-1759482606.jpg,2026-08-26 19:46:38,102
361547,23942493631,"Solid State Drive (SSD) Verbatim Vi560, 512GB, SATA III NGFF M.2 2280 49363 ",Verbatim,505.99,0,https://www.gsmnet.ro/accesorii-pc-laptop-solutii-stocare/solid-state-drive-ssd-verbatim-vi560-512gb-sata-iii-ngff-m-2-2280-49363,https://img.gsmnet.ro/600x600/products/223659/solid-state-drive-ssd-1-1759482770.jpg,2026-08-26 19:46:38,102
361549,5000394141988,"Baterie Duracell Plus, LR20, Set 2 bucati",Duracell,14.99,0,https://www.gsmnet.ro/gadgeturi-baterii-lanterne/baterie-duracell-plus-lr20-set-2-bucati,https://img.gsmnet.ro/600x600/products/223661/baterie-duracell-plus-d-1-1759401849.jpg,2026-08-26 19:46:38,102
361551,5000394003323,"Baterie Duracell, CR1/3N",Duracell,20.99,0,https://www.gsmnet.ro/gadgeturi-baterii-lanterne/baterie-duracell-cr1-3n,https://img.gsmnet.ro/600x600/products/223663/baterie-duracell-lithium-2l76-1-1759401535.jpg,2026-09-08 03:24:25,59
361552,5000394030336,"Baterie Duracell, CR1616",Duracell,5.99,0,https://www.gsmnet.ro/gadgeturi-baterii-lanterne/baterie-duracell-cr1616,https://img.gsmnet.ro/600x600/products/223664/baterie-duracell-lithium-cr1616-1-1759401750.jpg,2026-08-26 19:46:38,102
361553,5000394141117,"Baterie Duracell Plus, AAA / LR3, Set 4 bucati",Duracell,14.99,0,https://www.gsmnet.ro/gadgeturi-baterii-lanterne/baterie-duracell-plus-aaa-lr3-set-4-bucati,https://img.gsmnet.ro/600x600/products/223665/baterie-duracell-alkaline-plus-1-1759401446.jpg,2026-08-26 19:46:38,102
361554,5000394041660,"Baterie Duracell, AAAA / LR8, Set 2 bucati ",Duracell,13.99,0,https://www.gsmnet.ro/gadgeturi-baterii-lanterne/baterie-duracell-aaaa-lr8-set-2-bucati,https://img.gsmnet.ro/600x600/products/223666/baterie-duracell-specialist-aaaa-1-1759401978.jpg,2026-08-26 19:46:38,102
361555,5000394052581,"Baterie Duracell, LR43, Set 2 bucati ",Duracell,5.99,0,https://www.gsmnet.ro/gadgeturi-baterii-lanterne/baterie-duracell-lr43-set-2-bucati,https://img.gsmnet.ro/600x600/products/223667/baterie-duracell-specialist-lr43-1-1759402193.jpg,2026-09-08 03:24:25,59
361567,6956116723736,"Incarcator Retea Joyroom JR-TCG08, 20W, 3A, 1 x USB-C, Alb ",Joyroom,24.99,0,https://www.gsmnet.ro/accesorii-telefoane-tablete-incarcatoare/incarcator-retea-joyroom-jr-tcg08-20w-3a-1-x-usb-c-alb,https://img.gsmnet.ro/600x600/products/223679/incarcator-retea-joyroom-jr-tcg08-12-1759393629.jpg,2026-07-29 02:40:35,216
361571,5907769380303,"Husa pentru Apple iPhone 17, OEM, Soft, Neagra ",OEM,9.99,0,https://www.gsmnet.ro/accesorii-telefoane-tablete-huse/husa-pentru-apple-iphone-17-oem-soft-neagra,https://img.gsmnet.ro/600x600/products/223683/husa-pentru-apple-iphone-1-1759481301.jpg,2026-08-28 21:46:21,98
361573,5907769380310,"Husa pentru Apple iPhone 17 Air, OEM, Soft, Neagra ",OEM,9.99,0,https://www.gsmnet.ro/accesorii-telefoane-tablete-huse/husa-pentru-apple-iphone-17-air-oem-soft-neagra,https://img.gsmnet.ro/600x600/products/223685/husa-pentru-apple-iphone-1-1759481315.jpg,2026-08-26 19:46:38,102
361594,6978943380340,"Husa MagSafe pentru Apple iPhone 17 Pro Max, DUX DUCIS, Yind, Gri ",DUX DUCIS,29.99,0,https://www.gsmnet.ro/accesorii-telefoane-tablete-huse/husa-magsafe-pentru-apple-iphone-17-pro-max-dux-ducis-yind-gri,https://img.gsmnet.ro/600x600/products/223706/husa-magsafe-pentru-apple-1-1759398164.jpg,2026-08-28 21:46:21,98
361595,6978943380333,"Husa MagSafe pentru Apple iPhone 17 Pro Max, DUX DUCIS, Yind, Neagra ",DUX DUCIS,23.99,0,https://www.gsmnet.ro/accesorii-telefoane-tablete-huse/husa-magsafe-pentru-apple-iphone-17-pro-max-dux-ducis-yind-neagra,https://img.gsmnet.ro/600x600/products/223707/husa-magsafe-pentru-apple-1-1759398249.jpg,2026-09-12 03:28:29,43
361604,5904643034635,"Incarcator Auto Prestico K2A, 20W, 3A, 1 x USB-A - 1 x USB-C, Negru ",Prestico,22.99,0,https://www.gsmnet.ro/accesorii-telefoane-tablete-incarcatoare/incarcator-auto-prestico-k2a-20w-3a-1-x-usb-a-1-x-usb-c-negru,https://img.gsmnet.ro/600x600/products/223716/incarcator-auto-prestico-k2a-1-1759491660.jpg,2026-09-15 03:44:46,31
361608,6971824152999,"Husa pentru Samsung Galaxy A17 5G, DUX DUCIS, Skin Pro, Roz ",DUX DUCIS,29.99,0,https://www.gsmnet.ro/accesorii-telefoane-tablete-huse/husa-pentru-samsung-galaxy-a17-5g-dux-ducis-skin-pro-roz,https://img.gsmnet.ro/600x600/products/223720/husa-pentru-samsung-galaxy-1-1759397787.jpg,2026-08-25 01:16:01,109
361626,619659182502,"Memorie Externa USB-A 3.2 SanDisk Extreme Go, 64Gb SDCZ810-064G-G46 ",SanDisk,95.99,0,https://www.gsmnet.ro/accesorii-telefoane-tablete-carduri-memorii-usb/memorie-externa-usb-a-3-2-sandisk-extreme-go-64gb-sdcz810-064g-g46,https://img.gsmnet.ro/600x600/products/223738/memorie-externa-usb-a-3-2-1-1760085253.png,2026-08-04 02:33:52,192
361627,619659182724,"Memorie Externa USB-A 3.2 SanDisk Extreme Go, 128Gb SDCZ810-128G-G46 ",SanDisk,129.99,0,https://www.gsmnet.ro/accesorii-telefoane-tablete-carduri-memorii-usb/memorie-externa-usb-a-3-2-sandisk-extreme-go-128gb-sdcz810-128g-g46,https://img.gsmnet.ro/600x600/products/223739/memorie-externa-usb-a-3-2-1-1760085216.png,2026-08-04 02:33:52,192
361628,619659152512,"Memorie Externa USB-A 3.2 SanDisk Extreme Pro, 128Gb SDCZ880-128G-G46 ",SanDisk,215.99,0,https://www.gsmnet.ro/accesorii-telefoane-tablete-carduri-memorii-usb/memorie-externa-usb-a-3-2-sandisk-extreme-pro-128gb-sdcz880-128g-g46,https://img.gsmnet.ro/600x600/products/223740/memorie-externa-usb-a-3-2-1-1760085398.png,2026-08-04 02:33:52,192
361629,619659152826,"Memorie Externa USB-A 3.2 SanDisk Extreme Pro, 256Gb SDCZ880-256G-G46 ",SanDisk,315.99,0,https://www.gsmnet.ro/accesorii-telefoane-tablete-carduri-memorii-usb/memorie-externa-usb-a-3-2-sandisk-extreme-pro-256gb-sdcz880-256g-g46,https://img.gsmnet.ro/600x600/products/223741/memorie-externa-usb-a-3-2-1-1760085442.png,2026-08-04 02:33:52,192
361633,6920680836161,"Incarcator Retea XO Design WX035 3in1, 15W, 2A, Negru ",XO Design,40.99,0,https://www.gsmnet.ro/accesorii-telefoane-tablete-incarcatoare/incarcator-retea-xo-design-wx035-3in1-15w-2a-negru,https://img.gsmnet.ro/600x600/products/223745/incarcator-retea-xo-design-1-1760092849.jpg,2026-08-01 02:50:04,204
361634,6920680808359,"Incarcator Retea Cu Cablu Lightning XO Design CE02D, 18W, 3A, 1 x USB-A, Alb ",XO Design,19.99,0,https://www.gsmnet.ro/accesorii-telefoane-tablete-incarcatoare/incarcator-retea-cu-cablu-lightning-xo-design-ce02d-18w-3a-1-x-usb-a-alb,https://img.gsmnet.ro/600x600/products/223746/incarcator-retea-cu-cablu-1-1760092318.jpg,2026-07-17 02:41:26,264
361636,6920680856145,"Incarcator Retea Cu Cablu USB-C XO Design CE25, 25W, 3A, 1 x USB-C, Alb ",XO Design,29.99,0,https://www.gsmnet.ro/accesorii-telefoane-tablete-incarcatoare/incarcator-retea-cu-cablu-usb-c-xo-design-ce25-25w-3a-1-x-usb-c-alb,https://img.gsmnet.ro/600x600/products/223748/incarcator-retea-cu-cablu-1-1760092413.jpg,2026-07-17 02:41:26,264
361643,6920680860241,"Incarcator Wireless XO Design CX030 pentru Apple Watch Series, USB-C, Alb ",XO Design,32.99,0,https://www.gsmnet.ro/wearables-accesorii-wearables/incarcator-wireless-xo-design-cx030-pentru-apple-watch-series-usb-c-alb,https://img.gsmnet.ro/600x600/products/223755/cablu-incarcare-xo-design-1-1760091015.jpg,2026-08-20 01:14:27,129
361646,5906302331673,"Husa MagSafe pentru Apple iPhone 17 Pro, Tech-Protect, Kevlar Aura, Neagra ",Tech-Protect,65.99,0,https://www.gsmnet.ro/accesorii-telefoane-tablete-huse/husa-magsafe-pentru-apple-iphone-17-pro-tech-protect-kevlar-aura-neagra,https://img.gsmnet.ro/600x600/products/223758/husa-magsafe-pentru-apple-1-1759395298.jpg,2026-09-16 03:41:36,27
361650,5906302333462,"Curea Tech-Protect Iconband Line pentru Apple Watch 49mm / 46mm / 45mm / 44mm Series, Verde ",Tech-Protect,22.99,0,https://www.gsmnet.ro/wearables-accesorii-wearables/curea-tech-protect-iconband-line-pentru-apple-watch-49mm-46mm-45mm-44mm-series-verde,https://img.gsmnet.ro/600x600/products/223762/curea-tech-protect-iconband-line-1-1759396302.jpg,2026-07-29 02:40:35,216
361656,5906302331963,"Cablu Date si Incarcare USB-C - USB-C Tech-Protect Ultraboost DNA Keychain, 60W, 0.17m, Gri ",Tech-Protect,25.99,0,https://www.gsmnet.ro/accesorii-telefoane-tablete-cabluri-adaptori/cablu-date-incarcare-usb-c-usb-c-tech-protect-ultraboost-dna-keychain-60w-0-17m-gri,https://img.gsmnet.ro/600x600/products/223768/cablu-date-incarcare-1-1759395786.jpg,2026-09-08 03:24:25,59
362069,660982739598,"Placa cu Conector Incarcare - Microfon Xiaomi Redmi 12 5G, Service Pack 5600040M1900 ",Xiaomi,29.99,0,https://www.gsmnet.ro/piese-componente-conectori-incarcare/placa-cu-conector-incarcare-microfon-xiaomi-redmi-12-5g-service-pack-5600040m1900,https://img.gsmnet.ro/600x600/products/224181/placa-cu-conector-incarcare-1-1761307056.jpg,2026-07-28 02:34:33,220
362402,3666339145354,"Husa MagSafe pentru Apple iPhone 15 Plus, BMW, Natural Hot Stamp, Neagra",BMW,79.99,0,https://www.gsmnet.ro/accesorii-telefoane-tablete-huse/husa-magsafe-pentru-apple-iphone-15-plus-bmw-natural-hot-stamp-neagra,https://img.gsmnet.ro/600x600/products/224514/husa-magsafe-pentru-apple-iphone-15-plus-bmw-natural-hot-stamp-neagra-1759759859710.jpg,2026-07-29 02:40:35,216
364044,3666339170820,"Husa pentru Apple iPhone 15 Plus, BMW, Natural Hot Stamp, Neagra",BMW,59.99,0,https://www.gsmnet.ro/accesorii-telefoane-tablete-huse/husa-pentru-apple-iphone-15-plus-bmw-natural-hot-stamp-neagra,https://img.gsmnet.ro/600x600/products/226156/husa-pentru-apple-iphone-15-plus-bmw-natural-hot-stamp-neagra-1759776486227.jpg,2026-07-17 02:41:26,264
364045,3666339232665,"Husa pentru Apple iPhone 15 Plus, BMW, Signature Wordmark Cord, Neagra",BMW,74.99,0,https://www.gsmnet.ro/accesorii-telefoane-tablete-huse/husa-pentru-apple-iphone-15-plus-bmw-signature-wordmark-cord-neagra,https://img.gsmnet.ro/600x600/products/226157/husa-pentru-apple-iphone-15-plus-bmw-signature-wordmark-cord-neagra-1759776489767.jpg,2026-07-17 02:41:26,264
364046,3666339143350,"Husa pentru Apple iPhone 15 Plus, BMW, Stamp Tricolor, Neagra",BMW,45.99,0,https://www.gsmnet.ro/accesorii-telefoane-tablete-huse/husa-pentru-apple-iphone-15-plus-bmw-stamp-tricolor-neagra,https://img.gsmnet.ro/600x600/products/226158/husa-pentru-apple-iphone-15-plus-bmw-stamp-tricolor-neagra-17597764935.jpg,2026-07-17 02:41:26,264
365285,6976195090178,"Incarcator Retea Cu Cablu Lightning WiWu Wi-U002, 20W, 3A, 1 x USB-A - 1 x USB-C, Negru ",WiWu,23.99,0,https://www.gsmnet.ro/accesorii-telefoane-tablete-incarcatoare/incarcator-retea-cu-cablu-lightning-wiwu-wi-u002-20w-3a-1-x-usb-a-1-x-usb-c-negru,https://img.gsmnet.ro/600x600/products/227397/incarcator-retea-cu-cablu-1-1760087843.jpg,2026-08-26 19:46:38,102
365288,6933654815604,"Cablu Date si Incarcare USB-A - USB-C BWOO BO-X318C, 27W, 1m, Negru ",BWOO,9.99,0,https://www.gsmnet.ro/accesorii-telefoane-tablete-cabluri-adaptori/cablu-date-incarcare-usb-a-usb-c-bwoo-bo-x318c-27w-1m-negru,https://img.gsmnet.ro/600x600/products/227400/cablu-date-incarcare-1-1760087310.jpg,2026-07-29 02:40:35,216
365303,5900217464600,"Smartwatch Blavec M01 Vesta Call, Negru",Blavec,167.99,0,https://www.gsmnet.ro/wearables-smartwatch/smartwatch-blavec-m01-vesta-call-negru,https://img.gsmnet.ro/600x600/products/227415/smartwatch-blavec-m01-vesta-8-1768556404.jpeg,2026-08-27 21:52:51,100
365314,842776110473,"Cablu Date si Incarcare USB-C - USB-C Google, 30W, 1m, Alb GA00735 ",Google,63.99,0,https://www.gsmnet.ro/accesorii-telefoane-tablete-cabluri-adaptori/cablu-date-incarcare-usb-c-usb-c-google-30w-1m-alb-ga00735,https://img.gsmnet.ro/600x600/products/227426/cablu-date-incarcare-1-1773653090.jpeg,2026-08-01 02:50:04,204
365321,840353930537,"Handsfree Bluetooth Google Pixel Buds 2a, TWS, ANC, Gri Verzui GA06155-EU ",Google,534.99,0,https://www.gsmnet.ro/wearables-audio-inclusiv-tws/handsfree-bluetooth-google-pixel-buds-2a-tws-anc-gri-verzui-ga06155-eu,https://img.gsmnet.ro/600x600/products/227433/handsfree-bluetooth-google-pixel-1-1760528539.jpg,2026-08-15 01:14:41,149
365322,840353930858,"Handsfree Bluetooth Google Pixel Buds 2a, TWS, ANC, Iris GA10127-EU ",Google,534.99,0,https://www.gsmnet.ro/wearables-audio-inclusiv-tws/handsfree-bluetooth-google-pixel-buds-2a-tws-anc-iris-ga10127-eu,https://img.gsmnet.ro/600x600/products/227434/handsfree-bluetooth-google-pixel-1-1760528530.jpg,2026-08-15 01:14:41,149
365330,6921815628132,"Handsfree Bluetooth OnePlus Buds Pro 3, Albastru 5481158836",OnePlus,599.99,0,https://www.gsmnet.ro/wearables-audio-inclusiv-tws/handsfree-bluetooth-oneplus-buds-pro-3-albastru-5481158836,https://img.gsmnet.ro/600x600/products/227442/handsfree-bluetooth-oneplus-buds-7-1761829201.png,2026-08-01 02:50:04,204
365338,5903396355028,"Husa pentru Samsung Galaxy A36 A366, OEM, Luna Carbon, Neagra ",OEM,19.99,0,https://www.gsmnet.ro/accesorii-telefoane-tablete-huse/husa-pentru-samsung-galaxy-a36-a366-oem-luna-carbon-neagra,https://img.gsmnet.ro/600x600/products/227450/husa-pentru-samsung-galaxy-1-1760090541.jpg,2026-08-25 01:16:01,109
365340,4713435799307,"Memorie Externa USB-A 3.2 Adata UV150, 64Gb AUV150-64G-RRD ",Adata,35.99,0,https://www.gsmnet.ro/accesorii-telefoane-tablete-carduri-memorii-usb/memorie-externa-usb-a-3-2-adata-uv150-64gb-auv150-64g-rrd,https://img.gsmnet.ro/600x600/products/227452/memorie-externa-usb-a-3-0-1-1760088841.jpg,2026-07-23 02:47:09,240
365758,6920680857661,"Touch Pen XO Design ST-08 pentru Apple iPad, Versiune Activ, Alb ",XO Design,44.99,0,https://www.gsmnet.ro/accesorii-telefoane-tablete-touchpen/touch-pen-xo-design-st-08-pentru-apple-ipad-versiune-activ-alb,https://img.gsmnet.ro/600x600/products/227870/touch-pen-xo-design-1-1760082102.jpeg,2026-08-11 01:46:05,165
365761,6920680831050,"Handsfree 3.5mm XO Design EP57 Crown, Negru ",XO Design,7.99,0,https://www.gsmnet.ro/accesorii-telefoane-tablete-casti-audio/handsfree-3-5mm-xo-design-ep57-crown-negru,https://img.gsmnet.ro/600x600/products/227873/handsfree-3-5mm-xo-design-1-1760081904.jpeg,2026-08-08 01:40:23,177
365765,6920680848669,"Lavaliera XO Design MKF08A, USB-C, Neagra ",XO Design,53.99,0,https://www.gsmnet.ro/gadgeturi-utile/lavaliera-xo-design-mkf08a-usb-c-neagra,https://img.gsmnet.ro/600x600/products/227877/lavaliera-xo-design-mkfo8a-1-1760081647.jpeg,2026-08-11 01:46:05,165
365786,6975837586109,"Suport Auto Magnetic XO Design C169, Universal, Negru ",XO Design,59.99,0,https://www.gsmnet.ro/accesorii-telefoane-tablete-suporturi-telefoane/suport-auto-magnetic-xo-design-c169-universal-negru,https://img.gsmnet.ro/600x600/products/227898/suport-auto-magnetic-magsafe-1-1760081509.jpeg,2026-08-01 02:50:04,204
365807,733625,"Husa pentru Apple iPhone 15 Pro Max, Perfect Case, LOVE-Splash Girl Power, Multicolor",Perfect Case,17.99,0,https://www.gsmnet.ro/accesorii-telefoane-tablete-huse/husa-pentru-apple-iphone-15-pro-max-perfect-case-love-splash-girl-power-multicolor,https://img.gsmnet.ro/600x600/products/227919/husa-pentru-apple-iphone-1-1760081340.jpg,2026-09-11 03:23:04,47
365819,736923,"Husa pentru Apple iPhone 17 Pro Max, Perfect Case, LOVE-Splash Drama Queen, Multicolor",Perfect Case,17.99,0,https://www.gsmnet.ro/accesorii-telefoane-tablete-huse/husa-pentru-apple-iphone-17-pro-max-perfect-case-love-splash-drama-queen-multicolor,https://img.gsmnet.ro/600x600/products/227931/husa-pentru-apple-iphone-1-1760081149.jpg,2026-07-21 02:44:07,248
365820,736930,"Husa pentru Apple iPhone 17 Pro Max, Perfect Case, LOVE-Splash Girl Power, Multicolor",Perfect Case,17.99,0,https://www.gsmnet.ro/accesorii-telefoane-tablete-huse/husa-pentru-apple-iphone-17-pro-max-perfect-case-love-splash-girl-power-multicolor,https://img.gsmnet.ro/600x600/products/227932/husa-pentru-apple-iphone-1-1760081096.jpg,2026-08-05 02:33:14,188
365827,737241,"Husa pentru Samsung Galaxy A17 5G, Perfect Case, LOVE-Splash Drama Queen, Multicolor",Perfect Case,17.99,0,https://www.gsmnet.ro/accesorii-telefoane-tablete-huse/husa-pentru-samsung-galaxy-a17-5g-perfect-case-love-splash-drama-queen-multicolor,https://img.gsmnet.ro/600x600/products/227939/husa-pentru-samsung-galaxy-1-1760080494.jpg,2026-09-08 03:24:25,59
365830,732055,"Husa pentru Samsung Galaxy A55 5G A556, Perfect Case, LOVE-Splash Drama Queen, Multicolor",Perfect Case,17.99,0,https://www.gsmnet.ro/accesorii-telefoane-tablete-huse/husa-pentru-samsung-galaxy-a55-5g-a556-perfect-case-love-splash-drama-queen-multicolor,https://img.gsmnet.ro/600x600/products/227942/husa-pentru-samsung-galaxy-1-1760080413.jpg,2026-09-08 03:24:25,59
365832,737166,"Husa pentru Xiaomi Redmi 14C, Perfect Case, LOVE-Splash Girl Power, Multicolor",Perfect Case,17.99,0,https://www.gsmnet.ro/accesorii-telefoane-tablete-huse/husa-pentru-xiaomi-redmi-14c-perfect-case-love-splash-girl-power-multicolor,https://img.gsmnet.ro/600x600/products/227944/husa-pentru-xiaomi-redmi-1-1760080084.jpg,2026-07-24 02:42:58,236
365834,6932172677602,"Baterie Externa Wireless Baseus PicoGo, 5000mAh, 20W, PD + FQI, 1 x QI - 1 x USB-C, Roz P10076800413-00 ",Baseus,139.99,0,https://www.gsmnet.ro/accesorii-telefoane-tablete-baterii-externe/baterie-externa-wireless-baseus-picogo-5000mah-20w-pd-plus-fqi-1-x-qi-1-x-usb-c-roz-p10076800413-00,https://img.gsmnet.ro/600x600/products/227946/baterie-externa-wireless-baseus-1-1760433352.jpg,2026-08-04 02:33:52,192
365836,5904643036028,"Folie de protectie Ecran Bear HD pentru Apple iPhone 14 Pro, Sticla Securizata, Full Glue, Neagra ",Bear,14.99,0,https://www.gsmnet.ro/accesorii-telefoane-tablete-folii-protectie/folie-de-protectie-ecran-bear-hd-pentru-apple-iphone-14-pro-sticla-securizata-full-glue-neagra,https://img.gsmnet.ro/600x600/products/227948/folie-de-protectie-ecran-1-1760094416.jpg,2026-09-09 03:28:01,55
365839,5904643036059,"Folie de protectie Ecran Bear HD pentru Apple iPhone 15 Pro, Sticla Securizata, Full Glue, Neagra ",Bear,12.99,0,https://www.gsmnet.ro/accesorii-telefoane-tablete-folii-protectie/folie-de-protectie-ecran-bear-hd-pentru-apple-iphone-15-pro-sticla-securizata-full-glue-neagra,https://img.gsmnet.ro/600x600/products/227951/folie-de-protectie-ecran-1-1760094475.jpg,2026-09-09 03:28:01,55
365842,5904643068722,"Folie de protectie Ecran Bear HD pentru Oppo Reno14 F / Reno14, Sticla Securizata, Full Glue, Neagra ",Bear,12.99,0,https://www.gsmnet.ro/accesorii-telefoane-tablete-folii-protectie/folie-de-protectie-ecran-bear-hd-pentru-oppo-reno14-f-reno14-sticla-securizata-full-glue-neagra,https://img.gsmnet.ro/600x600/products/227954/folie-de-protectie-ecran-1-1760094585.jpg,2026-09-09 03:28:01,55
365847,5904643068753,"Folie de protectie Ecran Bear HD pentru Xiaomi Redmi 15C 4G, Sticla Securizata, Full Glue, Neagra ",Bear,12.99,0,https://www.gsmnet.ro/accesorii-telefoane-tablete-folii-protectie/folie-de-protectie-ecran-bear-hd-pentru-xiaomi-redmi-15c-4g-sticla-securizata-full-glue-neagra,https://img.gsmnet.ro/600x600/products/227959/folie-de-protectie-ecran-1-1760094747.jpg,2026-07-17 02:41:26,264
365855,5904643068791,"Folie de protectie Ecran Privacy Bear pentru Xiaomi Redmi 15C 4G, Sticla Securizata, Full Glue ",Bear,18.99,0,https://www.gsmnet.ro/accesorii-telefoane-tablete-folii-protectie/folie-de-protectie-ecran-privacy-bear-pentru-xiaomi-redmi-15c-4g-sticla-securizata-full-glue,https://img.gsmnet.ro/600x600/products/227967/folie-de-protectie-ecran-1-1760096049.jpg,2026-08-12 01:58:19,161
365871,6920680832958,"Incarcator Retea Cu Cablu USB-C XO Design CE06, 30W, 3A, 1 x USB-C, Alb ",XO Design,32.99,0,https://www.gsmnet.ro/accesorii-telefoane-tablete-incarcatoare/incarcator-retea-cu-cablu-usb-c-xo-design-ce06-30w-3a-1-x-usb-c-alb,https://img.gsmnet.ro/600x600/products/227983/incarcator-retea-cu-cablu-1-1760431907.jpg,2026-08-11 01:46:05,165
365872,6920680853830,"Incarcator Retea Cu Cablu Lightning XO Design CE19, 18W, 3A, 1 x USB-A, Alb ",XO Design,22.99,0,https://www.gsmnet.ro/accesorii-telefoane-tablete-incarcatoare/incarcator-retea-cu-cablu-lightning-xo-design-ce19-18w-3a-1-x-usb-a-alb,https://img.gsmnet.ro/600x600/products/227984/incarcator-retea-cu-cablu-1-1760430705.jpg,2026-07-21 02:44:07,248
365877,5907457795037,"Smartwatch MaXlife Kids MXSW-210, Albastru ",MaXlife,89.99,0,https://www.gsmnet.ro/wearables-smartwatch/smartwatch-maxlife-kids-mxsw-210-albastru,https://img.gsmnet.ro/600x600/products/227989/smartwatch-maxlife-kids-mxsw-210-1-1768555639.jpeg,2026-08-20 01:14:27,129
365878,6920680859009,"Incarcator Retea Cu Cablu USB-C XO Design CE29, 20W, 3A, 1 x USB-A - 1 x USB-C, Alb ",XO Design,24.99,0,https://www.gsmnet.ro/accesorii-telefoane-tablete-incarcatoare/incarcator-retea-cu-cablu-usb-c-xo-design-ce29-20w-3a-1-x-usb-a-1-x-usb-c-alb,https://img.gsmnet.ro/600x600/products/227990/incarcator-retea-cu-cablu-1-1760431630.jpg,2026-07-21 02:44:07,248
365879,6920680853939,"Incarcator Retea Cu Cablu USB-C XO Design CE22, 45W, 3A, 2 x USB-A - 2 x USB-C, Alb ",XO Design,39.99,0,https://www.gsmnet.ro/accesorii-telefoane-tablete-incarcatoare/incarcator-retea-cu-cablu-usb-c-xo-design-ce22-45w-3a-2-x-usb-a-2-x-usb-c-alb,https://img.gsmnet.ro/600x600/products/227991/incarcator-retea-cu-cablu-1-1760086942.jpg,2026-08-15 01:14:41,149
365880,5907457744226,"Baterie Externa Wireless Forever MATB-200, 5000mAh, 20W, PD + FQI, 1 x QI - 1 x USB-C, Neagra ",Forever,79.99,0,https://www.gsmnet.ro/accesorii-telefoane-tablete-baterii-externe/baterie-externa-wireless-forever-matb-200-5000mah-20w-pd-plus-fqi-1-x-qi-1-x-usb-c-neagra,https://img.gsmnet.ro/600x600/products/227992/baterie-externa-wireless-forever-1-1760086525.png,2026-08-07 00:01:02,181
365889,6920680832934,"Incarcator Retea XO Design CE06, 30W, 3A, 1 x USB-C, Alb ",XO Design,27.99,0,https://www.gsmnet.ro/accesorii-telefoane-tablete-incarcatoare/incarcator-retea-xo-design-ce06-30w-3a-1-x-usb-c-alb,https://img.gsmnet.ro/600x600/products/228001/incarcator-retea-xo-design-1-1760088863.jpg,2026-08-20 01:14:27,129
365891,6920680808373,"Incarcator Retea Cu Cablu USB-C XO Design CE02D, 18W, 3A, 1 x USB-A, Alb ",XO Design,18.99,0,https://www.gsmnet.ro/accesorii-telefoane-tablete-incarcatoare/incarcator-retea-cu-cablu-usb-c-xo-design-ce02d-18w-3a-1-x-usb-a-alb,https://img.gsmnet.ro/600x600/products/228003/incarcator-retea-cu-cablu-1-1760088467.jpg,2026-08-22 01:14:09,121
365893,6920680851898,"Adaptor Date si Incarcare USB-C - Lightning XO Design NB256E, Alb ",XO Design,7.99,0,https://www.gsmnet.ro/accesorii-telefoane-tablete-cabluri-adaptori/adaptor-date-incarcare-usb-c-lightning-xo-design-nb256e-alb,https://img.gsmnet.ro/600x600/products/228005/adaptor-date-incarcare-1-1760087378.jpg,2026-07-21 02:44:07,248
365894,6920680861293,"Incarcator Retea Wireless XO Design CX031, 15W, 1.67A, Negru ",XO Design,28.99,0,https://www.gsmnet.ro/accesorii-telefoane-tablete-incarcatoare/incarcator-retea-wireless-xo-design-cx031-15w-1-67a-negru,https://img.gsmnet.ro/600x600/products/228006/incarcator-retea-wireless-xo-1-1760088687.jpg,2026-08-26 19:46:38,102
365895,6920680860562,"Cablu Date si Incarcare USB-A / USB-C - Lightning / USB-C XO Design NB283, 60W, 1m, Gri ",XO Design,12.99,0,https://www.gsmnet.ro/accesorii-telefoane-tablete-cabluri-adaptori/cablu-date-incarcare-usb-a-usb-c-lightning-usb-c-xo-design-nb283-60w-1m-gri,https://img.gsmnet.ro/600x600/products/228007/cablu-date-incarcare-1-1760087657.jpg,2026-08-11 01:46:05,165
365897,6975837583191,"Incarcator Auto Cu Cablu USB-C XO Design CC69, 30W, 3A, 1 x USB-A - 1 x USB-C, Alb ",XO Design,13.99,0,https://www.gsmnet.ro/accesorii-telefoane-tablete-incarcatoare/incarcator-auto-cu-cablu-usb-c-xo-design-cc69-30w-3a-1-x-usb-a-1-x-usb-c-alb,https://img.gsmnet.ro/600x600/products/228009/incarcator-auto-cu-cablu-1-1760088005.jpg,2026-07-21 02:44:07,248
365997,4711085931481,"Memorie RAM Adata Premier, DDR4 SODIMM, 16GB, 3200Mhz AD4S320016G22-SGN ",Adata,485.99,0,https://www.gsmnet.ro/accesorii-pc-laptop-memorii-ram/memorie-ram-adata-premier-ddr4-sodimm-16gb-3200mhz-ad4s320016g22-sgn,https://img.gsmnet.ro/600x600/products/228109/memorie-ram-adata-premier-1-1760621467.jpg,2026-07-17 02:41:26,264
366021,6956116750633,"Cablu Date si Incarcare USB-A - Lightning Joyroom S-A16 Prism Display, 12W, 1.2m, Negru ",Joyroom,19.99,0,https://www.gsmnet.ro/accesorii-telefoane-tablete-cabluri-adaptori/cablu-date-incarcare-usb-a-lightning-joyroom-s-a16-prism-display-12w-1-2m-negru,https://img.gsmnet.ro/600x600/products/228133/cablu-date-incarcare-1-1760626772.jpg,2026-09-12 03:28:29,43
366045,6977196682003,"Baterie Externa Dudao K31, 10000mAh, 22.5W, PD, 2 x USB-C, Alba ",Dudao,69.99,0,https://www.gsmnet.ro/accesorii-telefoane-tablete-baterii-externe/baterie-externa-dudao-k31-10000mah-22-5w-pd-2-x-usb-c-alba,https://img.gsmnet.ro/600x600/products/228157/baterie-externa-dudao-k31-1-1760625523.jpg,2026-09-08 03:24:25,59
366046,6977196682362,"Baterie Externa Dudao K31, 10000mAh, 22.5W, PD, 2 x USB-C, Neagra ",Dudao,69.99,0,https://www.gsmnet.ro/accesorii-telefoane-tablete-baterii-externe/baterie-externa-dudao-k31-10000mah-22-5w-pd-2-x-usb-c-neagra,https://img.gsmnet.ro/600x600/products/228158/baterie-externa-dudao-k31-1-1760625454.jpg,2026-08-26 19:46:38,102
366051,6942007628426,"Camera Digitala HOCO DV201 Kids, 1080P, 2MP, Albastra",HOCO,84.99,0,https://www.gsmnet.ro/gadgeturi-utile/camera-digitala-hoco-dv201-kids-1080p-2mp-albastra,https://img.gsmnet.ro/600x600/products/228163/camera-digitala-hoco-dv201-1-1760623070.jpg,2026-09-08 03:24:25,59
366053,6942007628433,"Camera Digitala HOCO DV201 Kids, 1080P, 2MP, Roz ",HOCO,79.99,0,https://www.gsmnet.ro/gadgeturi-utile/camera-digitala-hoco-dv201-kids-1080p-2mp-roz,https://img.gsmnet.ro/600x600/products/228165/camera-digitala-hoco-dv201-6-1760623845.jpg,2026-09-08 03:24:25,59
366056,5903396411380,"Folie de protectie Ecran Veason PRO pentru Apple iPhone 17 Air, Sticla Securizata, Full Glue, 6D, Neagra ",Veason ,11.99,0,https://www.gsmnet.ro/accesorii-telefoane-tablete-folii-protectie/folie-de-protectie-ecran-veason-pro-pentru-apple-iphone-17-air-sticla-securizata-full-glue-6d-neagra,https://img.gsmnet.ro/600x600/products/228168/folie-de-protectie-ecran-1-1761049109.jpg,2026-08-15 01:14:41,149
366061,6942007638678,"Camera Digitala HOCO DV205 Kids, 720P, 1MP, Roz ",HOCO,89.99,0,https://www.gsmnet.ro/gadgeturi-utile/camera-digitala-hoco-dv205-kids-720p-1mp-roz,https://img.gsmnet.ro/600x600/products/228173/camera-digitala-hoco-dv205-7-1760624602.jpg,2026-08-26 19:46:38,102
366067,6942007619578,"Handsfree Bluetooth HOCO W50 Kids Cute Cat, A2DP, Alb ",HOCO,54.99,0,https://www.gsmnet.ro/accesorii-telefoane-tablete-casti-audio/handsfree-bluetooth-hoco-w50-kids-cute-cat-a2dp-alb,https://img.gsmnet.ro/600x600/products/228179/handsfree-bluetooth-hoco-w50-1-1760953717.jpg,2026-09-08 03:24:25,59
366069,6970453559872,"Baterie Externa Veger C11C, 10000mAh, 22.5W, QC + PD, 1 x Lightning - 1 x USB-A - 2 x USB-C, Alba",Veger,69.99,0,https://www.gsmnet.ro/accesorii-telefoane-tablete-baterii-externe/baterie-externa-veger-c11c-10000mah-22-5w-qc-plus-pd-1-x-lightning-1-x-usb-a-2-x-usb-c-alba,https://img.gsmnet.ro/600x600/products/228181/baterie-externa-veger-c11c-1-1760953473.jpg,2026-07-17 02:41:26,264
366078,5906302319176,"Folie de protectie Camera Spate Tech-Protect CamRing Fit+ pentru Apple iPhone 17, Sticla Securizata, Neagra ",Tech-Protect,15.99,0,https://www.gsmnet.ro/accesorii-telefoane-tablete-folii-protectie/folie-de-protectie-camera-spate-tech-protect-camring-fit-plus-pentru-apple-iphone-17-sticla-securizata-neagra,https://img.gsmnet.ro/600x600/products/228190/folie-de-protectie-camera-1-1760961449.jpg,2026-09-12 03:28:29,43
366083,5906302333561,"Husa MagSafe pentru Apple iPhone 17 Pro Max, Tech-Protect, MagPeak, Neagra Mata",Tech-Protect,39.99,0,https://www.gsmnet.ro/accesorii-telefoane-tablete-huse/husa-magsafe-pentru-apple-iphone-17-pro-max-tech-protect-magpeak-neagra-mata,https://img.gsmnet.ro/600x600/products/228195/husa-magsafe-pentru-apple-1-1761029486.jpg,2026-07-29 02:40:35,216
366091,5906302310616,"Curea Tech-Protect Modern Leopard pentru Apple Watch 42mm / 41mm / 40mm Series, Aurie ",Tech-Protect,78.99,0,https://www.gsmnet.ro/wearables-accesorii-wearables/curea-tech-protect-modern-leopard-pentru-apple-watch-42mm-41mm-40mm-series-aurie,https://img.gsmnet.ro/600x600/products/228203/curea-tech-protect-modern-leopard-1-1761568390.jpg,2026-08-12 01:58:19,161
366826,6977887510127,"Smartwatch Honor Choice 2i, Negru 5504ACGT",Honor Choice,161.99,0,https://www.gsmnet.ro/wearables-smartwatch/smartwatch-honor-choice-2i-negru-5504acgt,https://img.gsmnet.ro/600x600/products/228938/smartwatch-honor-choice-2i-1-1763549703.jpg,2026-07-21 02:44:07,248
367027,4894240165324,"Husa cu Tastatura pentru Apple iPad (2025) / (2022), ESR, Rebound, Neagra",ESR,0.0,0,https://www.gsmnet.ro/accesorii-telefoane-tablete-huse/husa-cu-tastatura-pentru-apple-ipad-2025-2022-esr-rebound-neagra,https://img.gsmnet.ro/600x600/products/229139/husa-cu-tastatura-pentru-apple-ipad-2025-2022-esr-rebound-neagra-1760527935156.jpg,2026-09-13 15:44:06,37
367112,5900495842794,"Baterie Externa Setty, 10000mAh, 10W, 2 x USB-A, Neagra ",Setty,37.99,0,https://www.gsmnet.ro/accesorii-telefoane-tablete-baterii-externe/baterie-externa-setty-10000mah-10w-2-x-usb-a-neagra,https://img.gsmnet.ro/600x600/products/229224/baterie-externa-setty-10000mah-1-1761225788.png,2026-08-04 02:33:52,192
367113,5900495925633,"Cablu Date si Incarcare USB-A - Lightning Setty, 18W, 1m, Alb ",Setty,6.99,0,https://www.gsmnet.ro/accesorii-telefoane-tablete-cabluri-adaptori/cablu-date-incarcare-usb-a-lightning-setty-18w-1m-alb,https://img.gsmnet.ro/600x600/products/229225/cablu-date-incarcare-1-1761224118.png,2026-07-24 02:42:58,236
367114,5900495928924,"Cablu Date si Incarcare USB-A - Lightning Setty, 18W, 1m, Negru ",Setty,6.99,0,https://www.gsmnet.ro/accesorii-telefoane-tablete-cabluri-adaptori/cablu-date-incarcare-usb-a-lightning-setty-18w-1m-negru,https://img.gsmnet.ro/600x600/products/229226/cablu-date-incarcare-1-1761224207.png,2026-07-24 02:42:58,236
367119,6933654802499,"Suport Auto Magnetic BWOO BO-ZJ81, Universal, Negru ",BWOO,14.99,0,https://www.gsmnet.ro/accesorii-telefoane-tablete-suporturi-telefoane/suport-auto-magnetic-bwoo-bo-zj81-universal-negru,https://img.gsmnet.ro/600x600/products/229231/suport-auto-magnetic-bwoo-1-1761031118.jpg,2026-08-20 01:14:27,129
367139,5904643067664,"Husa pentru Apple iPhone 17 Pro Max, OEM, Tint, Bleumarin ",OEM,12.99,0,https://www.gsmnet.ro/accesorii-telefoane-tablete-huse/husa-pentru-apple-iphone-17-pro-max-oem-tint-bleumarin,https://img.gsmnet.ro/600x600/products/229251/husa-pentru-apple-iphone-1-1760955785.jpg,2026-08-26 19:46:38,102
367176,660982741089,"Display cu Touchscreen MP compatibil cu Samsung Galaxy S22+ 5G S906, cu Rama, Negru ",MP,399.99,0,https://www.gsmnet.ro/piese-componente-display-cu-touchscreen/display-cu-touchscreen-mp-compatibil-cu-samsung-galaxy-s22-plus-5g-s906-cu-rama-negru,https://img.gsmnet.ro/600x600/products/229288/display-cu-touchscreen-mp-1-1763036031.jpg,2026-07-21 02:44:07,248
367181,5906302334537,"Rama protectie Camera Spate Tech-Protect Camalloy Fit+ pentru Apple iPhone 17 Pro, Aluminiu, Portocalie ",Tech-Protect,14.99,0,https://www.gsmnet.ro/accesorii-telefoane-tablete-folii-protectie/rama-protectie-camera-spate-tech-protect-camalloy-fit-plus-pentru-apple-iphone-17-pro-aluminiu-portocalie,https://img.gsmnet.ro/600x600/products/229293/rama-protectie-camera-spate-1-1761315177.png,2026-08-26 19:46:38,102
367182,5906302334544,"Rama protectie Camera Spate Tech-Protect Camalloy Fit+ pentru Apple iPhone 17 Pro, Aluminiu, Bleumarin ",Tech-Protect,13.99,0,https://www.gsmnet.ro/accesorii-telefoane-tablete-folii-protectie/rama-protectie-camera-spate-tech-protect-camalloy-fit-plus-pentru-apple-iphone-17-pro-aluminiu-bleumarin,https://img.gsmnet.ro/600x600/products/229294/rama-protectie-camera-spate-1-1761315260.png,2026-08-08 01:40:23,177
367193,5906302333585,"Husa MagSafe pentru Apple iPhone 17 Pro, Tech-Protect, MagPeak, Transparenta ",Tech-Protect,44.99,0,https://www.gsmnet.ro/accesorii-telefoane-tablete-huse/husa-magsafe-pentru-apple-iphone-17-pro-tech-protect-magpeak-transparenta,https://img.gsmnet.ro/600x600/products/229305/husa-magsafe-pentru-apple-1-1761306781.png,2026-07-23 02:47:09,240
367208,6971824153460,"Husa MagSafe pentru Apple iPhone 17, DUX DUCIS, Yind, Neagra ",DUX DUCIS,29.99,0,https://www.gsmnet.ro/accesorii-telefoane-tablete-huse/husa-magsafe-pentru-apple-iphone-17-dux-ducis-yind-neagra,https://img.gsmnet.ro/600x600/products/229320/husa-magsafe-pentru-apple-1-1761221793.png,2026-08-13 02:00:15,157
367601,6920680846894,"Incarcator Retea XO Design L126, 20W, 3A, 1 x USB-C, Alb ",XO Design,14.99,0,https://www.gsmnet.ro/accesorii-telefoane-tablete-incarcatoare/incarcator-retea-xo-design-l126-20w-3a-1-x-usb-c-alb,https://img.gsmnet.ro/600x600/products/229716/incarcator-retea-xo-design-1-1761220927.png,2026-08-11 01:46:05,165
367607,6920680858781,"Baterie Externa XO Design PR258, 10000mAh, 20W, QC + PD, 1 x Lightning - 1 x USB-C, Bej ",XO Design,72.99,0,https://www.gsmnet.ro/accesorii-telefoane-tablete-baterii-externe/baterie-externa-xo-design-pr258-10000mah-20w-qc-plus-pd-1-x-lightning-1-x-usb-c-bej,https://img.gsmnet.ro/600x600/products/229722/baterie-externa-xo-design-1-1761227495.png,2026-08-11 01:46:05,165
367608,6920680858743,"Baterie Externa Wireless XO Design PR260, 10000mAh, 20W, PD + QI, 1 x QI - 2 x USB-C, Neagra",XO Design,79.99,0,https://www.gsmnet.ro/accesorii-telefoane-tablete-baterii-externe/baterie-externa-wireless-xo-design-pr260-10000mah-20w-pd-plus-qi-1-x-qi-2-x-usb-c-neagra,https://img.gsmnet.ro/600x600/products/229723/baterie-externa-wireless-xo-1-1761226953.png,2026-07-24 02:42:58,236
367609,6920680817788,"Baterie Externa Wireless XO Design PR270, 10000mAh, 22.5W, QC + PD + QI, 1 x QI - 1 x USB-A - 1 x USB-C, Alba ",XO Design,99.99,0,https://www.gsmnet.ro/accesorii-telefoane-tablete-baterii-externe/baterie-externa-wireless-xo-design-pr270-10000mah-22-5w-qc-plus-pd-plus-qi-1-x-qi-1-x-usb-a-1-x-usb-c-alba,https://img.gsmnet.ro/600x600/products/229724/baterie-externa-wireless-xo-1-1761227122.png,2026-09-04 03:15:45,75
367612,6975837582422,"Smartwatch XO Design Ultra, Portocaliu ",XO Design,164.99,0,https://www.gsmnet.ro/wearables-smartwatch/smartwatch-xo-design-ultra-portocaliu,https://img.gsmnet.ro/600x600/products/229727/smartwatch-xo-design-ultra-1-1768556104.jpeg,2026-08-11 01:46:05,165
367613,6975837582439,"Smartwatch XO Design Ultra, Alb ",XO Design,164.99,0,https://www.gsmnet.ro/wearables-smartwatch/smartwatch-xo-design-ultra-alb,https://img.gsmnet.ro/600x600/products/229728/smartwatch-xo-design-ultra-1-1768556249.jpeg,2026-08-11 01:46:05,165
367614,6920680836185,"Incarcator Retea Wireless XO Design WX033 4in1, 15W, 1.67A, Alb ",XO Design,79.99,0,https://www.gsmnet.ro/accesorii-telefoane-tablete-incarcatoare/incarcator-retea-wireless-xo-design-wx033-4in1-15w-1-67a-alb,https://img.gsmnet.ro/600x600/products/229729/incarcator-retea-wireless-xo-1-1761221259.png,2026-08-11 01:46:05,165
367619,6920680845736,"Suport Auto Magnetic XO Design C131, 4.7inch - 6.9inch, Gri ",XO Design,19.99,0,https://www.gsmnet.ro/accesorii-telefoane-tablete-suporturi-telefoane/suport-auto-magnetic-xo-design-c131-4-7inch-6-9inch-gri,https://img.gsmnet.ro/600x600/products/229734/suport-auto-magnetic-xo-1-1761217413.png,2026-09-16 03:41:36,27
367624,619659204877,"Solid State Drive (SSD Extern) SanDisk, 1TB, Negru SDSSDE30-1T00-G26",SanDisk,799.99,0,https://www.gsmnet.ro/accesorii-pc-laptop-solutii-stocare/solid-state-drive-ssd-extern-sandisk-1tb-negru-sdssde30-1t00-g26,https://img.gsmnet.ro/600x600/products/229739/solid-state-drive-ssd-1-1761731615.png,2026-08-21 01:18:16,125
367635,5900495758118,"Cablu Date si Incarcare USB-A - Lightning MaXlife, 5W, 1m, Alb ",MaXlife,5.99,0,https://www.gsmnet.ro/accesorii-telefoane-tablete-cabluri-adaptori/cablu-date-incarcare-usb-a-lightning-maxlife-5w-1m-alb,https://img.gsmnet.ro/600x600/products/229750/cablu-date-incarcare-1-1761313082.png,2026-08-26 19:46:38,102
367636,6920680871865,"Cablu Date si Incarcare USB-A - USB-C XO Design NB156, 60W, 1m, Alb ",XO Design,6.99,0,https://www.gsmnet.ro/accesorii-telefoane-tablete-cabluri-adaptori/cablu-date-incarcare-usb-a-usb-c-xo-design-nb156-60w-1m-alb,https://img.gsmnet.ro/600x600/products/229751/cablu-date-incarcare-1-1761312009.png,2026-07-21 02:44:07,248
367637,5900495269386,"Incarcator Auto Cu Cablu Lightning MaXlife MXCC-04, 20W, 3A, 1 x USB-A - 1 x USB-C, Negru ",MaXlife,19.99,0,https://www.gsmnet.ro/accesorii-telefoane-tablete-incarcatoare/incarcator-auto-cu-cablu-lightning-maxlife-mxcc-04-20w-3a-1-x-usb-a-1-x-usb-c-negru,https://img.gsmnet.ro/600x600/products/229752/incarcator-auto-cu-cablu-1-1761304254.png,2026-08-28 21:46:21,98
367639,6920680880843,"Incarcator Retea XO Design CE02C, 10.5W, 2.1A, 2 x USB-A, Alb ",XO Design,12.99,0,https://www.gsmnet.ro/accesorii-telefoane-tablete-incarcatoare/incarcator-retea-xo-design-ce02c-10-5w-2-1a-2-x-usb-a-alb,https://img.gsmnet.ro/600x600/products/229754/incarcator-retea-xo-design-1-1761304622.png,2026-09-17 03:46:42,23
367641,6920680846610,"Selfie Stick Bluetooth XO Design SS13, Universal, Negru ",XO Design,27.99,0,https://www.gsmnet.ro/accesorii-telefoane-tablete-suporturi-telefoane/selfie-stick-bluetooth-xo-design-ss13-universal-negru,https://img.gsmnet.ro/600x600/products/229756/selfie-stick-bluetooth-xo-1-1761303167.png,2026-08-11 01:46:05,165
367642,5907457795044,"Smartwatch MaXlife Kids MXSW-210, Roz ",MaXlife,84.99,0,https://www.gsmnet.ro/wearables-smartwatch/smartwatch-maxlife-kids-mxsw-210-roz,https://img.gsmnet.ro/600x600/products/229757/smartwatch-maxlife-kids-mxsw-210-1-1768555464.jpeg,2026-09-17 03:46:42,23
367643,6920680860166,"Cablu Audio Lightning - 3.5mm XO Design NB-R279A, 1m, Negru ",XO Design,12.99,0,https://www.gsmnet.ro/accesorii-telefoane-tablete-cabluri-adaptori/cablu-audio-lightning-3-5mm-xo-design-nb-r279a-1m-negru,https://img.gsmnet.ro/600x600/products/229758/cablu-audio-lightning-1-1761313326.jpg,2026-08-22 01:14:09,121
367646,6975837583641,"Incarcator Retea XO Design CE35, 100W, 5A, 1 x USB-A - 2 x USB-C, Alb ",XO Design,91.99,0,https://www.gsmnet.ro/accesorii-telefoane-tablete-incarcatoare/incarcator-retea-xo-design-ce35-100w-5a-1-x-usb-a-2-x-usb-c-alb,https://img.gsmnet.ro/600x600/products/229761/incarcator-retea-xo-design-3-1761304717.png,2026-07-21 02:44:07,248
367654,5907769366444,"Hub USB-C WZK WDS03Y5S, 1 x USB-A 3.1 - 2 x USB-A - 5 x USB-C - 2 x HDMI - 1 x Jack 3.5mm - 1 x RJ45 - 1 x SD - 1 x microSD, Gri",WZK,124.99,0,https://www.gsmnet.ro/accesorii-pc-laptop-hub-uri/hub-usb-c-wzk-wds03y5s-1-x-usb-a-3-1-2-x-usb-a-5-x-usb-c-2-x-hdmi-1-x-jack-3-5mm-1-x-rj45-1-x-sd-1-x-microsd-gri,https://img.gsmnet.ro/600x600/products/229769/hub-usb-c-wzk-wds03y5s-1-1761553601.png,2026-09-11 03:23:04,47
367657,5907769381317,"Folie de protectie Ecran Privacy WZK AntiSpy pentru Samsung Galaxy S25 FE, Sticla Securizata, Full Glue, Set 2 bucati ",WZK,17.99,0,https://www.gsmnet.ro/accesorii-telefoane-tablete-folii-protectie/folie-de-protectie-ecran-privacy-wzk-antispy-pentru-samsung-galaxy-s25-fe-sticla-securizata-full-glue-set-2-bucati,https://img.gsmnet.ro/600x600/products/229772/folie-de-protectie-ecran-1-1761551309.png,2026-09-12 03:28:29,43
368399,6975837585829,"Incarcator Retea XO Design L167, 25W, 3A, 1 x USB-C, Alb ",XO Design,22.99,0,https://www.gsmnet.ro/accesorii-telefoane-tablete-incarcatoare/incarcator-retea-xo-design-l167-25w-3a-1-x-usb-c-alb,https://img.gsmnet.ro/600x600/products/230519/incarcator-retea-xo-design-1-1761304403.png,2026-08-20 01:14:27,129
368400,6975837585836,"Incarcator Retea Cu Cablu USB-C XO Design L167, 25W, 3A, 1 x USB-C, Alb ",XO Design,23.99,0,https://www.gsmnet.ro/accesorii-telefoane-tablete-incarcatoare/incarcator-retea-cu-cablu-usb-c-xo-design-l167-25w-3a-1-x-usb-c-alb,https://img.gsmnet.ro/600x600/products/230520/incarcator-retea-cu-cablu-1-1761306414.png,2026-07-21 02:44:07,248
368401,6920680857708,"Handsfree USB-C XO Design EP78, Alb ",XO Design,14.99,0,https://www.gsmnet.ro/accesorii-telefoane-tablete-casti-audio/handsfree-usb-c-xo-design-ep78-alb,https://img.gsmnet.ro/600x600/products/230521/handsfree-usb-c-xo-design-1-1761551465.png,2026-07-21 02:44:07,248
368403,6975837585119,"Suport Auto Magnetic XO Design C176, Universal, Negru ",XO Design,24.99,0,https://www.gsmnet.ro/accesorii-telefoane-tablete-suporturi-telefoane/suport-auto-magnetic-xo-design-c176-universal-negru,https://img.gsmnet.ro/600x600/products/230523/suport-auto-magnetic-xo-1-1761303592.png,2026-08-07 00:01:02,181
368404,6975837585768,"Incarcator Auto Wireless XO Design WX043, 15W, 1.67A, Negru ",XO Design,39.99,0,https://www.gsmnet.ro/accesorii-telefoane-tablete-incarcatoare/incarcator-auto-wireless-xo-design-wx043-15w-1-67a-negru,https://img.gsmnet.ro/600x600/products/230524/incarcator-auto-wireless-xo-1-1761305901.png,2026-08-20 01:14:27,129
368408,6942007641326,"Handsfree Bluetooth HOCO EQ20, TWS, ANC, MultiPoint, Alb ",HOCO,64.99,0,https://www.gsmnet.ro/wearables-audio-inclusiv-tws/handsfree-bluetooth-hoco-eq20-tws-anc-multipoint-alb,https://img.gsmnet.ro/600x600/products/230528/handsfree-bluetooth-hoco-eq20-1-1761829666.png,2026-07-17 02:41:26,264
368409,6942007645034,"Handsfree Bluetooth HOCO EW203, TWS, Alb ",HOCO,56.99,0,https://www.gsmnet.ro/wearables-audio-inclusiv-tws/handsfree-bluetooth-hoco-ew203-tws-alb,https://img.gsmnet.ro/600x600/products/230529/handsfree-bluetooth-hoco-ew203-1-1761731728.png,2026-07-17 02:41:26,264
368411,6942007609708,"Handsfree 3.5mm HOCO M112, Alb ",HOCO,6.99,0,https://www.gsmnet.ro/accesorii-telefoane-tablete-casti-audio/handsfree-3-5mm-hoco-m112-alb,https://img.gsmnet.ro/600x600/products/230531/handsfree-3-5mm-hoco-m112-1-1761823100.png,2026-09-08 03:24:25,59
368413,6941991124754,"Cablu Audio 3.5mm - 3.5mm Borofone BL25 Nice, 1m, Negru ",Borofone,6.99,0,https://www.gsmnet.ro/accesorii-telefoane-tablete-cabluri-adaptori/cablu-audio-3-5mm-3-5mm-borofone-bl25-nice-1m-negru,https://img.gsmnet.ro/600x600/products/230533/cablu-audio-3-5mm-1-1761827793.jpg,2026-08-27 21:52:51,100
368416,6941991125614,"Boxa Portabila Bluetooth Borofone BR100 Joy, 2 x 5W, TWS, Neagra ",Borofone,52.99,0,https://www.gsmnet.ro/gadgeturi-boxe-bluetooth/boxa-portabila-bluetooth-borofone-br100-joy-2-x-5w-tws-neagra,https://img.gsmnet.ro/600x600/products/230536/boxa-portabila-bluetooth-borofone-1-1761828126.jpg,2026-07-25 02:41:22,232
368800,6920680858057,"Suport XO Design SS16+ Face Tracking 360, Universal, Negru ",XO Design,109.99,0,https://www.gsmnet.ro/accesorii-telefoane-tablete-suporturi-telefoane/suport-xo-design-ss16-plus-face-tracking-360-universal-negru,https://img.gsmnet.ro/600x600/products/230920/gimbal-stabilizator-xo-design-1-1761730890.jpeg,2026-07-21 02:44:07,248
368843,5904643069057,"Husa pentru Oppo Reno14 F / Reno14, OEM, Marva Wallet, Rosie ",OEM,25.99,0,https://www.gsmnet.ro/accesorii-telefoane-tablete-huse/husa-pentru-oppo-reno14-f-reno14-oem-marva-wallet-rosie,https://img.gsmnet.ro/600x600/products/230963/husa-pentru-oppo-reno14-1-1761922663.jpg,2026-08-26 19:46:38,102
368849,5904643068012,"Husa pentru Xiaomi Redmi 15C 5G / 15C 4G, OEM, Marva Wallet, Verde ",OEM,25.99,0,https://www.gsmnet.ro/accesorii-telefoane-tablete-huse/husa-pentru-xiaomi-redmi-15c-5g-15c-4g-oem-marva-wallet-verde,https://img.gsmnet.ro/600x600/products/230969/husa-pentru-xiaomi-redmi-1-1761902113.jpg,2026-08-26 19:46:38,102
368850,5904643068029,"Husa pentru Xiaomi Redmi 15C 5G / 15C 4G, OEM, Marva Wallet, Rosie ",OEM,25.99,0,https://www.gsmnet.ro/accesorii-telefoane-tablete-huse/husa-pentru-xiaomi-redmi-15c-5g-15c-4g-oem-marva-wallet-rosie,https://img.gsmnet.ro/600x600/products/230970/husa-pentru-xiaomi-redmi-1-1761902082.jpg,2026-08-26 19:46:38,102
368851,5904643067763,"Husa pentru Xiaomi Redmi 15 5G, OEM, Tint, Neagra ",OEM,14.99,0,https://www.gsmnet.ro/accesorii-telefoane-tablete-huse/husa-pentru-xiaomi-redmi-15-5g-oem-tint-neagra,https://img.gsmnet.ro/600x600/products/230971/husa-pentru-xiaomi-redmi-1-1761901705.jpg,2026-08-26 19:46:38,102
368867,6942007637589,"Suport Auto Magnetic HOCO H58, 4.5inch - 7inch, Negru ",HOCO,25.99,0,https://www.gsmnet.ro/accesorii-telefoane-tablete-suporturi-telefoane/suport-auto-magnetic-hoco-h58-4-5inch-7inch-negru,https://img.gsmnet.ro/600x600/products/230987/suport-auto-magnetic-hoco-1-1761921260.jpg,2026-07-17 02:41:26,264
368878,6942007620505,"Cititor Card USB 3.0 HOCO HB45, SD - microSD, Gri ",HOCO,18.99,0,https://www.gsmnet.ro/accesorii-pc-laptop-accesorii-usb/cititor-card-usb-3-0-hoco-hb45-sd-microsd-gri,https://img.gsmnet.ro/600x600/products/230998/cititor-card-usb-3-0-1-1761906313.png,2026-07-17 02:41:26,264
368879,6942007618847,"Boxa Portabila Bluetooth HOCO HC25, 2 x 10W, TWS, Neagra ",HOCO,84.99,0,https://www.gsmnet.ro/gadgeturi-boxe-bluetooth/boxa-portabila-bluetooth-hoco-hc25-2-x-10w-tws-neagra,https://img.gsmnet.ro/600x600/products/230999/boxa-portabila-bluetooth-hoco-1-1761904408.png,2026-07-29 02:40:35,216
368883,660982742352,Display cu Touchscreen MP compatibil cu Oppo Reno10 Pro ,MP,69.99,0,https://www.gsmnet.ro/piese-componente-display-cu-touchscreen/display-cu-touchscreen-mp-compatibil-cu-oppo-reno10-pro,https://img.gsmnet.ro/600x600/products/231002/display-cu-touchscreen-mp-1-1764169608.jpg,2026-09-15 03:44:46,31
368927,194644108618,"Handsfree Bluetooth Anker SoundCore Liberty 4, TWS, ANC, Alb A3953G21",Anker,592.99,0,https://www.gsmnet.ro/wearables-audio-inclusiv-tws/handsfree-bluetooth-anker-soundcore-liberty-4-tws-anc-alb-a3953g21,https://img.gsmnet.ro/600x600/products/231045/handsfree-bluetooth-anker-soundcore-liberty-4-tws-anc-alb-a3953g21-1761687996559.jpg,2026-08-26 01:18:58,105
368928,194644113568,"Handsfree Bluetooth Anker SoundCore Liberty 4, TWS, ANC, Albastru A3953G31",Anker,592.99,0,https://www.gsmnet.ro/wearables-audio-inclusiv-tws/handsfree-bluetooth-anker-soundcore-liberty-4-tws-anc-albastru-a3953g31,https://img.gsmnet.ro/600x600/products/231046/handsfree-bluetooth-anker-soundcore-liberty-4-tws-anc-albastru-a3953g31-1761688000654.jpg,2026-08-26 01:18:58,105
369051,6931474769473,"Cablu Audio Lightning - 3.5mm HOCO UPA22, 1m, Negru ",HOCO,11.99,0,https://www.gsmnet.ro/accesorii-telefoane-tablete-cabluri-adaptori/cablu-audio-lightning-3-5mm-hoco-upa22-1m-negru,https://img.gsmnet.ro/600x600/products/231169/cablu-audio-lightning-1-1761902574.png,2026-07-28 02:34:33,220
369077,6942007647977,"Router Wireless HOCO HI40, LTE(4G), Alb ",HOCO,65.99,0,https://www.gsmnet.ro/accesorii-pc-laptop-retea/router-wireless-hoco-hi40-lte-4g-alb,https://img.gsmnet.ro/600x600/products/231195/router-wireless-hoco-hi40-1-1761921657.png,2026-07-17 02:41:26,264
369078,660982742307,"Display cu Touchscreen MP compatibil cu Samsung Galaxy S23+ S916, cu Rama, Negru ",MP,199.99,0,https://www.gsmnet.ro/piese-componente-display-cu-touchscreen/display-cu-touchscreen-mp-compatibil-cu-samsung-galaxy-s23-plus-s916-cu-rama-negru,https://img.gsmnet.ro/600x600/products/231196/display-cu-touchscreen-mp-1-1762958912.jpg,2026-09-10 03:25:56,51
369161,6942007663878,"Suport Auto Magnetic HOCO H93, Universal, Negru ",HOCO,34.99,0,https://www.gsmnet.ro/accesorii-telefoane-tablete-suporturi-telefoane/suport-auto-magnetic-hoco-h93-universal-negru,https://img.gsmnet.ro/600x600/products/231279/suport-auto-magnetic-hoco-1-1762419743.png,2026-07-21 02:44:07,248
369262,194644286996,"Cititor Card USB-C Anker MagGo pentru Apple iPhone USB-C, SD - microSD, Alb A83D1G21",Anker,124.99,0,https://www.gsmnet.ro/accesorii-pc-laptop-accesorii-usb/cititor-card-usb-c-anker-maggo-pentru-apple-iphone-usb-c-sd-microsd-alb-a83d1g21,https://img.gsmnet.ro/600x600/products/231380/cititor-card-usb-c-anker-1-1768987403.png,2026-08-26 01:18:58,105
369698,660982742178,"Capac Baterie Xiaomi Redmi 13, Albastru (Ocean Blue), Service Pack 5600020N19E00 ",Xiaomi,52.99,0,https://www.gsmnet.ro/piese-componente-capace-baterie/capac-baterie-xiaomi-redmi-13-albastru-ocean-blue-service-pack-5600020n19e00,https://img.gsmnet.ro/600x600/products/231816/capac-baterie-xiaomi-redmi-1-1763566831.jpg,2026-07-28 02:34:33,220
369709,660982742079,"Carcasa Mijloc Xiaomi Redmi 13C NFC, Albastra (Dusty Blue), Service Pack 560002C3UP00 ",Xiaomi,24.99,0,https://www.gsmnet.ro/piese-componente-componente-carcasa/carcasa-mijloc-xiaomi-redmi-13c-nfc-albastra-dusty-blue-service-pack-560002c3up00,https://img.gsmnet.ro/600x600/products/231835/carcasa-mijloc-xiaomi-redmi-1-1763739328.jpg,2026-09-10 03:25:56,51
369725,6932172682682,"Handsfree Bluetooth Baseus Bowie 30 Max, A2DP, ANC, Negru A00075500113-00 ",Baseus,149.99,0,https://www.gsmnet.ro/accesorii-telefoane-tablete-casti-audio/handsfree-bluetooth-baseus-bowie-30-max-a2dp-anc-negru-a00075500113-00,https://img.gsmnet.ro/600x600/products/231851/handsfree-bluetooth-baseus-bowie-1-1763386849.png,2026-07-24 02:42:58,236
369733,3126170173393,"Memorie Externa USB-A 3.2 Emtec B120 Click Secure, 128Gb ECMMD128GB123 ",Emtec,73.99,0,https://www.gsmnet.ro/accesorii-telefoane-tablete-carduri-memorii-usb/memorie-externa-usb-a-3-2-emtec-b120-click-secure-128gb-ecmmd128gb123,https://img.gsmnet.ro/600x600/products/231859/memorie-externa-usb-a-3-2-1-1763388848.jpg,2026-08-19 01:15:12,133
369736,3126170182487,"Memorie Externa USB-C Emtec C280 Single, 128Gb ECMMD128GC2 ",Emtec,54.99,0,https://www.gsmnet.ro/accesorii-telefoane-tablete-carduri-memorii-usb/memorie-externa-usb-c-emtec-c280-single-128gb-ecmmd128gc2,https://img.gsmnet.ro/600x600/products/231862/memorie-externa-usb-c-emtec-1-1763385126.png,2026-07-31 02:51:30,208
369755,660982742000,"Carcasa Mijloc Xiaomi Redmi 13C NFC, Albastra, Service Pack 560001C3UN00 ",Xiaomi,24.99,0,https://www.gsmnet.ro/piese-componente-componente-carcasa/carcasa-mijloc-xiaomi-redmi-13c-nfc-albastra-service-pack-560001c3un00,https://img.gsmnet.ro/600x600/products/231881/carcasa-mijloc-xiaomi-redmi-1-1763985590.jpg,2026-07-28 02:34:33,220
369865,3800165052589,"Handsfree Lightning XO Design EP3, Alb ",XO Design,47.99,0,https://www.gsmnet.ro/accesorii-telefoane-tablete-casti-audio/handsfree-lightning-xo-design-ep3-alb,https://img.gsmnet.ro/600x600/products/231889/handsfree-lightning-xo-design-1-1762868654.png,2026-07-21 02:44:07,248
369867,6920680852758,"Handsfree 3.5mm XO Design S6, Negru ",XO Design,7.99,0,https://www.gsmnet.ro/accesorii-telefoane-tablete-casti-audio/handsfree-3-5mm-xo-design-s6-negru,https://img.gsmnet.ro/600x600/products/231891/handsfree-3-5mm-xo-design-1-1762868474.jpg,2026-08-22 01:14:09,121
369868,6920680880768,"Adaptor Audio si Video Lightning - HDMI / Lightning XO Design HUB005, Alb ",XO Design,64.99,0,https://www.gsmnet.ro/accesorii-telefoane-tablete-cabluri-adaptori/adaptor-audio-video-lightning-hdmi-lightning-xo-design-hub005-alb,https://img.gsmnet.ro/600x600/products/231892/adaptor-audio-video-1-1762868388.png,2026-08-06 02:35:29,184
369871,6920680851454,"Baterie Externa Wireless XO Design PR231, 10000mAh, 20W, PD + FQI, 1 x QI - 1 x USB-C, Neagra ",XO Design,79.99,0,https://www.gsmnet.ro/accesorii-telefoane-tablete-baterii-externe/baterie-externa-wireless-xo-design-pr231-10000mah-20w-pd-plus-fqi-1-x-qi-1-x-usb-c-neagra,https://img.gsmnet.ro/600x600/products/231895/baterie-externa-wireless-xo-1-1762868180.jpeg,2026-08-01 02:50:04,204
369872,6920680857807,"Baterie Externa XO Design PR248, 10000mAh, 22.5W, QC + PD, 1 x Lightning - 1 x USB-A - 2 x USB-C, Alba",XO Design,58.99,0,https://www.gsmnet.ro/accesorii-telefoane-tablete-baterii-externe/baterie-externa-xo-design-pr248-10000mah-22-5w-qc-plus-pd-1-x-lightning-1-x-usb-a-2-x-usb-c-alba,https://img.gsmnet.ro/600x600/products/231896/baterie-externa-xo-design-1-1762868106.jpg,2026-08-11 01:46:05,165
369873,6920680856930,"Cablu Video XO Design GB017A, HDMI - HDMI, 4K, 3m, Negru ",XO Design,21.99,0,https://www.gsmnet.ro/accesorii-pc-laptop-accesorii-audio-video/cablu-video-xo-design-gb017a-hdmi-hdmi-4k-3m-negru,https://img.gsmnet.ro/600x600/products/231897/cablu-video-xo-design-1-1762867879.png,2026-08-11 01:46:05,165
369874,6920680856947,"Cablu Video XO Design GB017B, HDMI - HDMI, 4K, 5m, Negru ",XO Design,19.99,0,https://www.gsmnet.ro/accesorii-pc-laptop-accesorii-audio-video/cablu-video-xo-design-gb017b-hdmi-hdmi-4k-5m-negru,https://img.gsmnet.ro/600x600/products/231898/cablu-video-xo-design-1-1762867802.png,2026-07-17 02:41:26,264
369875,6920680856954,"Cablu Video XO Design GB018A, DisplayPort - DisplayPort, 4K, 3m, Negru ",XO Design,27.99,0,https://www.gsmnet.ro/accesorii-pc-laptop-accesorii-audio-video/cablu-video-xo-design-gb018a-displayport-displayport-4k-3m-negru,https://img.gsmnet.ro/600x600/products/231899/cablu-video-xo-design-1-1762867409.png,2026-08-11 01:46:05,165
369877,6920680859085,"Boxa Portabila Bluetooth XO Design F56, 5W, Neagra ",XO Design,39.99,0,https://www.gsmnet.ro/gadgeturi-boxe-bluetooth/boxa-portabila-bluetooth-xo-design-f56-5w-neagra,https://img.gsmnet.ro/600x600/products/231901/boxa-portabila-bluetooth-xo-1-1762866465.jpeg,2026-07-17 02:41:26,264
369879,6975837586406,"Suport Auto Magnetic XO Design C181 Cat Head, Universal, Negru ",XO Design,25.99,0,https://www.gsmnet.ro/accesorii-telefoane-tablete-suporturi-telefoane/suport-auto-magnetic-xo-design-c181-cat-head-universal-negru,https://img.gsmnet.ro/600x600/products/231903/suport-auto-magnetic-xo-1-1762866143.png,2026-08-12 01:58:19,161
369882,6976625333868,"Incarcator Retea Dudao A65Q Travel, 65W, 3.25A, 1 x USB-A - 1 x USB-C, Negru ",Dudao,59.99,0,https://www.gsmnet.ro/accesorii-telefoane-tablete-incarcatoare/incarcator-retea-dudao-a65q-travel-65w-3-25a-1-x-usb-a-1-x-usb-c-negru,https://img.gsmnet.ro/600x600/products/231906/incarcator-retea-dudao-a65q-1-1762949726.png,2026-08-26 19:46:38,102
369891,5904643067350,"Husa pentru Apple iPhone 17, OEM, Carbon Enviro, Neagra ",OEM,24.99,0,https://www.gsmnet.ro/accesorii-telefoane-tablete-huse/husa-pentru-apple-iphone-17-oem-carbon-enviro-neagra,https://img.gsmnet.ro/600x600/products/231915/husa-pentru-apple-iphone-1-1763386524.jpg,2026-08-26 19:46:38,102
369893,5904643067367,"Husa pentru Apple iPhone 17 Pro, OEM, Carbon Enviro, Neagra ",OEM,24.99,0,https://www.gsmnet.ro/accesorii-telefoane-tablete-huse/husa-pentru-apple-iphone-17-pro-oem-carbon-enviro-neagra,https://img.gsmnet.ro/600x600/products/231917/husa-pentru-apple-iphone-1-1763386587.jpg,2026-08-12 01:58:19,161
369894,5904643067374,"Husa pentru Apple iPhone 17 Pro Max, OEM, Carbon Enviro, Neagra ",OEM,24.99,0,https://www.gsmnet.ro/accesorii-telefoane-tablete-huse/husa-pentru-apple-iphone-17-pro-max-oem-carbon-enviro-neagra,https://img.gsmnet.ro/600x600/products/231918/husa-pentru-apple-iphone-1-1763386608.jpg,2026-08-12 01:58:19,161
369908,6956116704308,"Baterie Externa Joyroom JR-PBF18, 10000mAh, 22.5W, QC + PD, 1 x Lightning - 1 x USB-A - 1 x USB-C, Neagra ",Joyroom,82.99,0,https://www.gsmnet.ro/accesorii-telefoane-tablete-baterii-externe/baterie-externa-joyroom-jr-pbf18-10000mah-22-5w-qc-plus-pd-1-x-lightning-1-x-usb-a-1-x-usb-c-neagra,https://img.gsmnet.ro/600x600/products/231932/baterie-externa-joyroom-jr-pbf18-1-1763377877.png,2026-08-13 02:00:15,157
369909,6956116727703,"Suport Inel Joyroom JR-ZS418, Universal, Negru",Joyroom,54.99,0,https://www.gsmnet.ro/accesorii-telefoane-tablete-suporturi-telefoane/suport-inel-joyroom-jr-zs418-universal-negru,https://img.gsmnet.ro/600x600/products/231933/suport-inel-cu-magsafe-1-1763377494.png,2026-08-25 01:16:01,109
369911,6942007664431,"Cablu Date si Incarcare USB-A - USB-C HOCO X124, 18W, 1m, Alb ",HOCO,7.99,0,https://www.gsmnet.ro/accesorii-telefoane-tablete-cabluri-adaptori/cablu-date-incarcare-usb-a-usb-c-hoco-x124-18w-1m-alb,https://img.gsmnet.ro/600x600/products/231935/cablu-date-incarcare-1-1763045213.png,2026-09-15 03:44:46,31
369924,6942007668668,"Cablu Date si Incarcare USB-C - Lightning HOCO Display U148, 27W, 1.2m, Negru ",HOCO,16.99,0,https://www.gsmnet.ro/accesorii-telefoane-tablete-cabluri-adaptori/cablu-date-incarcare-usb-c-lightning-hoco-display-u148-27w-1-2m-negru,https://img.gsmnet.ro/600x600/products/231948/cablu-date-incarcare-1-1763043590.png,2026-09-15 03:44:46,31
369925,6942007644723,"Incarcator Auto Cu Cablu Lightning HOCO NZ16, 30W, 3A, 1 x USB-C, Gri ",HOCO,19.99,0,https://www.gsmnet.ro/accesorii-telefoane-tablete-incarcatoare/incarcator-auto-cu-cablu-lightning-hoco-nz16-30w-3a-1-x-usb-c-gri,https://img.gsmnet.ro/600x600/products/231949/incarcator-auto-cu-cablu-1-1763043371.png,2026-08-06 02:35:29,184
369930,6956116782252,"Suport Inel Joyroom JR-ZS500, Universal, Alb",Joyroom,39.99,0,https://www.gsmnet.ro/accesorii-telefoane-tablete-suporturi-telefoane/suport-inel-joyroom-jr-zs500-universal-alb,https://img.gsmnet.ro/600x600/products/231954/suport-inel-cu-magsafe-1-1763376065.png,2026-09-08 03:24:25,59
369964,6942007663694,"Boxa Portabila Bluetooth HOCO HC32, 2 x 10W, TWS, RGB, Bleumarin ",HOCO,83.99,0,https://www.gsmnet.ro/gadgeturi-boxe-bluetooth/boxa-portabila-bluetooth-hoco-hc32-2-x-10w-tws-rgb-bleumarin,https://img.gsmnet.ro/600x600/products/231990/boxa-portabila-bluetooth-hoco-2-1763039952.png,2026-07-18 02:32:25,260
369989,660982744479,"Suport Conector Incarcare Google Pixel 8, Service Pack G853-01546-00 ",Google,2.99,0,https://www.gsmnet.ro/piese-componente-componente-carcasa/suport-conector-incarcare-google-pixel-8-service-pack-g853-01546-00,https://img.gsmnet.ro/600x600/products/232015/suport-conector-incarcare-google-1-1765874811.jpg,2026-09-01 03:55:36,87
370106,5906302332274,"Handsfree Bluetooth Tech-Protect Ultraboost Pro G2, TWS, Alb ",Tech-Protect,53.99,0,https://www.gsmnet.ro/wearables-audio-inclusiv-tws/handsfree-bluetooth-tech-protect-ultraboost-pro-g2-tws-alb,https://img.gsmnet.ro/600x600/products/232131/handsfree-bluetooth-tech-protect-ultraboost-1-1763551488.jpg,2026-08-26 19:46:38,102
370552,5907457736467,"Ceas Digital Forever Pure FNL-03 Bjorn, Alb ",Forever,61.99,0,https://www.gsmnet.ro/gadgeturi-utile/ceas-digital-forever-pure-fnl-03-bjorn-alb,https://img.gsmnet.ro/600x600/products/232581/ceas-cu-alarma-forever-1-1763728368.jpg,2026-08-20 01:14:27,129
370553,5907457736498,"Ceas Digital Forever Pure FNL-06 Aurora, Alb ",Forever,60.99,0,https://www.gsmnet.ro/gadgeturi-utile/ceas-digital-forever-pure-fnl-06-aurora-alb,https://img.gsmnet.ro/600x600/products/232582/ceas-cu-alarma-forever-1-1763729912.jpg,2026-08-26 19:46:38,102
370556,5902270790290,"Cablu Video LTC Gold, HDMI - HDMI, 8K, 2m, Negru ",LTC,29.99,0,https://www.gsmnet.ro/accesorii-pc-laptop-accesorii-audio-video/cablu-video-ltc-gold-hdmi-hdmi-8k-2m-negru,https://img.gsmnet.ro/600x600/products/232585/cablu-video-ltc-gold-1-1763736307.jpg,2026-08-26 19:46:38,102
370563,6920680856619,"Incarcator Auto Wireless XO Design WX041 Vent, 15W, 1.67A, Negru ",XO Design,39.99,0,https://www.gsmnet.ro/accesorii-telefoane-tablete-incarcatoare/incarcator-auto-wireless-xo-design-wx041-vent-15w-1-67a-negru,https://img.gsmnet.ro/600x600/products/232592/incarcator-auto-wireless-xo-1-1763996276.jpg,2026-07-29 02:40:35,216
370564,6920680860418,"Cablu Date si Incarcare USB-C - USB-C XO Design NB-Q282B, 60W, 1m, Negru ",XO Design,10.99,0,https://www.gsmnet.ro/accesorii-telefoane-tablete-cabluri-adaptori/cablu-date-incarcare-usb-c-usb-c-xo-design-nb-q282b-60w-1m-negru,https://img.gsmnet.ro/600x600/products/232593/cablu-date-incarcare-1-1763972893.jpg,2026-07-17 02:41:26,264
370565,6920680860425,"Cablu Date si Incarcare USB-C - USB-C XO Design NB-Q282B, 60W, 1m, Alb ",XO Design,9.99,0,https://www.gsmnet.ro/accesorii-telefoane-tablete-cabluri-adaptori/cablu-date-incarcare-usb-c-usb-c-xo-design-nb-q282b-60w-1m-alb,https://img.gsmnet.ro/600x600/products/232594/cablu-date-incarcare-1-1763972427.jpg,2026-07-17 02:41:26,264
370567,6975837583689,"Suport Auto XO Design C171, 4.7inch - 7.6inch, Negru ",XO Design,14.99,0,https://www.gsmnet.ro/accesorii-telefoane-tablete-suporturi-telefoane/suport-auto-xo-design-c171-4-7inch-7-6inch-negru,https://img.gsmnet.ro/600x600/products/232596/suport-auto-xo-design-1-1763733195.jpg,2026-07-29 02:40:35,216
370633,6941812774717,"Baterie Externa Xiaomi PB1033MI, 10000mAh, 33W, QC + PD, 1 x USB-A - 2 x USB-C, Bleumarin BHR9341GL ",Xiaomi,102.99,0,https://www.gsmnet.ro/accesorii-telefoane-tablete-baterii-externe/baterie-externa-xiaomi-pb1033mi-10000mah-33w-qc-plus-pd-1-x-usb-a-2-x-usb-c-bleumarin-bhr9341gl,https://img.gsmnet.ro/600x600/products/232662/baterie-externa-xiaomi-pb1033mi-1-1764947998.jpg,2026-07-31 02:51:30,208
370693,5907504598727,"Husa pentru Apple iPhone 15 Pro, OEM, Ultra Trendy 3D Christmas, Neagra ",OEM,6.99,0,https://www.gsmnet.ro/accesorii-telefoane-tablete-huse/husa-pentru-apple-iphone-15-pro-oem-ultra-trendy-3d-christmas-neagra,https://img.gsmnet.ro/600x600/products/232722/husa-pentru-apple-iphone-1-1764939844.jpg,2026-07-21 02:44:07,248
370726,6932172640927,"Baterie Externa Baseus Adaman, 24000mAh, 140W, QC + PD, 1 x USB-C - 2 x USB-A, Neagra P10021508113-00 ",Baseus,269.99,0,https://www.gsmnet.ro/accesorii-telefoane-tablete-baterii-externe/baterie-externa-baseus-adaman-24000mah-140w-qc-plus-pd-1-x-usb-c-2-x-usb-a-neagra-p10021508113-00,https://img.gsmnet.ro/600x600/products/232755/baterie-externa-baseus-adaman-1-1764857937.jpg,2026-08-13 02:00:15,157
370918,6932172679330,"Baterie Externa Baseus Lipow, 10000mAh, 22.5W, QC + PD, 1 x Lightning - 1 x USB-A - 2 x USB-C, Neagra P10079101123-00 ",Baseus,79.99,0,https://www.gsmnet.ro/accesorii-telefoane-tablete-baterii-externe/baterie-externa-baseus-lipow-10000mah-22-5w-qc-plus-pd-1-x-lightning-1-x-usb-a-2-x-usb-c-neagra-p10079101123-00,https://img.gsmnet.ro/600x600/products/232947/baterie-externa-baseus-lipow-1-1764859640.png,2026-08-13 02:00:15,157
370919,6932172628321,"Baterie Externa Baseus Adaman2, 10000mAh, 30W, QC + PD, 1 x USB-C - 2 x USB-A, Alba PPAD080002 ",Baseus,92.99,0,https://www.gsmnet.ro/accesorii-telefoane-tablete-baterii-externe/baterie-externa-baseus-adaman2-10000mah-30w-qc-plus-pd-1-x-usb-c-2-x-usb-a-alba-ppad080002,https://img.gsmnet.ro/600x600/products/232948/baterie-externa-baseus-adaman2-1-1764858417.png,2026-08-13 02:00:15,157
370922,6942007647755,"Cablu Led HOCO UA38C, USB-C / USB-A, 0.3m, Negru",HOCO,12.99,0,https://www.gsmnet.ro/gadgeturi-utile/cablu-led-hoco-ua38c-usb-c-usb-a-0-3m-negru,https://img.gsmnet.ro/600x600/products/232951/cablu-usb-c-usb-a-1-1764924474.jpg,2026-09-11 03:23:04,47
370923,6942007647762,"Cablu Led HOCO UA38C, USB-C / USB-A, 0.3m, Auriu",HOCO,9.99,0,https://www.gsmnet.ro/gadgeturi-utile/cablu-led-hoco-ua38c-usb-c-usb-a-0-3m-auriu,https://img.gsmnet.ro/600x600/products/232952/cablu-usb-c-usb-a-1-1764924217.jpg,2026-08-05 02:33:14,188
370925,6942007647748,"Bricheta Electrica HOCO UA38B, USB-C / USB-A, 0.3m, Auriu",HOCO,12.99,0,https://www.gsmnet.ro/gadgeturi-utile/bricheta-electrica-hoco-ua38b-usb-c-usb-a-0-3m-auriu,https://img.gsmnet.ro/600x600/products/232954/cablu-usb-c-usb-a-1-1764924084.jpg,2026-09-11 03:23:04,47
370926,6942007632256,"Cablu Date si Incarcare USB-C - USB-C HOCO X108, 60W, 1m, Negru ",HOCO,8.99,0,https://www.gsmnet.ro/accesorii-telefoane-tablete-cabluri-adaptori/cablu-date-incarcare-usb-c-usb-c-hoco-x108-60w-1m-negru,https://img.gsmnet.ro/600x600/products/232955/cablu-date-incarcare-1-1764923976.jpg,2026-07-28 02:34:33,220
370936,6942007663588,"Cablu Incarcare USB-C - Lightning / USB-C HOCO X123, 10W, 1m, Negru ",HOCO,23.99,0,https://www.gsmnet.ro/accesorii-telefoane-tablete-cabluri-adaptori/cablu-incarcare-usb-c-lightning-usb-c-hoco-x123-10w-1m-negru,https://img.gsmnet.ro/600x600/products/232965/cablu-date-incarcare-5-1764923153.jpg,2026-09-01 03:55:36,87
370939,740617332841,"Memorie RAM Kingston ValueRAM, DDR5, 8GB, 5600Mhz KVR56U46BS6-8 ",Kingston,605.99,0,https://www.gsmnet.ro/accesorii-pc-laptop-memorii-ram/memorie-ram-kingston-valueram-ddr5-8gb-5600mhz-kvr56u46bs6-8,https://img.gsmnet.ro/600x600/products/232968/memorie-ram-kingston-valueram-1-1764937537.jpg,2026-09-11 03:23:04,47
370954,660982743557,"Display cu Touchscreen MP compatibil cu Apple iPhone 13 Pro, cu Rama, Versiune OLED FHD Diagnostic, Negru ",MP,349.99,0,https://www.gsmnet.ro/piese-componente-display-cu-touchscreen/display-cu-touchscreen-mp-compatibil-cu-apple-iphone-13-pro-cu-rama-versiune-oled-fhd-diagnostic-negru,https://img.gsmnet.ro/600x600/products/232983/display-cu-touchscreen-mp-3-1778851163.png,2026-08-18 01:13:45,137
370978,6956116771089,"Cablu Date si Incarcare USB-A - USB-C Joyroom S-A55 StarFlight Display, 66W, 1.2m, Negru ",Joyroom,23.99,0,https://www.gsmnet.ro/accesorii-telefoane-tablete-cabluri-adaptori/cablu-date-incarcare-usb-a-usb-c-joyroom-s-a55-starflight-display-66w-1-2m-negru,https://img.gsmnet.ro/600x600/products/233007/cablu-date-incarcare-1-1764932162.png,2026-08-13 02:00:15,157
370982,810037291261,"Mediaplayer Google TV Streamer, Wi-Fi, 4K",Google,526.99,0,https://www.gsmnet.ro/gadgeturi-smart-home/mediaplayer-google-tv-streamer-wi-fi-4k,https://img.gsmnet.ro/600x600/products/233011/mediaplayer-google-tv-streamer-1-1772538630.jpg,2026-08-01 02:50:04,204
370995,660982752139,"Suport SIM - Card Samsung Galaxy A34 A346, Dual SIM, Negru ",Aftermarket,4.99,0,https://www.gsmnet.ro/piese-componente-componente-carcasa/suport-sim-card-samsung-galaxy-a34-a346-dual-sim-negru,https://img.gsmnet.ro/600x600/products/233024/suport-sim-card-1-1765291257.jpg,2026-07-29 02:40:35,216
370998,740617332827,"Memorie RAM Kingston, DDR5, 16GB, 5600Mhz KVR56U46BS8-16 ",Kingston,1120.99,0,https://www.gsmnet.ro/accesorii-pc-laptop-memorii-ram/memorie-ram-kingston-ddr5-16gb-5600mhz-kvr56u46bs8-16,https://img.gsmnet.ro/600x600/products/233027/memorie-ram-kingston-ddr5-1-1764937622.jpg,2026-07-17 02:41:26,264
371249,6956116791605,"Handsfree Bluetooth Joyroom Funpods JR-FN3, TWS, ANC, Negru ",Joyroom,69.99,0,https://www.gsmnet.ro/wearables-audio-inclusiv-tws/handsfree-bluetooth-joyroom-funpods-jr-fn3-tws-anc-negru,https://img.gsmnet.ro/600x600/products/233278/handsfree-bluetooth-joyroom-funpods-1-1765187468.png,2026-08-28 21:46:21,98
371407,194644040840,"Cablu Date si Incarcare USB-C - USB-C Anker, 240W, 0.9m, Alb A82E2H21",Anker,59.99,0,https://www.gsmnet.ro/accesorii-telefoane-tablete-cabluri-adaptori/cablu-date-incarcare-usb-c-usb-c-anker-240w-0-9m-alb-a82e2h21,https://img.gsmnet.ro/600x600/products/233436/cablu-date-incarcare-1-1770036270.jpg,2026-08-26 01:18:58,105
371426,5904643070282,"Husa pentru Motorola Moto G06 Power, OEM, Marva Wallet, Albastra ",OEM,25.99,0,https://www.gsmnet.ro/accesorii-telefoane-tablete-huse/husa-pentru-motorola-moto-g06-power-oem-marva-wallet-albastra,https://img.gsmnet.ro/600x600/products/233455/husa-pentru-motorola-moto-1-1765195915.jpg,2026-08-12 01:58:19,161
371428,5906302335725,"Folie de protectie Ecran Tech-Protect pentru Apple iPhone 17 Pro / 17 / 16 Pro, Sticla Securizata, Full Glue, Set 10 bucati",Tech-Protect,62.99,0,https://www.gsmnet.ro/accesorii-telefoane-tablete-folii-protectie/folie-de-protectie-ecran-tech-protect-pentru-apple-iphone-17-pro-17-16-pro-sticla-securizata-full-glue-set-10-bucati,https://img.gsmnet.ro/600x600/products/233457/folie-de-protectie-ecran-1-1765461949.jpg,2026-07-23 02:47:09,240
371430,5906302335749,"Folie de protectie Ecran Tech-Protect pentru Apple iPhone 17e / 16e / 14 / 13 Pro, Sticla Securizata, Full Glue, Set 10 bucati",Tech-Protect,64.99,0,https://www.gsmnet.ro/accesorii-telefoane-tablete-folii-protectie/folie-de-protectie-ecran-tech-protect-pentru-apple-iphone-17e-16e-14-13-pro-sticla-securizata-full-glue-set-10-bucati,https://img.gsmnet.ro/600x600/products/233459/folie-de-protectie-ecran-1-1765461878.jpg,2026-07-23 02:47:09,240
371434,5906302334438,"Husa MagSafe pentru Apple iPhone 17 Pro Max, Tech-Protect, Lamano Aura, Verde ",Tech-Protect,34.99,0,https://www.gsmnet.ro/accesorii-telefoane-tablete-huse/husa-magsafe-pentru-apple-iphone-17-pro-max-tech-protect-lamano-aura-verde,https://img.gsmnet.ro/600x600/products/233463/husa-magsafe-pentru-apple-1-1765459562.jpg,2026-08-05 02:33:14,188
371437,5906302330423,"Husa MagSafe pentru Apple iPhone 17 Air, Tech-Protect, Maghybrid, Neagra ",Tech-Protect,31.99,0,https://www.gsmnet.ro/accesorii-telefoane-tablete-huse/husa-magsafe-pentru-apple-iphone-17-air-tech-protect-maghybrid-neagra,https://img.gsmnet.ro/600x600/products/233466/husa-magsafe-pentru-apple-1-1765457968.jpg,2026-09-08 03:24:25,59
371439,5906302330430,"Husa MagSafe pentru Apple iPhone 17 Pro, Tech-Protect, Maghybrid, Neagra ",Tech-Protect,34.99,0,https://www.gsmnet.ro/accesorii-telefoane-tablete-huse/husa-magsafe-pentru-apple-iphone-17-pro-tech-protect-maghybrid-neagra,https://img.gsmnet.ro/600x600/products/233468/husa-magsafe-pentru-apple-1-1765458139.jpg,2026-07-28 02:34:33,220
371441,5906302333868,"Husa MagSafe pentru Apple iPhone 17 Pro, Tech-Protect, Silicone, Portocalie ",Tech-Protect,32.99,0,https://www.gsmnet.ro/accesorii-telefoane-tablete-huse/husa-magsafe-pentru-apple-iphone-17-pro-tech-protect-silicone-portocalie,https://img.gsmnet.ro/600x600/products/233470/husa-magsafe-pentru-apple-1-1765459043.jpg,2026-09-11 03:23:04,47
371442,5906302333882,"Husa MagSafe pentru Apple iPhone 17 Pro Max, Tech-Protect, Silicone, Portocalie ",Tech-Protect,33.99,0,https://www.gsmnet.ro/accesorii-telefoane-tablete-huse/husa-magsafe-pentru-apple-iphone-17-pro-max-tech-protect-silicone-portocalie,https://img.gsmnet.ro/600x600/products/233471/husa-magsafe-pentru-apple-1-1765461818.jpg,2026-09-08 03:24:25,59
371443,5906302330164,"Husa MagSafe pentru Apple iPhone 17 Pro Max, Tech-Protect, Silicone, Neagra ",Tech-Protect,35.99,0,https://www.gsmnet.ro/accesorii-telefoane-tablete-huse/husa-magsafe-pentru-apple-iphone-17-pro-max-tech-protect-silicone-neagra,https://img.gsmnet.ro/600x600/products/233472/husa-magsafe-pentru-apple-1-1765460812.jpg,2026-07-29 02:40:35,216
371444,5906302330157,"Husa MagSafe pentru Apple iPhone 17 Pro, Tech-Protect, Silicone, Neagra ",Tech-Protect,35.99,0,https://www.gsmnet.ro/accesorii-telefoane-tablete-huse/husa-magsafe-pentru-apple-iphone-17-pro-tech-protect-silicone-neagra,https://img.gsmnet.ro/600x600/products/233473/husa-magsafe-pentru-apple-1-1765458638.jpg,2026-07-18 02:32:25,260
371490,6975837583788,"Incarcator Retea Cu Cablu USB-C XO Design L164, 30W, 1 x USB-A, Alb ",XO Design,25.99,0,https://www.gsmnet.ro/accesorii-telefoane-tablete-incarcatoare/incarcator-retea-cu-cablu-usb-c-xo-design-l164-30w-1-x-usb-a-alb,https://img.gsmnet.ro/600x600/products/233519/incarcator-retea-cu-cablu-1-1765446363.png,2026-08-12 01:58:19,161
371495,6920680858941,"Incarcator Retea Cu Cablu USB-C XO Design L141, 20W, 3A, 1 x USB-C, Alb ",XO Design,16.99,0,https://www.gsmnet.ro/accesorii-telefoane-tablete-incarcatoare/incarcator-retea-cu-cablu-usb-c-xo-design-l141-20w-3a-1-x-usb-c-alb,https://img.gsmnet.ro/600x600/products/233524/incarcator-retea-cu-cablu-1-1765445703.png,2026-07-21 02:44:07,248
371497,6920680840281,"Handsfree Bluetooth XO Design BE38 Cat Lights, A2DP, Albastru ",XO Design,59.99,0,https://www.gsmnet.ro/accesorii-telefoane-tablete-casti-audio/handsfree-bluetooth-xo-design-be38-cat-lights-a2dp-albastru,https://img.gsmnet.ro/600x600/products/233526/handsfree-bluetooth-xo-design-1-1765444972.png,2026-07-24 02:42:58,236
371499,6975837583337,"Handsfree Bluetooth XO Design BE54 Cartoon Kids, A2DP, Roz ",XO Design,35.99,0,https://www.gsmnet.ro/accesorii-telefoane-tablete-casti-audio/handsfree-bluetooth-xo-design-be54-cartoon-kids-a2dp-roz,https://img.gsmnet.ro/600x600/products/233528/handsfree-bluetooth-xo-design-1-1765444411.png,2026-08-28 21:46:21,98
371505,6920680829934,"Baterie Externa XO Design PR268, 20000mAh, 130W, QC + PD, 1 x USB-A - 2 x USB-C, Gri ",XO Design,175.99,0,https://www.gsmnet.ro/accesorii-telefoane-tablete-baterii-externe/baterie-externa-xo-design-pr268-20000mah-130w-qc-plus-pd-1-x-usb-a-2-x-usb-c-gri,https://img.gsmnet.ro/600x600/products/233534/baterie-externa-xo-design-1-1765442391.png,2026-08-15 01:14:41,149
371507,6920680860180,"Cablu Audio 3.5mm - 3.5mm XO Design NB-R279C, 1m, Negru ",XO Design,9.99,0,https://www.gsmnet.ro/accesorii-telefoane-tablete-cabluri-adaptori/cablu-audio-3-5mm-3-5mm-xo-design-nb-r279c-1m-negru,https://img.gsmnet.ro/600x600/products/233536/cablu-audio-3-5mm-1-1765441946.png,2026-08-04 02:33:52,192
371509,6920680856664,"Cablu Audio 3.5mm - 3.5mm XO Design NB-R270, 1m, Negru ",XO Design,4.99,0,https://www.gsmnet.ro/accesorii-telefoane-tablete-cabluri-adaptori/cablu-audio-3-5mm-3-5mm-xo-design-nb-r270-1m-negru,https://img.gsmnet.ro/600x600/products/233538/cablu-audio-3-5mm-1-1765441524.jpg,2026-08-11 01:46:05,165
371510,6920680856671,"Cablu Audio 3.5mm - 3.5mm XO Design NB-R270, 1m, Alb ",XO Design,4.99,0,https://www.gsmnet.ro/accesorii-telefoane-tablete-cabluri-adaptori/cablu-audio-3-5mm-3-5mm-xo-design-nb-r270-1m-alb,https://img.gsmnet.ro/600x600/products/233539/cablu-audio-3-5mm-1-1765441469.jpeg,2026-08-11 01:46:05,165
371512,6920680880232,"Cablu Incarcare USB-A - Lightning / microUSB / USB-C XO Design NB-Q191 3in1, 66W, 1.2m, Negru ",XO Design,19.99,0,https://www.gsmnet.ro/accesorii-telefoane-tablete-cabluri-adaptori/cablu-incarcare-usb-a-lightning-microusb-usb-c-xo-design-nb-q191-3in1-66w-1-2m-negru,https://img.gsmnet.ro/600x600/products/233541/cablu-incarcare-usb-a-1-1765441207.jpeg,2026-07-29 02:40:35,216
371513,6920680834198,"Cablu Date si Incarcare USB-A - USB-C XO Design NB235, 18W, 1m, Negru ",XO Design,9.99,0,https://www.gsmnet.ro/accesorii-telefoane-tablete-cabluri-adaptori/cablu-date-incarcare-usb-a-usb-c-xo-design-nb235-18w-1m-negru,https://img.gsmnet.ro/600x600/products/233542/cablu-date-incarcare-1-1765441003.png,2026-09-15 03:44:46,31
371517,3800165056556,"Adaptor Audio Lightning - 2 x Lightning XO Design NB-R160A, Gri ",XO Design,16.99,0,https://www.gsmnet.ro/accesorii-telefoane-tablete-cabluri-adaptori/adaptor-audio-lightning-2-x-lightning-xo-design-nb-r160a-gri,https://img.gsmnet.ro/600x600/products/233546/adaptor-audio-lightning-1-1765440496.png,2026-09-04 03:15:45,75
371519,6975837582750,"Incarcator Retea Wireless XO Design CX038 3in1, 15W, 1.67A, Negru ",XO Design,64.99,0,https://www.gsmnet.ro/accesorii-telefoane-tablete-incarcatoare/incarcator-retea-wireless-xo-design-cx038-3in1-15w-1-67a-negru,https://img.gsmnet.ro/600x600/products/233548/incarcator-retea-wireless-xo-1-1765439923.png,2026-08-11 01:46:05,165
371520,6975837582767,"Incarcator Retea Wireless XO Design CX038 3in1, 15W, 1.67A, Alb ",XO Design,69.99,0,https://www.gsmnet.ro/accesorii-telefoane-tablete-incarcatoare/incarcator-retea-wireless-xo-design-cx038-3in1-15w-1-67a-alb,https://img.gsmnet.ro/600x600/products/233549/incarcator-retea-wireless-xo-1-1765381918.png,2026-08-11 01:46:05,165
371522,6975837581838,"Incarcator Auto Wireless XO Design CX036, 15W, 1.67A, Negru ",XO Design,57.99,0,https://www.gsmnet.ro/accesorii-telefoane-tablete-incarcatoare/incarcator-auto-wireless-xo-design-cx036-15w-1-67a-negru,https://img.gsmnet.ro/600x600/products/233551/incarcator-auto-wireless-xo-1-1765381511.png,2026-08-11 01:46:05,165
371748,6932172637576,"Touch Pen Baseus Smooth Writing pentru Apple iPad, Versiune Activ, Alb P80015806211-03",Baseus,0.0,0,https://www.gsmnet.ro/accesorii-telefoane-tablete-touchpen/touch-pen-baseus-smooth-writing-pentru-apple-ipad-versiune-activ-alb-p80015806211-03,https://img.gsmnet.ro/600x600/products/233777/touch-pen-baseus-smooth-writing-pentru-apple-ipad-versiune-activ-alb-p80015806211-03-1765443069465.jpg,2026-09-13 15:44:06,37
371914,6975837583405,"Selfie Stick Bluetooth XO Design SS22, Universal, Negru ",XO Design,54.99,0,https://www.gsmnet.ro/accesorii-telefoane-tablete-suporturi-telefoane/selfie-stick-bluetooth-xo-design-ss22-universal-negru,https://img.gsmnet.ro/600x600/products/233943/selfie-stick-bluetooth-cu-1-1765445562.jpeg,2026-07-25 02:41:22,232
372018,5903396056857,"Folie de protectie Ecran Blue Star pentru Samsung Galaxy S20 G980, Sticla Securizata, UV Glue",Blue Star,18.99,0,https://www.gsmnet.ro/accesorii-telefoane-tablete-folii-protectie/folie-de-protectie-ecran-blue-star-pentru-samsung-galaxy-s20-g980-sticla-securizata-uv-glue,https://img.gsmnet.ro/600x600/products/234047/folie-de-protectie-ecran-1-1765890774.png,2026-09-11 03:23:04,47
372397,5906302334780,"Husa Tech-Protect Kevlar Pro pentru Apple AirTag, Neagra ",Tech-Protect,34.99,0,https://www.gsmnet.ro/wearables-accesorii-wearables/husa-tech-protect-kevlar-pro-pentru-apple-airtag-neagra,https://img.gsmnet.ro/600x600/products/234426/husa-tech-protect-kevlar-pro-1-1767874512.jpg,2026-08-26 19:46:38,102
373055,660982753310,"Placa cu Conector Incarcare - Microfon - Modul Cititor SIM Xiaomi 14T Pro, Service Pack 56001400N1200 ",Xiaomi,62.99,0,https://www.gsmnet.ro/piese-componente-conectori-incarcare/placa-cu-conector-incarcare-microfon-modul-cititor-sim-xiaomi-14t-pro-service-pack-56001400n1200,https://img.gsmnet.ro/600x600/products/235084/placa-cu-conector-incarcare-1-1768212845.jpg,2026-07-28 02:34:33,220
373058,5904643070046,"Husa pentru Honor X8a, OEM, Tint, Rosie ",OEM,9.99,0,https://www.gsmnet.ro/accesorii-telefoane-tablete-huse/husa-pentru-honor-x8a-oem-tint-rosie,https://img.gsmnet.ro/600x600/products/235087/husa-pentru-honor-x8a-1-1767621557.jpg,2026-09-08 03:24:25,59
373059,5904643070022,"Husa pentru Honor X8a, OEM, Tint, Bleumarin ",OEM,9.99,0,https://www.gsmnet.ro/accesorii-telefoane-tablete-huse/husa-pentru-honor-x8a-oem-tint-bleumarin,https://img.gsmnet.ro/600x600/products/235088/husa-pentru-honor-x8a-1-1767621505.jpg,2026-09-08 03:24:25,59
373061,5904643069774,"Husa pentru Honor X8a, OEM, Carbon Pro, Neagra ",OEM,14.99,0,https://www.gsmnet.ro/accesorii-telefoane-tablete-huse/husa-pentru-honor-x8a-oem-carbon-pro-neagra,https://img.gsmnet.ro/600x600/products/235090/husa-pentru-honor-x8a-1-1767621458.jpg,2026-09-08 03:24:25,59
373065,5904643070015,"Husa pentru Honor X8a, OEM, Tint, Neagra ",OEM,14.99,0,https://www.gsmnet.ro/accesorii-telefoane-tablete-huse/husa-pentru-honor-x8a-oem-tint-neagra,https://img.gsmnet.ro/600x600/products/235094/husa-pentru-honor-x8a-1-1767621538.jpg,2026-09-09 03:28:01,55
373067,5904643069910,"Husa pentru Oppo A5x, OEM, Tint, Neagra ",OEM,14.99,0,https://www.gsmnet.ro/accesorii-telefoane-tablete-huse/husa-pentru-oppo-a5x-oem-tint-neagra,https://img.gsmnet.ro/600x600/products/235096/husa-pentru-oppo-a5x-1-1767622263.jpg,2026-07-23 02:47:09,240
373088,6975837581562,"Handsfree Bluetooth XO Design BE51 Business, A2DP, Negru ",XO Design,64.99,0,https://www.gsmnet.ro/accesorii-telefoane-tablete-casti-audio/handsfree-bluetooth-xo-design-be51-business-a2dp-negru,https://img.gsmnet.ro/600x600/products/235117/handsfree-bluetooth-xo-design-1-1766402863.png,2026-08-11 01:46:05,165
373089,6975837586444,"Handsfree Bluetooth XO Design BE57 Cartoon Kids, A2DP, Albastru ",XO Design,59.99,0,https://www.gsmnet.ro/accesorii-telefoane-tablete-casti-audio/handsfree-bluetooth-xo-design-be57-cartoon-kids-a2dp-albastru,https://img.gsmnet.ro/600x600/products/235118/handsfree-bluetooth-xo-design-1-1766402695.png,2026-09-15 03:44:46,31
373091,6975837586345,Jump Starter Auto XO Design CZ025 ,XO Design,194.99,0,https://www.gsmnet.ro/gadgeturi-accesorii-auto/jump-starter-auto-xo-design-cz025,https://img.gsmnet.ro/600x600/products/235120/jump-starter-auto-xo-1-1766147385.png,2026-08-11 01:46:05,165
373092,6920680830428,"Smartwatch XO Design Kids H100, Albastru ",XO Design,94.99,0,https://www.gsmnet.ro/wearables-smartwatch/smartwatch-xo-design-kids-h100-albastru,https://img.gsmnet.ro/600x600/products/235121/smartwatch-xo-design-kids-1-1768554391.jpeg,2026-08-11 01:46:05,165
373093,6920680830411,"Smartwatch XO Design Kids H100, Roz ",XO Design,94.99,0,https://www.gsmnet.ro/wearables-smartwatch/smartwatch-xo-design-kids-h100-roz,https://img.gsmnet.ro/600x600/products/235122/smartwatch-xo-design-kids-1-1768554559.jpeg,2026-08-11 01:46:05,165
373095,3801046051226,"Smartwatch XO Design Kids H120, Mov ",XO Design,144.99,0,https://www.gsmnet.ro/wearables-smartwatch/smartwatch-xo-design-kids-h120-mov,https://img.gsmnet.ro/600x600/products/235124/smartwatch-xo-design-kids-6-1768553940.jpeg,2026-08-11 01:46:05,165
373098,6975837586260,"Smartwatch XO Design J14 Call, Argintiu ",XO Design,179.99,0,https://www.gsmnet.ro/wearables-smartwatch/smartwatch-xo-design-j14-call-argintiu,https://img.gsmnet.ro/600x600/products/235127/smartwatch-xo-design-j14-1-1768553424.jpeg,2026-07-24 02:42:58,236
373099,6975837585713,"Controller XO Design GP6, Gri ",XO Design,99.99,0,https://www.gsmnet.ro/gadgeturi-utile/controller-xo-design-gp6-gri,https://img.gsmnet.ro/600x600/products/235128/controller-bluetooth-xo-design-1-1766147067.png,2026-07-21 02:44:07,248
373100,6975837585706,"Controller XO Design GP6, Verde ",XO Design,99.99,0,https://www.gsmnet.ro/gadgeturi-utile/controller-xo-design-gp6-verde,https://img.gsmnet.ro/600x600/products/235129/controller-bluetooth-xo-design-1-1766147161.png,2026-07-21 02:44:07,248
373109,660982753549,"Banda Placa Motorola Edge 60 Fusion / Edge 60, Main FPC, Service Pack SP68E54790 ",Motorola,19.99,0,https://www.gsmnet.ro/piese-componente-piese/banda-placa-motorola-edge-60-fusion-edge-60-main-fpc-service-pack-sp68e54790,https://img.gsmnet.ro/600x600/products/235138/banda-placa-motorola-edge-1-1774518245.jpg,2026-08-04 02:33:52,192
373114,6920680835775,"Hub USB-C XO Design HUB013, 1 x USB-A - 1 x USB-A 3.0 - 2 x USB-C - 1 x HDMI - 1 x RJ45, Gri ",XO Design,124.99,0,https://www.gsmnet.ro/accesorii-pc-laptop-hub-uri/hub-usb-c-xo-design-hub013-1-x-usb-a-1-x-usb-a-3-0-2-x-usb-c-1-x-hdmi-1-x-rj45-gri,https://img.gsmnet.ro/600x600/products/235143/hub-usb-c-xo-design-1-1766416280.png,2026-08-11 01:46:05,165
373115,6975837587922,"Camera Sport XO Design ZF01, 1080P, Neagra ",XO Design,79.99,0,https://www.gsmnet.ro/gadgeturi-utile/camera-sport-xo-design-zf01-1080p-neagra,https://img.gsmnet.ro/600x600/products/235144/camera-sport-xo-design-1-1766416464.png,2026-08-15 01:14:41,149
373116,3801046058324,"Cablu Video XO Design GB011B, HDMI - HDMI, 4K, 5m, Negru ",XO Design,29.99,0,https://www.gsmnet.ro/accesorii-pc-laptop-accesorii-audio-video/cablu-video-xo-design-gb011b-hdmi-hdmi-4k-5m-negru,https://img.gsmnet.ro/600x600/products/235145/cablu-video-xo-design-1-1766416622.png,2026-07-21 02:44:07,248
373117,6920680873562,"Cablu Video XO Design GB001, HDMI - HDMI, 8K, 1.5m, Negru ",XO Design,29.99,0,https://www.gsmnet.ro/accesorii-pc-laptop-accesorii-audio-video/cablu-video-xo-design-gb001-hdmi-hdmi-8k-1-5m-negru,https://img.gsmnet.ro/600x600/products/235146/cablu-video-xo-design-1-1766418005.png,2026-08-11 01:46:05,165
373120,6920680829781,"Prelungitor USB XO Design NB219, 2m, Negru ",XO Design,12.99,0,https://www.gsmnet.ro/accesorii-pc-laptop-accesorii-usb/prelungitor-usb-xo-design-nb219-2m-negru,https://img.gsmnet.ro/600x600/products/235149/prelungitor-usb-xo-design-1-1766417532.png,2026-08-11 01:46:05,165
373121,6920680829798,"Prelungitor USB XO Design NB219, 3m, Negru ",XO Design,18.99,0,https://www.gsmnet.ro/accesorii-pc-laptop-accesorii-usb/prelungitor-usb-xo-design-nb219-3m-negru,https://img.gsmnet.ro/600x600/products/235150/prelungitor-usb-xo-design-1-1766417497.png,2026-08-11 01:46:05,165
373122,6920680848676,"Lavaliera XO Design MKF08B, Lightning, Neagra ",XO Design,53.99,0,https://www.gsmnet.ro/gadgeturi-utile/lavaliera-xo-design-mkf08b-lightning-neagra,https://img.gsmnet.ro/600x600/products/235151/lavaliera-xo-design-mkf08b-1-1766417403.png,2026-08-11 01:46:05,165
373123,6920680849215,"Adaptor Audio Lightning - 2 x Lightning XO Design NB-R258A, Gri ",XO Design,17.99,0,https://www.gsmnet.ro/accesorii-telefoane-tablete-cabluri-adaptori/adaptor-audio-lightning-2-x-lightning-xo-design-nb-r258a-gri,https://img.gsmnet.ro/600x600/products/235152/adaptor-audio-lightning-1-1766417275.png,2026-08-26 19:46:38,102
373129,3800165057218,"Incarcator Auto XO Design CC35, 18W, 3A, 1 x USB-A, Negru ",XO Design,10.99,0,https://www.gsmnet.ro/accesorii-telefoane-tablete-incarcatoare/incarcator-auto-xo-design-cc35-18w-3a-1-x-usb-a-negru,https://img.gsmnet.ro/600x600/products/235158/incarcator-auto-xo-design-1-1766415317.png,2026-08-26 19:46:38,102
373133,6920680861149,"Incarcator Retea Cu Cablu USB-C XO Design L150, 30W, 3A, 1 x USB-C, Alb ",XO Design,34.99,0,https://www.gsmnet.ro/accesorii-telefoane-tablete-incarcatoare/incarcator-retea-cu-cablu-usb-c-xo-design-l150-30w-3a-1-x-usb-c-alb,https://img.gsmnet.ro/600x600/products/235162/incarcator-retea-cu-cablu-6-1766478722.png,2026-07-21 02:44:07,248
373136,6920680876204,"Handsfree Bluetooth XO Design BE18 Glare, A2DP, Negru ",XO Design,59.99,0,https://www.gsmnet.ro/accesorii-telefoane-tablete-casti-audio/handsfree-bluetooth-xo-design-be18-glare-a2dp-negru,https://img.gsmnet.ro/600x600/products/235165/handsfree-bluetooth-xo-design-1-1766413735.png,2026-08-12 01:58:19,161
373141,6975837585799,"Handsfree Bluetooth XO Design Q6 Pods, TWS, Alb ",XO Design,79.99,0,https://www.gsmnet.ro/wearables-audio-inclusiv-tws/handsfree-bluetooth-xo-design-q6-pods-tws-alb,https://img.gsmnet.ro/600x600/products/235170/handsfree-bluetooth-xo-design-1-1766412630.png,2026-07-21 02:44:07,248
373145,6920680858965,"Baterie Externa XO Design PR246, 10000mAh, 22.5W, PD, 1 x Lightning - 2 x USB-C, Alba ",XO Design,54.99,0,https://www.gsmnet.ro/accesorii-telefoane-tablete-baterii-externe/baterie-externa-xo-design-pr246-10000mah-22-5w-pd-1-x-lightning-2-x-usb-c-alba,https://img.gsmnet.ro/600x600/products/235174/baterie-externa-xo-design-1-1766411148.jpeg,2026-08-11 01:46:05,165
373146,6920680857821,"Baterie Externa XO Design PR249, 20000mAh, 22.5W, QC + PD, 1 x Lightning - 1 x USB-A - 2 x USB-C, Neagra ",XO Design,84.99,0,https://www.gsmnet.ro/accesorii-telefoane-tablete-baterii-externe/baterie-externa-xo-design-pr249-20000mah-22-5w-qc-plus-pd-1-x-lightning-1-x-usb-a-2-x-usb-c-neagra,https://img.gsmnet.ro/600x600/products/235175/baterie-externa-xo-design-1-1766410783.png,2026-08-11 01:46:05,165
373149,6975837586918,"Proiector Laser XO Design OZ14 Aurora, Alb ",XO Design,94.99,0,https://www.gsmnet.ro/gadgeturi-utile/proiector-laser-xo-design-oz14-aurora-alb,https://img.gsmnet.ro/600x600/products/235178/proiector-laser-xo-design-1-1766410417.png,2026-07-29 02:40:35,216
373153,660982747203,"Display cu Touchscreen Xiaomi Redmi Note 14 Pro 4G, cu Rama, Violet (Aurora Purple), Service Pack 560002000O600 ",Xiaomi,340.99,0,https://www.gsmnet.ro/piese-componente-display-cu-touchscreen/display-cu-touchscreen-xiaomi-redmi-note-14-pro-4g-cu-rama-violet-aurora-purple-service-pack-560002000o600,https://img.gsmnet.ro/600x600/products/235182/display-cu-touchscreen-xiaomi-1-1769700554.jpg,2026-08-13 02:00:15,157
373417,1200130016479,"Handsfree Bluetooth JBL Tune Beam 2, TWS, ANC, MultiPoint, Negru JBLTBEAM2BLK",JBL,299.99,0,https://www.gsmnet.ro/wearables-audio-inclusiv-tws/handsfree-bluetooth-jbl-tune-beam-2-tws-anc-multipoint-negru-jbltbeam2blk,https://img.gsmnet.ro/600x600/products/235446/handsfree-bluetooth-jbl-tune-1-1768991197.png,2026-08-01 02:50:04,204
373425,619659169947,"Memorie Externa USB-A 3.0 / Lightning SanDisk iXpand Go, 256Gb SDIX60N-256G-GN6NE ",SanDisk,379.99,0,https://www.gsmnet.ro/accesorii-telefoane-tablete-carduri-memorii-usb/memorie-externa-usb-a-3-0-lightning-sandisk-ixpand-go-256gb-sdix60n-256g-gn6ne,https://img.gsmnet.ro/600x600/products/235454/memorie-externa-usb-a-3-0-1-1769005689.png,2026-09-02 03:15:17,83
373426,619659169411,"Memorie Externa USB-A 3.0 / Lightning SanDisk iXpand Go, 128Gb SDIX60N-128G-GN6NE ",SanDisk,282.99,0,https://www.gsmnet.ro/accesorii-telefoane-tablete-carduri-memorii-usb/memorie-externa-usb-a-3-0-lightning-sandisk-ixpand-go-128gb-sdix60n-128g-gn6ne,https://img.gsmnet.ro/600x600/products/235455/memorie-externa-usb-a-3-0-1-1769005660.png,2026-09-02 03:15:17,83
373427,619659169381,"Memorie Externa USB-A 3.0 / Lightning SanDisk iXpand Go, 64Gb SDIX60N-064G-GN6NN ",SanDisk,192.99,0,https://www.gsmnet.ro/accesorii-telefoane-tablete-carduri-memorii-usb/memorie-externa-usb-a-3-0-lightning-sandisk-ixpand-go-64gb-sdix60n-064g-gn6nn,https://img.gsmnet.ro/600x600/products/235456/memorie-externa-usb-a-3-0-1-1769005703.png,2026-07-31 02:51:30,208
373432,619659142056,"Memorie Externa USB-A 3.1 / USB-C SanDisk Ultra Dual Drive, 64Gb SDDDC2-064G-G46 ",SanDisk,75.99,0,https://www.gsmnet.ro/accesorii-telefoane-tablete-carduri-memorii-usb/memorie-externa-usb-a-3-1-usb-c-sandisk-ultra-dual-drive-64gb-sdddc2-064g-g46,https://img.gsmnet.ro/600x600/products/235461/memorie-externa-usb-a-3-1-1-1769005908.png,2026-08-04 02:33:52,192
373448,619659202064,"Card Memorie microSDXC SanDisk Express, 256Gb, Clasa 10 / UHS-1 U3 SDSQXFN-256G-GN4NN ",SanDisk,319.99,0,https://www.gsmnet.ro/accesorii-telefoane-tablete-carduri-memorii-usb/card-memorie-microsdxc-sandisk-express-256gb-clasa-10-uhs-1-u3-sdsqxfn-256g-gn4nn,https://img.gsmnet.ro/600x600/products/235477/card-memorie-microsdxc-sandisk-1-1769004612.jpg,2026-08-26 01:18:58,105
373450,619659202088,"Card Memorie microSDXC SanDisk Express, 128Gb, Clasa 10 / UHS-1 U3 SDSQXFN-128G-GN4NN ",SanDisk,253.99,0,https://www.gsmnet.ro/accesorii-telefoane-tablete-carduri-memorii-usb/card-memorie-microsdxc-sandisk-express-128gb-clasa-10-uhs-1-u3-sdsqxfn-128g-gn4nn,https://img.gsmnet.ro/600x600/products/235479/card-memorie-microsdxc-sandisk-1-1769004525.jpg,2026-08-04 02:33:52,192
373791,6976625333738,"Baterie Externa Wireless Dudao K26s, 5000mAh, 20W, PD + FQI, 1 x QI - 1 x USB-C, Alba",Dudao,64.99,0,https://www.gsmnet.ro/accesorii-telefoane-tablete-baterii-externe/baterie-externa-wireless-dudao-k26s-5000mah-20w-pd-plus-fqi-1-x-qi-1-x-usb-c-alba,https://img.gsmnet.ro/600x600/products/235820/baterie-externa-wireless-dudao-1-1768832301.png,2026-08-13 02:00:15,157
373796,5903396390265,"Baterie Externa Wireless Forcell F10K8, 10000mAh, 15W, PD + FQI, 1 x QI - 1 x USB-C, Aurie ",Forcell,99.99,0,https://www.gsmnet.ro/accesorii-telefoane-tablete-baterii-externe/baterie-externa-wireless-forcell-f10k8-10000mah-15w-pd-plus-fqi-1-x-qi-1-x-usb-c-aurie,https://img.gsmnet.ro/600x600/products/235825/baterie-externa-wireless-forcell-1-1768567208.jpeg,2026-09-11 03:23:04,47
373822,5906721173298,"Cablu Alimentare OEM, 2Pini, 1.5m, Negru ",OEM,9.99,0,https://www.gsmnet.ro/accesorii-pc-laptop-incarcatoare-adaptori/cablu-alimentare-oem-2pini-1-5m-negru,https://img.gsmnet.ro/600x600/products/235851/cablu-alimentare-oem-2pini-1-1768838558.png,2026-07-17 02:41:26,264
373846,5906302352708,"Husa MagSafe pentru Xiaomi Poco F8 Pro, Tech-Protect, Magmat, Neagra ",Tech-Protect,24.99,0,https://www.gsmnet.ro/accesorii-telefoane-tablete-huse/husa-magsafe-pentru-xiaomi-poco-f8-pro-tech-protect-magmat-neagra,https://img.gsmnet.ro/600x600/products/235875/husa-magsafe-pentru-xiaomi-1-1769003039.jpg,2026-07-23 02:47:09,240
373849,5906302333677,"Husa MagSafe pentru Apple iPhone 16 Pro Max, Tech-Protect, Lamano Velvet Night, Neagra ",Tech-Protect,29.99,0,https://www.gsmnet.ro/accesorii-telefoane-tablete-huse/husa-magsafe-pentru-apple-iphone-16-pro-max-tech-protect-lamano-velvet-night-neagra,https://img.gsmnet.ro/600x600/products/235878/husa-magsafe-pentru-apple-3-1769000445.png,2026-09-16 03:41:36,27
373850,5906302333660,"Husa MagSafe pentru Apple iPhone 16 Pro, Tech-Protect, Lamano Velvet Night, Neagra ",Tech-Protect,29.99,0,https://www.gsmnet.ro/accesorii-telefoane-tablete-huse/husa-magsafe-pentru-apple-iphone-16-pro-tech-protect-lamano-velvet-night-neagra,https://img.gsmnet.ro/600x600/products/235879/husa-magsafe-pentru-apple-3-1769000349.png,2026-08-26 19:46:38,102
373856,5906302334445,"Husa MagSafe pentru Apple iPhone 17, Tech-Protect, Lamano Velvet Night, Neagra ",Tech-Protect,29.99,0,https://www.gsmnet.ro/accesorii-telefoane-tablete-huse/husa-magsafe-pentru-apple-iphone-17-tech-protect-lamano-velvet-night-neagra,https://img.gsmnet.ro/600x600/products/235885/husa-magsafe-pentru-apple-3-1769000957.png,2026-08-26 19:46:38,102
373858,9490713933015,"Husa MagSafe pentru Apple iPhone 13, Tech-Protect, Magmat, Bleumarin ",Tech-Protect,34.99,0,https://www.gsmnet.ro/accesorii-telefoane-tablete-huse/husa-magsafe-pentru-apple-iphone-13-tech-protect-magmat-bleumarin,https://img.gsmnet.ro/600x600/products/235887/husa-magsafe-pentru-apple-1-1768998953.png,2026-08-04 02:33:52,192
373863,5906302352487,"Sticker Metalic Tech-Protect MMP-200, Universal, Bleumarin ",Tech-Protect,14.99,0,https://www.gsmnet.ro/accesorii-telefoane-tablete-suporturi-telefoane/sticker-metalic-tech-protect-mmp-200-universal-bleumarin,https://img.gsmnet.ro/600x600/products/235892/sticker-metalic-tech-protect-mmp-200-1-1768996733.jpg,2026-08-15 01:14:41,149
374079,6975837582378,"Incarcator Retea Cu Cablu USB-C XO Design L158, 20W, 3A, 1 x USB-A - 1 x USB-C, Alb ",XO Design,19.99,0,https://www.gsmnet.ro/accesorii-telefoane-tablete-incarcatoare/incarcator-retea-cu-cablu-usb-c-xo-design-l158-20w-3a-1-x-usb-a-1-x-usb-c-alb,https://img.gsmnet.ro/600x600/products/236108/incarcator-retea-cu-cablu-1-1768815544.jpeg,2026-08-11 01:46:05,165
374090,6920680861125,"Incarcator Retea XO Design L150, 30W, 3A, 1 x USB-C, Alb ",XO Design,24.99,0,https://www.gsmnet.ro/accesorii-telefoane-tablete-incarcatoare/incarcator-retea-xo-design-l150-30w-3a-1-x-usb-c-alb,https://img.gsmnet.ro/600x600/products/236119/incarcator-retea-xo-design-1-1768814355.jpeg,2026-08-20 01:14:27,129
374093,6920680861057,"Smartwatch XO Design H140 Kids Call, Albastru ",XO Design,139.99,0,https://www.gsmnet.ro/wearables-smartwatch/smartwatch-xo-design-h140-kids-call-albastru,https://img.gsmnet.ro/600x600/products/236122/smartwatch-xo-design-h140-1-1768813994.jpeg,2026-08-11 01:46:05,165
374095,3800165073072,"Cablu Retea XO Design GB007, UTP, Cat6, 1m, Negru ",XO Design,7.99,0,https://www.gsmnet.ro/accesorii-pc-laptop-retea/cablu-retea-xo-design-gb007-utp-cat6-1m-negru,https://img.gsmnet.ro/600x600/products/236124/cablu-retea-xo-design-1-1768818468.jpeg,2026-08-11 01:46:05,165
374096,3800165073089,"Cablu Retea XO Design GB007, UTP, Cat6, 1m, Albastru ",XO Design,5.99,0,https://www.gsmnet.ro/accesorii-pc-laptop-retea/cablu-retea-xo-design-gb007-utp-cat6-1m-albastru,https://img.gsmnet.ro/600x600/products/236125/cablu-retea-xo-design-1-1768819179.jpeg,2026-08-07 00:01:02,181
374097,6975837585645,"Controller XO Design GP3, Gri",XO Design,79.99,0,https://www.gsmnet.ro/gadgeturi-utile/controller-xo-design-gp3-gri,https://img.gsmnet.ro/600x600/products/236126/controller-bluetooth-xo-design-1-1768813573.jpeg,2026-08-11 01:46:05,165
374100,6920680855070,"Cablu Audio 3.5mm - 3.5mm XO Design NB-R269A, 1m, Negru ",XO Design,7.99,0,https://www.gsmnet.ro/accesorii-telefoane-tablete-cabluri-adaptori/cablu-audio-3-5mm-3-5mm-xo-design-nb-r269a-1m-negru,https://img.gsmnet.ro/600x600/products/236129/cablu-audio-3-5mm-1-1768812796.jpeg,2026-07-30 02:26:38,212
374114,6920680873272,"Incarcator Retea Wireless XO Design WX020, 15W, 1.67A, Negru ",XO Design,26.99,0,https://www.gsmnet.ro/accesorii-telefoane-tablete-incarcatoare/incarcator-retea-wireless-xo-design-wx020-15w-1-67a-negru,https://img.gsmnet.ro/600x600/products/236143/incarcator-retea-wireless-xo-1-1768811177.jpeg,2026-08-11 01:46:05,165
374124,6920680855995,"Cablu Date si Incarcare USB-C - USB-C XO Design NB-Q264A, 240W, 1m, Negru ",XO Design,14.99,0,https://www.gsmnet.ro/accesorii-telefoane-tablete-cabluri-adaptori/cablu-date-incarcare-usb-c-usb-c-xo-design-nb-q264a-240w-1m-negru,https://img.gsmnet.ro/600x600/products/236153/cablu-date-incarcare-7-1768809280.jpeg,2026-08-15 01:14:41,149
374125,6920680856008,"Cablu Date si Incarcare USB-C - USB-C XO Design NB-Q264B, 240W, 2m, Negru ",XO Design,19.99,0,https://www.gsmnet.ro/accesorii-telefoane-tablete-cabluri-adaptori/cablu-date-incarcare-usb-c-usb-c-xo-design-nb-q264b-240w-2m-negru,https://img.gsmnet.ro/600x600/products/236154/cablu-date-incarcare-1-1768809164.jpeg,2026-08-20 01:14:27,129
374146,5900495898968,"Baterie Externa Setty SPBL-10, 10000mAh, 10W, 2 x USB-A, Neagra ",Setty,39.99,0,https://www.gsmnet.ro/accesorii-telefoane-tablete-baterii-externe/baterie-externa-setty-spbl-10-10000mah-10w-2-x-usb-a-neagra,https://img.gsmnet.ro/600x600/products/236175/baterie-externa-setty-spbl-10-1-1768899758.png,2026-08-20 01:14:27,129
374152,5900495269324,"Smartwatch MaXlife Kids MXSW-200, Roz ",MaXlife,95.99,0,https://www.gsmnet.ro/wearables-smartwatch/smartwatch-maxlife-kids-mxsw-200-roz,https://img.gsmnet.ro/600x600/products/236181/smartwatch-maxlife-kids-mxsw-200-1-1768898313.jpeg,2026-07-21 02:44:07,248
374182,6920680855469,"Incarcator Retea Cu Cablu USB-C XO Design L139, 65W, 4.5A, 1 x USB-A - 2 x USB-C, Alb ",XO Design,54.99,0,https://www.gsmnet.ro/accesorii-telefoane-tablete-incarcatoare/incarcator-retea-cu-cablu-usb-c-xo-design-l139-65w-4-5a-1-x-usb-a-2-x-usb-c-alb,https://img.gsmnet.ro/600x600/products/236211/incarcator-retea-cu-cablu-1-1768831445.jpeg,2026-08-05 02:33:14,188
374315,6975837587120,"Incarcator Retea XO Design L162, 30W, 3A, 1 x USB-C, Alb ",XO Design,24.99,0,https://www.gsmnet.ro/accesorii-telefoane-tablete-incarcatoare/incarcator-retea-xo-design-l162-30w-3a-1-x-usb-c-alb,https://img.gsmnet.ro/600x600/products/236349/incarcator-retea-xo-design-1-1768900638.jpeg,2026-08-15 01:14:41,149
374318,6942007612043,"Baterie Externa HOCO J123, 10000mAh, 10W, 2 x USB-A, Neagra ",HOCO,44.99,0,https://www.gsmnet.ro/accesorii-telefoane-tablete-baterii-externe/baterie-externa-hoco-j123-10000mah-10w-2-x-usb-a-neagra,https://img.gsmnet.ro/600x600/products/236352/baterie-externa-hoco-j123-1-1769009897.jpeg,2026-07-17 02:41:26,264
374328,1200130016486,"Handsfree Bluetooth JBL Tune Beam 2, TWS, ANC, MultiPoint, Alb JBLTBEAM2WHT ",JBL,294.99,0,https://www.gsmnet.ro/wearables-audio-inclusiv-tws/handsfree-bluetooth-jbl-tune-beam-2-tws-anc-multipoint-alb-jbltbeam2wht,https://img.gsmnet.ro/600x600/products/236362/handsfree-bluetooth-jbl-tune-1-1769687671.png,2026-08-01 02:50:04,204
374421,5906302352814,"Incarcator Retea Cu Cablu USB-C Tech-Protect NCA45W, 45W, 3A, 1 x USB-A - 1 x USB-C, Alb ",Tech-Protect,49.99,0,https://www.gsmnet.ro/accesorii-telefoane-tablete-incarcatoare/incarcator-retea-cu-cablu-usb-c-tech-protect-nca45w-45w-3a-1-x-usb-a-1-x-usb-c-alb,https://img.gsmnet.ro/600x600/products/236455/incarcator-retea-cu-cablu-1-1769425446.jpg,2026-07-23 02:47:09,240
374428,5906302352630,"Suport Auto Magnetic Tech-Protect N61, Universal, Negru ",Tech-Protect,39.99,0,https://www.gsmnet.ro/accesorii-telefoane-tablete-suporturi-telefoane/suport-auto-magnetic-tech-protect-n61-universal-negru,https://img.gsmnet.ro/600x600/products/236462/suport-auto-magnetic-tech-protect-1-1769422431.jpeg,2026-08-04 02:33:52,192
374680,5900495473837,"Incarcator Auto Wireless MaXlife MXCH-08, 15W, 1.67A, Negru ",MaXlife,50.99,0,https://www.gsmnet.ro/accesorii-telefoane-tablete-incarcatoare/incarcator-auto-wireless-maxlife-mxch-08-15w-1-67a-negru,https://img.gsmnet.ro/600x600/products/236714/incarcator-auto-wireless-maxlife-1-1769430107.jpeg,2026-08-05 02:33:14,188
374682,6920680854936,"Cablu Date si Incarcare USB-A - USB-C XO Design NB265, 18W, 1m, Alb ",XO Design,6.99,0,https://www.gsmnet.ro/accesorii-telefoane-tablete-cabluri-adaptori/cablu-date-incarcare-usb-a-usb-c-xo-design-nb265-18w-1m-alb,https://img.gsmnet.ro/600x600/products/236716/cablu-date-incarcare-1-1769434013.jpg,2026-07-21 02:44:07,248
374684,5907457782921,"Suport Auto Magnetic Setty Qualo, Universal, Negru ",Setty,29.99,0,https://www.gsmnet.ro/accesorii-telefoane-tablete-suporturi-telefoane/suport-auto-magnetic-setty-qualo-universal-negru,https://img.gsmnet.ro/600x600/products/236718/suport-auto-magnetic-setty-1-1769683716.jpg,2026-09-08 03:24:25,59
374685,6920680860203,"Cablu Audio USB-C - 3.5mm XO Design NB-R279B, 1m, Alb ",XO Design,11.99,0,https://www.gsmnet.ro/accesorii-telefoane-tablete-cabluri-adaptori/cablu-audio-usb-c-3-5mm-xo-design-nb-r279b-1m-alb,https://img.gsmnet.ro/600x600/products/236719/cablu-audio-usb-c-1-1769431903.jpg,2026-08-01 02:50:04,204
374687,5906961935083,"Cablu Date si Incarcare USB-C - USB-C MaXlife MXUC-12, 60W, 1m, Negru ",MaXlife,9.99,0,https://www.gsmnet.ro/accesorii-telefoane-tablete-cabluri-adaptori/cablu-date-incarcare-usb-c-usb-c-maxlife-mxuc-12-60w-1m-negru,https://img.gsmnet.ro/600x600/products/236721/cablu-date-incarcare-1-1769433314.jpg,2026-08-07 00:01:02,181
374688,5906961935137,"Cablu Date si Incarcare USB-C - USB-C MaXlife MXUC-12, 100W, 1m, Negru ",MaXlife,12.99,0,https://www.gsmnet.ro/accesorii-telefoane-tablete-cabluri-adaptori/cablu-date-incarcare-usb-c-usb-c-maxlife-mxuc-12-100w-1m-negru,https://img.gsmnet.ro/600x600/products/236722/cablu-date-incarcare-1-1769432339.jpeg,2026-08-26 19:46:38,102
374736,5906302368242,"Husa pentru Samsung Galaxy Tab S10 FE+, Tech-Protect, SC PEN, Neagra ",Tech-Protect,61.99,0,https://www.gsmnet.ro/accesorii-telefoane-tablete-huse/husa-pentru-samsung-galaxy-tab-s10-fe-plus-tech-protect-sc-pen-neagra,https://img.gsmnet.ro/600x600/products/236770/husa-pentru-samsung-galaxy-1-1775737877.jpg,2026-09-08 03:24:25,59
374741,5907489606608,Tester Tensiune NCV Habotest HT100P ,Habotest,49.99,0,https://www.gsmnet.ro/aparatura-instrumente-service-aparate-masura/tester-tensiune-ncv-habotest-ht100p,https://img.gsmnet.ro/600x600/products/236775/tester-tensiune-ncv-habotest-1-1769517808.jpeg,2026-09-08 03:24:25,59
374742,6924826708510,"Senzor Usa / Fereastra Broadlink DS4 Cu Hub S3, Wi-Fi ",Broadlink,24.99,0,https://www.gsmnet.ro/gadgeturi-smart-home/senzor-usa-fereastra-broadlink-ds4-cu-hub-s3-wi-fi,https://img.gsmnet.ro/600x600/products/236776/senzor-usa-fereastra-1-1769684313.jpeg,2026-09-08 03:24:25,59
374745,6932066307431,"MousePad Gaming Thunderobot P1-950 TF, 950mm x 350mm x 3mm, Negru ",Thunderobot,19.99,0,https://www.gsmnet.ro/accesorii-pc-laptop-tastatura-mouse/mousepad-gaming-thunderobot-p1-950-tf-950mm-x-350mm-x-3mm-negru,https://img.gsmnet.ro/600x600/products/236779/mousepad-gaming-thunderobot-p1-950-1-1769682514.jpeg,2026-08-28 21:46:21,98
374750,6974370801724,"Surubelnita HOTO QWLSD013, 5in1, Neagra ",HOTO,37.99,0,https://www.gsmnet.ro/aparatura-instrumente-service-surubelnite/surubelnita-hoto-qwlsd013-5in1-neagra,https://img.gsmnet.ro/600x600/products/236784/surubelnita-hoto-qwlsd013-5in1-1-1769682852.jpg,2026-07-18 02:32:25,260
374764,5907674513490,"Husa pentru Apple iPhone 15, OEM, Ultra Trendy Love 2, Multicolor ",OEM,10.99,0,https://www.gsmnet.ro/accesorii-telefoane-tablete-huse/husa-pentru-apple-iphone-15-oem-ultra-trendy-love-2-multicolor,https://img.gsmnet.ro/600x600/products/236798/husa-pentru-apple-iphone-1-1769690750.jpeg,2026-07-23 02:47:09,240
374765,5907674513261,"Husa pentru Apple iPhone 15 Pro, OEM, Ultra Trendy Love 1, Multicolor ",OEM,9.99,0,https://www.gsmnet.ro/accesorii-telefoane-tablete-huse/husa-pentru-apple-iphone-15-pro-oem-ultra-trendy-love-1-multicolor,https://img.gsmnet.ro/600x600/products/236799/husa-pentru-apple-iphone-1-1769690849.jpeg,2026-09-04 03:15:45,75
374766,5907674513506,"Husa pentru Apple iPhone 15 Pro, OEM, Ultra Trendy Love 2, Multicolor ",OEM,9.99,0,https://www.gsmnet.ro/accesorii-telefoane-tablete-huse/husa-pentru-apple-iphone-15-pro-oem-ultra-trendy-love-2-multicolor,https://img.gsmnet.ro/600x600/products/236800/husa-pentru-apple-iphone-1-1769690902.jpeg,2026-07-21 02:44:07,248
374772,5907674513544,"Husa pentru Apple iPhone 16 Pro Max, OEM, Ultra Trendy Love 2, Multicolor ",OEM,9.99,0,https://www.gsmnet.ro/accesorii-telefoane-tablete-huse/husa-pentru-apple-iphone-16-pro-max-oem-ultra-trendy-love-2-multicolor,https://img.gsmnet.ro/600x600/products/236806/husa-pentru-apple-iphone-1-1769695013.jpeg,2026-08-01 02:50:04,204
374774,5907674513551,"Husa pentru Apple iPhone 17, OEM, Ultra Trendy Love 2, Multicolor ",OEM,9.99,0,https://www.gsmnet.ro/accesorii-telefoane-tablete-huse/husa-pentru-apple-iphone-17-oem-ultra-trendy-love-2-multicolor,https://img.gsmnet.ro/600x600/products/236808/husa-pentru-apple-iphone-1-1769695269.jpeg,2026-09-17 03:46:42,23
374780,5907674513766,"Husa pentru Samsung Galaxy S25 S931 / S24 S921, OEM, Ultra Trendy Love 2, Multicolor ",OEM,9.99,0,https://www.gsmnet.ro/accesorii-telefoane-tablete-huse/husa-pentru-samsung-galaxy-s25-s931-s24-s921-oem-ultra-trendy-love-2-multicolor,https://img.gsmnet.ro/600x600/products/236814/husa-pentru-samsung-galaxy-1-1769693797.png,2026-08-08 01:40:23,177
374851,5903396285974,"Husa pentru Xiaomi Redmi Note 13 5G, OEM, Carbon Premium, Neagra ",OEM,9.99,0,https://www.gsmnet.ro/accesorii-telefoane-tablete-huse/husa-pentru-xiaomi-redmi-note-13-5g-oem-carbon-premium-neagra,https://img.gsmnet.ro/600x600/products/236885/husa-pentru-xiaomi-redmi-1-1769696460.png,2026-09-08 03:24:25,59
374854,5903396431128,"Husa MagSafe pentru Samsung Galaxy S26 S942, OEM, Kevlar, Neagra",OEM,29.99,0,https://www.gsmnet.ro/accesorii-telefoane-tablete-huse/husa-magsafe-pentru-samsung-galaxy-s26-s942-oem-kevlar-neagra,https://img.gsmnet.ro/600x600/products/236888/husa-magsafe-pentru-samsung-1-1769694648.jpeg,2026-07-17 02:41:26,264
374856,5903396284120,"Husa pentru Xiaomi Redmi Note 13 Pro 4G, OEM, Matt, Albastra ",OEM,6.99,0,https://www.gsmnet.ro/accesorii-telefoane-tablete-huse/husa-pentru-xiaomi-redmi-note-13-pro-4g-oem-matt-albastra,https://img.gsmnet.ro/600x600/products/236890/husa-pentru-xiaomi-redmi-1-1769696529.png,2026-09-08 03:24:25,59
374857,5903396371431,"Husa pentru Xiaomi Redmi Note 14 Pro 5G, OEM, Sappy, Mov ",OEM,3.99,0,https://www.gsmnet.ro/accesorii-telefoane-tablete-huse/husa-pentru-xiaomi-redmi-note-14-pro-5g-oem-sappy-mov,https://img.gsmnet.ro/600x600/products/236891/husa-pentru-xiaomi-redmi-1-1769696698.png,2026-07-21 02:44:07,248
374866,6920680850037,"Husa pentru Apple iPhone 15 Pro, XO Design, Hidden Stand, Neagra ",XO Design,11.99,0,https://www.gsmnet.ro/accesorii-telefoane-tablete-huse/husa-pentru-apple-iphone-15-pro-xo-design-hidden-stand-neagra,https://img.gsmnet.ro/600x600/products/236900/husa-pentru-apple-iphone-1-1769692999.jpeg,2026-08-22 01:14:09,121
374871,3801046056825,"Husa pentru Apple iPhone 15 Pro, XO Design, Card Slot, Portocalie ",XO Design,8.99,0,https://www.gsmnet.ro/accesorii-telefoane-tablete-huse/husa-pentru-apple-iphone-15-pro-xo-design-card-slot-portocalie,https://img.gsmnet.ro/600x600/products/236905/husa-pentru-apple-iphone-1-1769691821.jpeg,2026-08-20 01:14:27,129
374881,194644060381,"Cantar Digital Eufy Smart Scale C20, Negru T9130011 ",Eufy,184.99,0,https://www.gsmnet.ro/gadgeturi-utile/cantar-digital-eufy-smart-scale-c20-negru-t9130011,https://img.gsmnet.ro/600x600/products/236915/cantar-digital-eufy-smart-1-1770034333.jpg,2026-09-16 03:41:36,27
374887,660982747449,"Display cu Touchscreen ZY pentru Apple iPhone 16, cu Rama, Versiune LCD In-Cell IC Movable, Negru ",ZY,154.99,0,https://www.gsmnet.ro/piese-componente-display-cu-touchscreen/display-cu-touchscreen-zy-pentru-apple-iphone-16-cu-rama-versiune-lcd-in-cell-ic-movable-negru,https://img.gsmnet.ro/600x600/products/236921/display-cu-touchscreen-zy-3-1778851915.png,2026-07-28 02:34:33,220
374889,6975837586659,"Suport Auto Magnetic XO Design C188, Universal, Negru ",XO Design,59.99,0,https://www.gsmnet.ro/accesorii-telefoane-tablete-suporturi-telefoane/suport-auto-magnetic-xo-design-c188-universal-negru,https://img.gsmnet.ro/600x600/products/236923/suport-auto-magnetic-xo-1-1770381569.jpeg,2026-08-15 01:14:41,149
374890,5904643070640,"Husa pentru Xiaomi Redmi Note 15 5G, OEM, Marva Wallet, Neagra ",OEM,25.99,0,https://www.gsmnet.ro/accesorii-telefoane-tablete-huse/husa-pentru-xiaomi-redmi-note-15-5g-oem-marva-wallet-neagra,https://img.gsmnet.ro/600x600/products/236924/husa-pentru-xiaomi-redmi-1-1770034510.jpg,2026-08-26 19:46:38,102
374891,5904643070657,"Husa pentru Xiaomi Redmi Note 15 5G, OEM, Marva Wallet, Bleumarin ",OEM,25.99,0,https://www.gsmnet.ro/accesorii-telefoane-tablete-huse/husa-pentru-xiaomi-redmi-note-15-5g-oem-marva-wallet-bleumarin,https://img.gsmnet.ro/600x600/products/236925/husa-pentru-xiaomi-redmi-1-1770034478.jpg,2026-08-12 01:58:19,161
374893,5904643070619,"Husa pentru Xiaomi Redmi Note 15 4G, OEM, Marva Wallet, Bleumarin ",OEM,25.99,0,https://www.gsmnet.ro/accesorii-telefoane-tablete-huse/husa-pentru-xiaomi-redmi-note-15-4g-oem-marva-wallet-bleumarin,https://img.gsmnet.ro/600x600/products/236927/husa-pentru-xiaomi-redmi-1-1770034405.jpg,2026-08-12 01:58:19,161
375243,6974434223509,"Incarcator Retea Cu Cablu USB-C CMF by Nothing C349, 100W, 5A, 1 x USB-A - 2 x USB-C, Gri A10800016",CMF by Nothing,214.99,0,https://www.gsmnet.ro/accesorii-telefoane-tablete-incarcatoare/incarcator-retea-cu-cablu-usb-c-cmf-by-nothing-c349-100w-5a-1-x-usb-a-2-x-usb-c-gri-a10800016,https://img.gsmnet.ro/600x600/products/237277/incarcator-retea-cu-cablu-1-1770904197.jpeg,2026-08-01 02:50:04,204
375244,6974434222717,"Smartwatch CMF by Nothing Watch Pro 2, Gri A10700012",CMF by Nothing,270.99,0,https://www.gsmnet.ro/wearables-smartwatch/smartwatch-cmf-by-nothing-watch-pro-2-gri-a10700012,https://img.gsmnet.ro/600x600/products/237278/smartwatch-cmf-by-nothing-1-1770381382.jpg,2026-08-01 02:50:04,204
375245,6974434222731,"Smartwatch CMF by Nothing Watch Pro 2, Portocaliu  A10700014",CMF by Nothing,270.99,0,https://www.gsmnet.ro/wearables-smartwatch/smartwatch-cmf-by-nothing-watch-pro-2-portocaliu-a10700014,https://img.gsmnet.ro/600x600/products/237279/smartwatch-cmf-by-nothing-1-1770382578.jpg,2026-08-01 02:50:04,204
375246,6921815630029,"Cablu Date si Incarcare USB-A - USB-C / Pogo Pin OnePlus DL162, 80W, 1.2m, Rosu 5461100665",OnePlus,108.99,0,https://www.gsmnet.ro/accesorii-telefoane-tablete-cabluri-adaptori/cablu-date-incarcare-usb-a-usb-c-pogo-pin-oneplus-dl162-80w-1-2m-rosu-5461100665,https://img.gsmnet.ro/600x600/products/237280/cablu-date-incarcare-1-1770735938.jpeg,2026-08-01 02:50:04,204
375352,751492642444,"Solid State Drive (SSD) PNY CS1030, 250GB, NVMe M.2 2280, PCIe M280CS1030-250-RB ",PNY,289.99,0,https://www.gsmnet.ro/accesorii-pc-laptop-solutii-stocare/solid-state-drive-ssd-pny-cs1030-250gb-nvme-m-2-2280-pcie-m280cs1030-250-rb,https://img.gsmnet.ro/600x600/products/237386/solid-state-drive-ssd-1-1770730980.jpeg,2026-07-17 02:41:26,264
375576,5906302335343,"Husa MagSafe pentru Apple iPhone 17 Pro Max, Tech-Protect, Lamano Leopard, Neagra ",Tech-Protect,29.99,0,https://www.gsmnet.ro/accesorii-telefoane-tablete-huse/husa-magsafe-pentru-apple-iphone-17-pro-max-tech-protect-lamano-leopard-neagra,https://img.gsmnet.ro/600x600/products/237610/husa-magsafe-pentru-apple-1-1770723030.jpg,2026-07-17 02:41:26,264
375577,5906302333653,"Husa MagSafe pentru Apple iPhone 17, Tech-Protect, Magmat, Gri Mata",Tech-Protect,33.99,0,https://www.gsmnet.ro/accesorii-telefoane-tablete-huse/husa-magsafe-pentru-apple-iphone-17-tech-protect-magmat-gri-mata,https://img.gsmnet.ro/600x600/products/237611/husa-magsafe-pentru-apple-1-1770722527.jpg,2026-08-05 02:33:14,188
375581,5906302333851,"Husa MagSafe pentru Apple iPhone 17 Pro, Tech-Protect, Silicone, Bleumarin ",Tech-Protect,36.99,0,https://www.gsmnet.ro/accesorii-telefoane-tablete-huse/husa-magsafe-pentru-apple-iphone-17-pro-tech-protect-silicone-bleumarin,https://img.gsmnet.ro/600x600/products/237615/husa-magsafe-pentru-apple-1-1770721637.jpeg,2026-08-26 19:46:38,102
375583,5906302334308,"Husa MagSafe pentru Apple iPhone 17, Tech-Protect, Uniq, Albastra ",Tech-Protect,41.99,0,https://www.gsmnet.ro/accesorii-telefoane-tablete-huse/husa-magsafe-pentru-apple-iphone-17-tech-protect-uniq-albastra,https://img.gsmnet.ro/600x600/products/237617/husa-magsafe-pentru-apple-1-1770719944.jpeg,2026-08-15 01:14:41,149
375588,5906302352555,"Sticker Metalic Tech-Protect MMP-210, Set 2 bucati, Albastru Argintiu ",Tech-Protect,12.99,0,https://www.gsmnet.ro/accesorii-telefoane-tablete-suporturi-telefoane/sticker-metalic-tech-protect-mmp-210-set-2-bucati-albastru-argintiu,https://img.gsmnet.ro/600x600/products/237622/inel-magsafe-tech-protect-mmp-210-1-1770717419.jpeg,2026-09-08 03:24:25,59
375593,5906302352548,"Sticker Metalic Tech-Protect MMP-210, Set 2 bucati, Negru Portocaliu",Tech-Protect,11.99,0,https://www.gsmnet.ro/accesorii-telefoane-tablete-suporturi-telefoane/sticker-metalic-tech-protect-mmp-210-set-2-bucati-negru-portocaliu,https://img.gsmnet.ro/600x600/products/237627/inel-magsafe-tech-protect-mmp-210-1-1770715618.jpeg,2026-07-18 02:32:25,260
375596,5906302335978,"Suport Inel Tech-Protect MMR400 Lamano, Universal, Roz Auriu",Tech-Protect,29.99,0,https://www.gsmnet.ro/accesorii-telefoane-tablete-suporturi-telefoane/suport-inel-tech-protect-mmr400-lamano-universal-roz-auriu,https://img.gsmnet.ro/600x600/products/237630/suport-inel-tech-protect-mmr400-1-1770714201.jpeg,2026-07-29 02:40:35,216
375597,5906302353101,"Suport Inel Tech-Protect MMR700 Lamano, Universal, Roz Auriu",Tech-Protect,36.99,0,https://www.gsmnet.ro/accesorii-telefoane-tablete-suporturi-telefoane/suport-inel-tech-protect-mmr700-lamano-universal-roz-auriu,https://img.gsmnet.ro/600x600/products/237631/suport-inel-tech-protect-mmr700-1-1770712825.jpeg,2026-08-04 02:33:52,192
375601,5906302353194,"Folie de protectie Ecran Tech-Protect pentru Samsung Galaxy S26 S942, Sticla Securizata, Full Glue, Set 10 bucati",Tech-Protect,49.99,0,https://www.gsmnet.ro/accesorii-telefoane-tablete-folii-protectie/folie-de-protectie-ecran-tech-protect-pentru-samsung-galaxy-s26-s942-sticla-securizata-full-glue-set-10-bucati,https://img.gsmnet.ro/600x600/products/237635/folie-de-protectie-ecran-1-1770711534.jpg,2026-08-08 01:40:23,177
375602,5906302353200,"Folie de protectie Ecran Tech-Protect pentru Samsung Galaxy S26 Ultra S948, Sticla Securizata, Full Glue, Set 10 bucati",Tech-Protect,49.99,0,https://www.gsmnet.ro/accesorii-telefoane-tablete-folii-protectie/folie-de-protectie-ecran-tech-protect-pentru-samsung-galaxy-s26-ultra-s948-sticla-securizata-full-glue-set-10-bucati,https://img.gsmnet.ro/600x600/products/237636/folie-de-protectie-ecran-1-1770711303.jpg,2026-07-18 02:32:25,260
375607,8800293859789,"Folie de protectie Ecran Ringke Easy Slide AR pentru Apple iPhone 17 Pro, Sticla Securizata, Full Glue, 2.5D, Neagra ",Ringke,49.99,0,https://www.gsmnet.ro/accesorii-telefoane-tablete-folii-protectie/folie-de-protectie-ecran-ringke-easy-slide-ar-pentru-apple-iphone-17-pro-sticla-securizata-full-glue-2-5d-neagra,https://img.gsmnet.ro/600x600/products/237641/folie-de-protectie-ecran-1-1770710956.jpg,2026-07-18 02:32:25,260
375847,5906302352623,"Husa MagSafe pentru Apple iPhone 17 Pro Max, Tech-Protect, BasicMag, Maro Mata",Tech-Protect,29.99,0,https://www.gsmnet.ro/accesorii-telefoane-tablete-huse/husa-magsafe-pentru-apple-iphone-17-pro-max-tech-protect-basicmag-maro-mata,https://img.gsmnet.ro/600x600/products/237881/husa-magsafe-pentru-apple-1-1770980371.jpg,2026-08-28 21:46:21,98
375855,5906302333813,"Husa MagSafe pentru Apple iPhone 17 Pro, Tech-Protect, MagPeak, Portocalie ",Tech-Protect,39.99,0,https://www.gsmnet.ro/accesorii-telefoane-tablete-huse/husa-magsafe-pentru-apple-iphone-17-pro-tech-protect-magpeak-portocalie,https://img.gsmnet.ro/600x600/products/237889/husa-magsafe-pentru-apple-1-1770985561.png,2026-07-23 02:47:09,240
375923,740617296099,"Memorie RAM Kingston ValueRAM, DDR4 SODIMM, 8GB, 3200Mhz KVR32S22S8/8 ",Kingston,399.99,0,https://www.gsmnet.ro/accesorii-pc-laptop-memorii-ram/memorie-ram-kingston-valueram-ddr4-sodimm-8gb-3200mhz-kvr32s22s8-8,https://img.gsmnet.ro/600x600/products/237957/memorie-ram-kingston-valueram-1-1770894694.jpg,2026-07-17 02:41:26,264
376088,5900217464457,"Dop Anti Praf Port Telefon cu Breloc OEM DSP-30, USB-C, Multicolor",OEM,6.99,0,https://www.gsmnet.ro/gadgeturi-utile/dop-anti-praf-port-telefon-cu-breloc-oem-dsp-30-usb-c-multicolor,https://img.gsmnet.ro/600x600/products/238122/dop-anti-praf-port-1-1771331581.jpg,2026-08-27 21:52:51,100
376089,5900217464266,"Dop Anti Praf Port Telefon cu Breloc OEM DSP-02, Lightning, Multicolor",OEM,6.99,0,https://www.gsmnet.ro/gadgeturi-utile/dop-anti-praf-port-telefon-cu-breloc-oem-dsp-02-lightning-multicolor,https://img.gsmnet.ro/600x600/products/238123/dop-anti-praf-port-1-1771331425.jpg,2026-08-27 21:52:51,100
376090,5900217464303,"Dop Anti Praf Port Telefon cu Breloc OEM DSP-09, Lightning, Multicolor",OEM,6.99,0,https://www.gsmnet.ro/gadgeturi-utile/dop-anti-praf-port-telefon-cu-breloc-oem-dsp-09-lightning-multicolor,https://img.gsmnet.ro/600x600/products/238124/dop-anti-praf-port-1-1771331531.jpg,2026-08-27 21:52:51,100
376091,5900217464471,"Dop Anti Praf Port Telefon cu Breloc OEM DSP-34, USB-C, Multicolor",OEM,6.99,0,https://www.gsmnet.ro/gadgeturi-utile/dop-anti-praf-port-telefon-cu-breloc-oem-dsp-34-usb-c-multicolor,https://img.gsmnet.ro/600x600/products/238125/dop-anti-praf-port-1-1771331663.jpg,2026-08-27 21:52:51,100
376103,5900217963257,"Baterie MaximCell, LR41 / AG3, Set 5 bucati ",MaximCell,5.99,0,https://www.gsmnet.ro/gadgeturi-baterii-lanterne/baterie-maximcell-lr41-ag3-set-5-bucati,https://img.gsmnet.ro/600x600/products/238137/baterie-maximcell-lr41-1-1771418701.jpg,2026-08-27 21:52:51,100
376104,5900217960591,"Baterie MaximCell Super Power, AA / LR6, Set 4 bucati ",MaximCell,9.99,0,https://www.gsmnet.ro/gadgeturi-baterii-lanterne/baterie-maximcell-super-power-aa-lr6-set-4-bucati,https://img.gsmnet.ro/600x600/products/238138/baterie-maximcell-super-power-1-1771418353.jpg,2026-09-08 03:24:25,59
376125,6970211474478,"Surubelnita JIMI Home FM-3, 100in1 ",JIMI Home,189.99,0,https://www.gsmnet.ro/aparatura-instrumente-service-surubelnite/surubelnita-jimi-home-fm-3-100in1,https://img.gsmnet.ro/600x600/products/238159/surubelnita-jimi-home-fm-3-1-1770978216.jpeg,2026-07-18 02:32:25,260
376133,6977196684625,"Incarcator Retea Wireless Dudao A11S 3in1, 15W, Negru ",Dudao,74.99,0,https://www.gsmnet.ro/accesorii-telefoane-tablete-incarcatoare/incarcator-retea-wireless-dudao-a11s-3in1-15w-negru,https://img.gsmnet.ro/600x600/products/238167/incarcator-retea-wireless-dudao-1-1771336688.jpg,2026-08-27 21:52:51,100
376139,6976625336302,"Handsfree Bluetooth Dudao U4Pro, A2DP, Bej Auriu ",Dudao,24.99,0,https://www.gsmnet.ro/accesorii-telefoane-tablete-casti-audio/handsfree-bluetooth-dudao-u4pro-a2dp-bej-auriu,https://img.gsmnet.ro/600x600/products/238173/handsfree-bluetooth-dudao-u4pro-1-1771409692.jpg,2026-08-13 02:00:15,157
376140,6976625336395,"Boxa Portabila Bluetooth Dudao Y21, 2 x 5W, TWS, RGB, Neagra ",Dudao,109.99,0,https://www.gsmnet.ro/gadgeturi-boxe-bluetooth/boxa-portabila-bluetooth-dudao-y21-2-x-5w-tws-rgb-neagra,https://img.gsmnet.ro/600x600/products/238174/boxa-portabila-bluetooth-dudao-1-1771418195.jpg,2026-09-12 03:28:29,43
376237,6933654817875,"Adaptor OTG USB-C - USB-A BWOO BZ69, Gri ",BWOO,14.99,0,https://www.gsmnet.ro/accesorii-telefoane-tablete-cabluri-adaptori/adaptor-otg-usb-c-usb-a-bwoo-bz69-gri,https://img.gsmnet.ro/600x600/products/238271/adaptor-otg-usb-c-1-1771417589.png,2026-08-20 01:14:27,129
376244,6920680859030,"Incarcator Retea Cu Cablu USB-C XO Design CE30, 30W, 3A, 1 x USB-A - 1 x USB-C, Alb ",XO Design,25.99,0,https://www.gsmnet.ro/accesorii-telefoane-tablete-incarcatoare/incarcator-retea-cu-cablu-usb-c-xo-design-ce30-30w-3a-1-x-usb-a-1-x-usb-c-alb,https://img.gsmnet.ro/600x600/products/238278/incarcator-retea-cu-cablu-1-1771242018.png,2026-08-01 02:50:04,204
376258,5907674547723,"Husa pentru Oppo A6x, OEM, Smart Magnet, Neagra ",OEM,16.99,0,https://www.gsmnet.ro/accesorii-telefoane-tablete-huse/husa-pentru-oppo-a6x-oem-smart-magnet-neagra,https://img.gsmnet.ro/600x600/products/238292/husa-pentru-oppo-a6x-1-1771246575.jpg,2026-07-17 02:41:26,264
376270,4019588765757,"Handsfree Bluetooth Reinston ESB006X, MultiPoint, A2DP, Negru ",Reinston,64.99,0,https://www.gsmnet.ro/accesorii-telefoane-tablete-casti-audio/handsfree-bluetooth-reinston-esb006x-multipoint-a2dp-negru,https://img.gsmnet.ro/600x600/products/238304/handsfree-bluetooth-reinston-esb006x-1-1771422870.jpg,2026-07-17 02:41:26,264
376315,3800165056051,"Cablu Date si Incarcare USB-A - microUSB XO Design NB143, 18W, 1m, Rosu ",XO Design,6.99,0,https://www.gsmnet.ro/accesorii-telefoane-tablete-cabluri-adaptori/cablu-date-incarcare-usb-a-microusb-xo-design-nb143-18w-1m-rosu,https://img.gsmnet.ro/600x600/products/238349/cablu-date-incarcare-1-1771428316.jpeg,2026-07-24 02:42:58,236
376323,6920680856848,"Adaptor Audio USB-C - Lightning XO Design NB-R268B, Alb ",XO Design,41.99,0,https://www.gsmnet.ro/accesorii-telefoane-tablete-cabluri-adaptori/adaptor-audio-usb-c-lightning-xo-design-nb-r268b-alb,https://img.gsmnet.ro/600x600/products/238357/adaptor-audio-usb-c-1-1771425436.jpg,2026-08-26 19:46:38,102
376326,6920680878994,"Handsfree Bluetooth XO Design BE25, A2DP, Negru ",XO Design,79.99,0,https://www.gsmnet.ro/accesorii-telefoane-tablete-casti-audio/handsfree-bluetooth-xo-design-be25-a2dp-negru,https://img.gsmnet.ro/600x600/products/238360/handsfree-bluetooth-xo-design-1-1771941349.jpg,2026-07-24 02:42:58,236
376330,3800165091199,"Cablu Audio USB-C / 3.5mm - 3.5mm XO Design NB178B, 1m, Negru ",XO Design,23.99,0,https://www.gsmnet.ro/accesorii-telefoane-tablete-cabluri-adaptori/cablu-audio-usb-c-3-5mm-3-5mm-xo-design-nb178b-1m-negru,https://img.gsmnet.ro/600x600/products/238364/cablu-audio-usb-c-1-1771423726.jpeg,2026-09-03 03:17:44,79
376331,740617321043,"Card Memorie microSDXC Kingston Industrial, 64Gb, Clasa 10 / UHS-1 U3, Cu Adaptor SDCIT2/64GB ",Kingston,309.99,0,https://www.gsmnet.ro/accesorii-telefoane-tablete-carduri-memorii-usb/card-memorie-microsdxc-kingston-industrial-64gb-clasa-10-uhs-1-u3-cu-adaptor-sdcit2-64gb,https://img.gsmnet.ro/600x600/products/238365/card-memorie-microsdxc-kingston-1-1771941901.jpg,2026-08-26 19:46:38,102
376335,6932172633295,"Cablu Date si Incarcare USB-C - USB-C Baseus Unbreakable, 100W, 2m, Alb P10355800221-01 ",Baseus,35.99,0,https://www.gsmnet.ro/accesorii-telefoane-tablete-cabluri-adaptori/cablu-date-incarcare-usb-c-usb-c-baseus-unbreakable-100w-2m-alb-p10355800221-01,https://img.gsmnet.ro/600x600/products/238369/cablu-date-incarcare-1-1771418008.png,2026-09-16 03:41:36,27
376336,6932172636456,"Incarcator Auto Baseus Golden Contactor Pro, 65W, 3A, 1 x USB-A - 2 x USB-C, Gri C00035202841-00 ",Baseus,124.99,0,https://www.gsmnet.ro/accesorii-telefoane-tablete-incarcatoare/incarcator-auto-baseus-golden-contactor-pro-65w-3a-1-x-usb-a-2-x-usb-c-gri-c00035202841-00,https://img.gsmnet.ro/600x600/products/238370/incarcator-auto-baseus-golden-1-1771337740.jpeg,2026-09-16 03:41:36,27
376449,5904643071906,"Husa pentru Samsung Galaxy A37 5G, OEM, Tint, Bleumarin ",OEM,12.99,0,https://www.gsmnet.ro/accesorii-telefoane-tablete-huse/husa-pentru-samsung-galaxy-a37-5g-oem-tint-bleumarin,https://img.gsmnet.ro/600x600/products/238483/husa-pentru-samsung-galaxy-1-1771940411.jpg,2026-09-09 03:28:01,55
376452,5904643071814,"Husa pentru Samsung Galaxy A37 5G, OEM, Carbon Pro, Neagra ",OEM,20.99,0,https://www.gsmnet.ro/accesorii-telefoane-tablete-huse/husa-pentru-samsung-galaxy-a37-5g-oem-carbon-pro-neagra,https://img.gsmnet.ro/600x600/products/238486/husa-pentru-samsung-galaxy-1-1771940251.jpg,2026-08-26 19:46:38,102
376453,5904643071821,"Husa pentru Samsung Galaxy A57 5G, OEM, Carbon Pro, Neagra ",OEM,20.99,0,https://www.gsmnet.ro/accesorii-telefoane-tablete-huse/husa-pentru-samsung-galaxy-a57-5g-oem-carbon-pro-neagra,https://img.gsmnet.ro/600x600/products/238487/husa-pentru-samsung-galaxy-1-1771940532.jpg,2026-08-26 19:46:38,102
376455,5904643071869,"Husa pentru Samsung Galaxy A57 5G, OEM, Carbon Enviro, Neagra ",OEM,21.99,0,https://www.gsmnet.ro/accesorii-telefoane-tablete-huse/husa-pentru-samsung-galaxy-a57-5g-oem-carbon-enviro-neagra,https://img.gsmnet.ro/600x600/products/238489/husa-pentru-samsung-galaxy-1-1771940482.jpg,2026-07-23 02:47:09,240
376459,5904643071838,"Husa pentru Samsung Galaxy A37 5G, OEM, Enviro Essential, Transparenta ",OEM,22.99,0,https://www.gsmnet.ro/accesorii-telefoane-tablete-huse/husa-pentru-samsung-galaxy-a37-5g-oem-enviro-essential-transparenta,https://img.gsmnet.ro/600x600/products/238493/husa-pentru-samsung-galaxy-1-1771940309.png,2026-09-09 03:28:01,55
376523,6941991121227,"Handsfree Bluetooth Borofone BO35 Adorable, A2DP, Albastru ",Borofone,119.99,0,https://www.gsmnet.ro/accesorii-telefoane-tablete-casti-audio/handsfree-bluetooth-borofone-bo35-adorable-a2dp-albastru,https://img.gsmnet.ro/600x600/products/238557/handsfree-bluetooth-borofone-bo35-4-1771862249.jpg,2026-09-08 03:24:25,59
376535,5900495978530,"Cablu Date si Incarcare USB-C - USB-C Forever Flexible, 60W, 2m, Alb ",Forever,10.99,0,https://www.gsmnet.ro/accesorii-telefoane-tablete-cabluri-adaptori/cablu-date-incarcare-usb-c-usb-c-forever-flexible-60w-2m-alb,https://img.gsmnet.ro/600x600/products/238569/cablu-date-incarcare-1-1772012988.png,2026-08-01 02:50:04,204
376549,5903396474972,"Covor Service Blueo pentru aplicare Folie Protectie, Gri ",Blueo,114.99,0,https://www.gsmnet.ro/aparatura-instrumente-service-instrumente-service/covor-service-blueo-pentru-aplicare-folie-protectie-gri,https://img.gsmnet.ro/600x600/products/238583/covor-service-blueo-pentru-1-1772454729.png,2026-07-24 02:42:58,236
376551,6931474785046,"Handsfree Bluetooth HOCO EW28, TWS, Negru ",HOCO,49.99,0,https://www.gsmnet.ro/wearables-audio-inclusiv-tws/handsfree-bluetooth-hoco-ew28-tws-negru,https://img.gsmnet.ro/600x600/products/238585/handsfree-bluetooth-hoco-ew28-1-1772457402.png,2026-07-24 02:42:58,236
376567,5906302390380,"Husa MagSafe pentru Samsung Galaxy S26 S942, Tech-Protect, Magcam, Neagra Rosie Mata",Tech-Protect,37.99,0,https://www.gsmnet.ro/accesorii-telefoane-tablete-huse/husa-magsafe-pentru-samsung-galaxy-s26-s942-tech-protect-magcam-neagra-rosie-mata,https://img.gsmnet.ro/600x600/products/238601/husa-magsafe-pentru-samsung-1-1771941153.png,2026-08-05 02:33:14,188
376569,5906302390397,"Husa MagSafe pentru Samsung Galaxy S26 Plus S947, Tech-Protect, Magcam, Neagra Rosie Mata",Tech-Protect,35.99,0,https://www.gsmnet.ro/accesorii-telefoane-tablete-huse/husa-magsafe-pentru-samsung-galaxy-s26-plus-s947-tech-protect-magcam-neagra-rosie-mata,https://img.gsmnet.ro/600x600/products/238603/husa-magsafe-pentru-samsung-1-1771937377.jpg,2026-07-23 02:47:09,240
376571,5906302390762,"Husa MagSafe pentru Samsung Galaxy S26 Ultra S948, Tech-Protect, Magmat, Portocalie Mata",Tech-Protect,29.99,0,https://www.gsmnet.ro/accesorii-telefoane-tablete-huse/husa-magsafe-pentru-samsung-galaxy-s26-ultra-s948-tech-protect-magmat-portocalie-mata,https://img.gsmnet.ro/600x600/products/238605/husa-magsafe-pentru-samsung-1-1771938237.jpg,2026-07-29 02:40:35,216
376572,5906302390694,"Husa MagSafe pentru Samsung Galaxy S26 S942, Tech-Protect, Magrack, Neagra Mata",Tech-Protect,47.99,0,https://www.gsmnet.ro/accesorii-telefoane-tablete-huse/husa-magsafe-pentru-samsung-galaxy-s26-s942-tech-protect-magrack-neagra-mata,https://img.gsmnet.ro/600x600/products/238606/husa-magsafe-pentru-samsung-1-1771921024.png,2026-08-28 21:46:21,98
376574,5906302390892,"Husa MagSafe pentru Samsung Galaxy S26 Plus S947, Tech-Protect, Magrack, Neagra Mata",Tech-Protect,37.99,0,https://www.gsmnet.ro/accesorii-telefoane-tablete-huse/husa-magsafe-pentru-samsung-galaxy-s26-plus-s947-tech-protect-magrack-neagra-mata,https://img.gsmnet.ro/600x600/products/238608/husa-magsafe-pentru-samsung-1-1771922372.png,2026-08-12 01:58:19,161
376582,5906302392360,"Husa pentru Samsung Galaxy A37 5G / A56 A566 / A36 A366, Tech-Protect, Wallet, Neagra ",Tech-Protect,34.99,0,https://www.gsmnet.ro/accesorii-telefoane-tablete-huse/husa-pentru-samsung-galaxy-a37-5g-a56-a566-a36-a366-tech-protect-wallet-neagra,https://img.gsmnet.ro/600x600/products/238616/husa-pentru-samsung-galaxy-1-1772455602.png,2026-07-23 02:47:09,240
376666,6932554411817,"Baterie Externa Xiaomi, 20000mAh, 22.5W, QC + PD, 1 x USB-A - 2 x USB-C, Argintie BHR9738GL ",Xiaomi,89.99,0,https://www.gsmnet.ro/accesorii-telefoane-tablete-baterii-externe/baterie-externa-xiaomi-20000mah-22-5w-qc-plus-pd-1-x-usb-a-2-x-usb-c-argintie-bhr9738gl,https://img.gsmnet.ro/600x600/products/238700/baterie-externa-xiaomi-20000mah-1-1772786634.png,2026-08-22 01:14:09,121
376667,6932554411824,"Baterie Externa Xiaomi, 20000mAh, 22.5W, QC + PD, 1 x USB-A - 2 x USB-C, Gri BHR9740GL ",Xiaomi,89.99,0,https://www.gsmnet.ro/accesorii-telefoane-tablete-baterii-externe/baterie-externa-xiaomi-20000mah-22-5w-qc-plus-pd-1-x-usb-a-2-x-usb-c-gri-bhr9740gl,https://img.gsmnet.ro/600x600/products/238701/baterie-externa-xiaomi-20000mah-1-1772786504.png,2026-09-03 03:17:44,79
376691,6956116701727,"Baterie Externa Joyroom Colorful Series JR-L012, 10000mAh, 22.5W, QC + PD, 1 x Lightning - 2 x USB-C, Roz",Joyroom,89.99,0,https://www.gsmnet.ro/accesorii-telefoane-tablete-baterii-externe/baterie-externa-joyroom-colorful-series-jr-l012-10000mah-22-5w-qc-plus-pd-1-x-lightning-2-x-usb-c-roz,https://img.gsmnet.ro/600x600/products/238725/baterie-externa-joyroom-colorful-1-1772198411.png,2026-08-13 02:00:15,157
376695,6941237121073,"Suport Inel Joyroom JR-ZS383, Universal, Portocaliu ",Joyroom,42.99,0,https://www.gsmnet.ro/accesorii-telefoane-tablete-suporturi-telefoane/suport-inel-joyroom-jr-zs383-universal-portocaliu,https://img.gsmnet.ro/600x600/products/238729/suport-inel-joyroom-jr-zs383-1-1772196880.png,2026-08-25 01:16:01,109
376699,6956116701741,"Baterie Externa Joyroom Colorful Series JR-L012, 10000mAh, 22.5W, QC + PD, 1 x Lightning - 2 x USB-C, Alba",Joyroom,104.99,0,https://www.gsmnet.ro/accesorii-telefoane-tablete-baterii-externe/baterie-externa-joyroom-colorful-series-jr-l012-10000mah-22-5w-qc-plus-pd-1-x-lightning-2-x-usb-c-alba,https://img.gsmnet.ro/600x600/products/238733/baterie-externa-joyroom-colorful-1-1772195501.png,2026-09-12 03:28:29,43
376866,6933654814799,"Incarcator Retea BWOO CDA207, 36W, 3A, 1 x USB-A - 1 x USB-C, Alb ",BWOO,29.99,0,https://www.gsmnet.ro/accesorii-telefoane-tablete-incarcatoare/incarcator-retea-bwoo-cda207-36w-3a-1-x-usb-a-1-x-usb-c-alb,https://img.gsmnet.ro/600x600/products/238900/incarcator-retea-bwoo-cda207-1-1772464334.png,2026-07-24 02:42:58,236
376874,5906302335183,"Husa Cu Tastatura pentru Samsung Galaxy Tab A11+ / Tab A9+, Tech-Protect, SC PEN, Roz ",Tech-Protect,189.99,0,https://www.gsmnet.ro/accesorii-telefoane-tablete-huse/husa-cu-tastatura-pentru-samsung-galaxy-tab-a11-plus-tab-a9-plus-tech-protect-sc-pen-roz,https://img.gsmnet.ro/600x600/products/238908/husa-cu-tastatura-pentru-1-1773148354.jpg,2026-09-08 03:24:25,59
376875,5906302335473,"Husa Cu Tastatura pentru Xiaomi Poco Pad M1 / Redmi Pad 2 Pro, Tech-Protect, SC PEN, Neagra ",Tech-Protect,135.99,0,https://www.gsmnet.ro/accesorii-telefoane-tablete-huse/husa-cu-tastatura-pentru-xiaomi-poco-pad-m1-redmi-pad-2-pro-tech-protect-sc-pen-neagra,https://img.gsmnet.ro/600x600/products/238909/husa-cu-tastatura-pentru-1-1773148578.jpg,2026-08-11 01:46:05,165
376885,5906302390687,"Husa MagSafe pentru Samsung Galaxy S26 S942, Tech-Protect, Lamano Velvet Night, Neagra ",Tech-Protect,26.99,0,https://www.gsmnet.ro/accesorii-telefoane-tablete-huse/husa-magsafe-pentru-samsung-galaxy-s26-s942-tech-protect-lamano-velvet-night-neagra,https://img.gsmnet.ro/600x600/products/238919/husa-magsafe-pentru-samsung-1-1772528636.png,2026-08-26 19:46:38,102
376894,5906302392964,"Husa Tech-Protect Slim Hook pentru Samsung Galaxy Buds4 / Buds4 Pro, Bleumarin ",Tech-Protect,29.99,0,https://www.gsmnet.ro/wearables-accesorii-wearables/husa-tech-protect-slim-hook-pentru-samsung-galaxy-buds4-buds4-pro-bleumarin,https://img.gsmnet.ro/600x600/products/238928/husa-tech-protect-slim-hook-1-1773152652.jpg,2026-08-05 02:33:14,188
376952,5903396435171,"Folie de protectie Ecran OEM pentru Samsung Galaxy A27 5G, Sticla Securizata, Full Glue, 5D, Neagra",OEM,9.99,0,https://www.gsmnet.ro/accesorii-telefoane-tablete-folii-protectie/folie-de-protectie-ecran-oem-pentru-samsung-galaxy-a27-5g-sticla-securizata-full-glue-5d-neagra,https://img.gsmnet.ro/600x600/products/238985/folie-de-protectie-ecran-1-1772700847.png,2026-08-12 01:58:19,161
376959,5903396445880,"Folie de protectie Ecran OEM pentru Xiaomi Redmi Note 15 Pro+ 5G, Sticla Securizata, Full Glue, 5D, Neagra ",OEM,9.99,0,https://www.gsmnet.ro/accesorii-telefoane-tablete-folii-protectie/folie-de-protectie-ecran-oem-pentru-xiaomi-redmi-note-15-pro-plus-5g-sticla-securizata-full-glue-5d-neagra,https://img.gsmnet.ro/600x600/products/238992/folie-de-protectie-ecran-1-1772700303.png,2026-07-21 02:44:07,248
376961,5903396432699,"Smartwatch Titmo O-200 Call, Mov ",Titmo,179.99,0,https://www.gsmnet.ro/wearables-smartwatch/smartwatch-titmo-o-200-call-mov,https://img.gsmnet.ro/600x600/products/238994/smartwatch-titmo-o-200-call-1-1772635857.png,2026-08-06 02:35:29,184
377011,6931474760517,"Cablu Date si Incarcare USB-C - USB-C HOCO X70, 60W, 1m, Alb ",HOCO,10.99,0,https://www.gsmnet.ro/accesorii-telefoane-tablete-cabluri-adaptori/cablu-date-incarcare-usb-c-usb-c-hoco-x70-60w-1m-alb,https://img.gsmnet.ro/600x600/products/239044/cablu-date-incarcare-1-1773150638.jpeg,2026-09-15 03:44:46,31
377139,5907769386992,"Husa pentru Samsung Galaxy A57 5G, OEM, Ultra Clear, Transparenta ",OEM,9.99,0,https://www.gsmnet.ro/accesorii-telefoane-tablete-huse/husa-pentru-samsung-galaxy-a57-5g-oem-ultra-clear-transparenta,https://img.gsmnet.ro/600x600/products/239172/husa-pentru-samsung-galaxy-1-1773145082.png,2026-09-12 03:28:29,43
377140,5907769387012,"Husa pentru Samsung Galaxy A57 5G, OEM, Soft, Neagra ",OEM,9.99,0,https://www.gsmnet.ro/accesorii-telefoane-tablete-huse/husa-pentru-samsung-galaxy-a57-5g-oem-soft-neagra,https://img.gsmnet.ro/600x600/products/239173/husa-pentru-samsung-galaxy-1-1773144814.png,2026-09-12 03:28:29,43
377141,5907769387074,"Husa pentru Samsung Galaxy A37 5G, OEM, Ultra Clear, Transparenta ",OEM,9.99,0,https://www.gsmnet.ro/accesorii-telefoane-tablete-huse/husa-pentru-samsung-galaxy-a37-5g-oem-ultra-clear-transparenta,https://img.gsmnet.ro/600x600/products/239174/husa-pentru-samsung-galaxy-1-1773145031.png,2026-09-12 03:28:29,43
377142,5907769387098,"Husa pentru Samsung Galaxy A37 5G, OEM, Soft, Neagra ",OEM,9.99,0,https://www.gsmnet.ro/accesorii-telefoane-tablete-huse/husa-pentru-samsung-galaxy-a37-5g-oem-soft-neagra,https://img.gsmnet.ro/600x600/products/239175/husa-pentru-samsung-galaxy-1-1773144837.png,2026-08-27 21:52:51,100
377196,6975971295721,"Controller Machenike G5Pro Max, Alb ",Machenike,144.99,0,https://www.gsmnet.ro/gadgeturi-utile/controller-machenike-g5pro-max-alb,https://img.gsmnet.ro/600x600/products/239229/controller-machenike-g5pro-max-1-1773144546.png,2026-07-23 02:47:09,240
377276,725064,"Husa pentru Apple iPhone 14 Pro, Perfect Case, Italian Brainrot Bombardino Crocodilo, Multicolor ",Perfect Case,18.99,0,https://www.gsmnet.ro/accesorii-telefoane-tablete-huse/husa-pentru-apple-iphone-14-pro-perfect-case-italian-brainrot-bombardino-crocodilo-multicolor,https://img.gsmnet.ro/600x600/products/239309/husa-pentru-apple-iphone-1-1773236526.jpg,2026-09-08 03:24:25,59
377277,725071,"Husa pentru Apple iPhone 14 Pro, Perfect Case, Italian Brainrot Capuccino Assassino, Multicolor ",Perfect Case,19.99,0,https://www.gsmnet.ro/accesorii-telefoane-tablete-huse/husa-pentru-apple-iphone-14-pro-perfect-case-italian-brainrot-capuccino-assassino-multicolor,https://img.gsmnet.ro/600x600/products/239310/husa-pentru-apple-iphone-1-1773236507.jpg,2026-07-18 02:32:25,260
377278,725088,"Husa pentru Apple iPhone 14 Pro, Perfect Case, Italian Brainrot Tralalero TraLaLa, Multicolor ",Perfect Case,19.99,0,https://www.gsmnet.ro/accesorii-telefoane-tablete-huse/husa-pentru-apple-iphone-14-pro-perfect-case-italian-brainrot-tralalero-tralala-multicolor,https://img.gsmnet.ro/600x600/products/239311/husa-pentru-apple-iphone-1-1773236477.jpg,2026-07-18 02:32:25,260
377283,725293,"Husa pentru Samsung Galaxy A06 A065, Perfect Case, Italian Brainrot Tung Sahur, Multicolor ",Perfect Case,18.99,0,https://www.gsmnet.ro/accesorii-telefoane-tablete-huse/husa-pentru-samsung-galaxy-a06-a065-perfect-case-italian-brainrot-tung-sahur-multicolor,https://img.gsmnet.ro/600x600/products/239316/husa-pentru-samsung-galaxy-1-1773235477.jpg,2026-08-15 01:14:41,149
377285,4712366965843,"Memorie Externa USB-A Adata UV210, 32Gb AUV210-32G-RGD ",Adata,30.99,0,https://www.gsmnet.ro/accesorii-telefoane-tablete-carduri-memorii-usb/memorie-externa-usb-a-adata-uv210-32gb-auv210-32g-rgd,https://img.gsmnet.ro/600x600/products/239318/memorie-externa-usb-a-adata-1-1773324062.jpg,2026-08-26 01:18:58,105
377293,725576,"Husa pentru Xiaomi Redmi 12C, Perfect Case, Italian Brainrot Capuccino Assassino, Multicolor ",Perfect Case,18.99,0,https://www.gsmnet.ro/accesorii-telefoane-tablete-huse/husa-pentru-xiaomi-redmi-12c-perfect-case-italian-brainrot-capuccino-assassino-multicolor,https://img.gsmnet.ro/600x600/products/239326/husa-pentru-xiaomi-redmi-1-1773235281.jpg,2026-08-15 01:14:41,149
377304,6972391289477,"Priza Gosund Smart EP8, Wi-Fi",Gosund,39.99,0,https://www.gsmnet.ro/gadgeturi-smart-home/priza-gosund-smart-ep8-wi-fi,https://img.gsmnet.ro/600x600/products/239337/priza-gosund-smart-ep8-2-1773825280.jpg,2026-07-22 02:41:39,244
377307,5905316145214,Transmitator / Receptor Bluetooth BlitzMax BT05 ,BlitzMax,129.99,0,https://www.gsmnet.ro/gadgeturi-accesorii-auto/transmitator-receptor-bluetooth-blitzmax-bt05,https://img.gsmnet.ro/600x600/products/239340/transmitator-receptor-bluetooth-1-1773752034.jpg,2026-09-10 03:25:56,51
377309,6932172651794,"Handsfree Bluetooth Baseus Bowie WX5, TWS, Negru A00051000113-B1 ",Baseus,159.99,0,https://www.gsmnet.ro/wearables-audio-inclusiv-tws/handsfree-bluetooth-baseus-bowie-wx5-tws-negru-a00051000113-b1,https://img.gsmnet.ro/600x600/products/239342/handsfree-bluetooth-baseus-bowie-1-1773759151.jpg,2026-08-26 19:46:38,102
377311,6977038680549,"Prelungitor Gosund P1 Plus, Wi-Fi, 3 x Schuko",Gosund,99.99,0,https://www.gsmnet.ro/gadgeturi-smart-home/prelungitor-gosund-p1-plus-wi-fi-3-x-schuko,https://img.gsmnet.ro/600x600/products/239344/prelungitor-gosund-p1-plus-1-1773822090.jpg,2026-07-18 02:32:25,260
377317,6977038680846,"Priza Gosund Smart EP8-M, Wi-Fi",Gosund,49.99,0,https://www.gsmnet.ro/gadgeturi-smart-home/priza-gosund-smart-ep8-m-wi-fi,https://img.gsmnet.ro/600x600/products/239350/priza-gosund-ep8-m-wi-fi-1-1773822814.jpg,2026-09-12 03:28:29,43
377426,5903396405846,"Husa MagSafe pentru Apple iPhone 17 Pro, OEM, Silicone Mag, Roz ",OEM,12.99,0,https://www.gsmnet.ro/accesorii-telefoane-tablete-huse/husa-magsafe-pentru-apple-iphone-17-pro-oem-silicone-mag-roz,https://img.gsmnet.ro/600x600/products/239459/husa-magsafe-pentru-apple-1-1773669096.png,2026-08-22 01:14:09,121
377569,619659102500,"Card Memorie CompactFlash SanDisk Extreme Pro, 128Gb, UDMA 7 SDCFXPS-128G-X46 ",SanDisk,699.99,0,https://www.gsmnet.ro/accesorii-telefoane-tablete-carduri-memorii-usb/card-memorie-compactflash-sandisk-extreme-pro-128gb-udma-7-sdcfxps-128g-x46,https://img.gsmnet.ro/600x600/products/239602/card-memorie-compactflash-sandisk-1-1773924106.png,2026-08-26 01:18:58,105
377572,619659211844,"Memorie Externa USB-C / Lightning SanDisk Phone Drive, 64Gb SDIXD0N-064G-GN6NN ",SanDisk,175.99,0,https://www.gsmnet.ro/accesorii-telefoane-tablete-carduri-memorii-usb/memorie-externa-usb-c-lightning-sandisk-phone-drive-64gb-sdixd0n-064g-gn6nn,https://img.gsmnet.ro/600x600/products/239605/memorie-externa-usb-c-1-1773922899.png,2026-08-14 01:58:28,153
377573,619659189983,"Memorie Externa USB-C SanDisk Ultra Slider, 128Gb SDCZ480-128G-G46 ",SanDisk,90.99,0,https://www.gsmnet.ro/accesorii-telefoane-tablete-carduri-memorii-usb/memorie-externa-usb-c-sandisk-ultra-slider-128gb-sdcz480-128g-g46,https://img.gsmnet.ro/600x600/products/239606/memorie-externa-usb-c-sandisk-2-1773922610.png,2026-07-23 02:47:09,240
377577,619659197032,"Memorie Externa USB-A 3.2 SanDisk Ultra Eco, 512Gb SDCZ96-512G-G46 ",SanDisk,355.99,0,https://www.gsmnet.ro/accesorii-telefoane-tablete-carduri-memorii-usb/memorie-externa-usb-a-3-2-sandisk-ultra-eco-512gb-sdcz96-512g-g46,https://img.gsmnet.ro/600x600/products/239610/memorie-externa-usb-a-3-2-1-1773918511.png,2026-08-19 01:15:12,133
377606,5904643066186,"Husa pentru Motorola Edge 60 Fusion, OEM, Tint, Bleumarin ",OEM,12.99,0,https://www.gsmnet.ro/accesorii-telefoane-tablete-huse/husa-pentru-motorola-edge-60-fusion-oem-tint-bleumarin,https://img.gsmnet.ro/600x600/products/239639/husa-pentru-motorola-edge-1-1775203997.jpg,2026-08-26 19:46:38,102
377616,5904643073351,"Husa pentru Motorola Moto G77 / G67, OEM, Tint, Neagra ",OEM,12.99,0,https://www.gsmnet.ro/accesorii-telefoane-tablete-huse/husa-pentru-motorola-moto-g77-g67-oem-tint-neagra,https://img.gsmnet.ro/600x600/products/239649/husa-pentru-motorola-moto-1-1773914878.jpg,2026-08-26 19:46:38,102
377732,3801046046970,"Husa MagSafe pentru Apple iPhone 14 Pro, BOTER, MagPopsocket Photo Girl, Multicolor ",BOTER,21.99,0,https://www.gsmnet.ro/accesorii-telefoane-tablete-huse/husa-magsafe-pentru-apple-iphone-14-pro-boter-magpopsocket-photo-girl-multicolor,https://img.gsmnet.ro/600x600/products/239765/husa-magsafe-pentru-apple-1-1774348022.jpg,2026-07-18 02:32:25,260
377753,6938595383373,"Incarcator Retea Cu Cablu USB-C DEVIA RLC-383, 25W, 3A, 1 x USB-C, Alb",DEVIA,24.99,0,https://www.gsmnet.ro/accesorii-telefoane-tablete-incarcatoare/incarcator-retea-cu-cablu-usb-c-devia-rlc-383-25w-3a-1-x-usb-c-alb,https://img.gsmnet.ro/600x600/products/239786/incarcator-retea-devia-rlc-383-1-1774615277.jpg,2026-09-08 03:24:25,59
377754,5900495756114,"Incarcator Retea MaXlife MXTC-09-65ACC, 65W, 3.25A, 1 x USB-A - 2 x USB-C, Alb ",MaXlife,55.99,0,https://www.gsmnet.ro/accesorii-telefoane-tablete-incarcatoare/incarcator-retea-maxlife-mxtc-09-65acc-65w-3-25a-1-x-usb-a-2-x-usb-c-alb,https://img.gsmnet.ro/600x600/products/239787/incarcator-retea-maxlife-mxtc-09-65acc-1-1774615969.jpg,2026-07-21 02:44:07,248
377760,6933654815918,"Incarcator Retea BWOO CDA249, 12W, 2.4A, 1 x USB-A, Negru ",BWOO,10.99,0,https://www.gsmnet.ro/accesorii-telefoane-tablete-incarcatoare/incarcator-retea-bwoo-cda249-12w-2-4a-1-x-usb-a-negru,https://img.gsmnet.ro/600x600/products/239793/incarcator-retea-bwoo-cda249-1-1774615803.jpg,2026-08-26 19:46:38,102
377761,6933654812122,"Incarcator Retea BWOO CDA182, 38W, 3A, 1 x USB-A - 1 x USB-C, Alb ",BWOO,23.99,0,https://www.gsmnet.ro/accesorii-telefoane-tablete-incarcatoare/incarcator-retea-bwoo-cda182-38w-3a-1-x-usb-a-1-x-usb-c-alb,https://img.gsmnet.ro/600x600/products/239794/incarcator-retea-bwoo-cda182-1-1774615533.jpg,2026-07-23 02:47:09,240
377763,6933654816823,"Incarcator Retea BWOO CDA226, 20W, 3A, 1 x USB-C, Alb ",BWOO,15.99,0,https://www.gsmnet.ro/accesorii-telefoane-tablete-incarcatoare/incarcator-retea-bwoo-cda226-20w-3a-1-x-usb-c-alb,https://img.gsmnet.ro/600x600/products/239796/incarcator-retea-bwoo-cda226-1-1774615082.jpg,2026-08-07 00:01:02,181
377764,6933654816366,"Baterie Externa BWOO BO-P74, 10000mAh, 22.5W, PD, 1 x Lightning - 2 x USB-C, Neagra ",BWOO,96.99,0,https://www.gsmnet.ro/accesorii-telefoane-tablete-baterii-externe/baterie-externa-bwoo-bo-p74-10000mah-22-5w-pd-1-x-lightning-2-x-usb-c-neagra,https://img.gsmnet.ro/600x600/products/239797/baterie-externa-bwoo-p74-1-1774620630.jpg,2026-09-15 03:44:46,31
377767,5907504578767,"Cablu Date si Incarcare USB-A - USB-C Forever Braix, 18W, 1m, Negru ",Forever,10.99,0,https://www.gsmnet.ro/accesorii-telefoane-tablete-cabluri-adaptori/cablu-date-incarcare-usb-a-usb-c-forever-braix-18w-1m-negru,https://img.gsmnet.ro/600x600/products/239800/cablu-date-incarcare-1-1774619760.jpg,2026-07-21 02:44:07,248
377776,5906302335695,"Incarcator Statie Tech-Protect DC160W-GAN, 160W, 5A, 2 x USB-A - 4 x USB-C, Negru ",Tech-Protect,228.99,0,https://www.gsmnet.ro/accesorii-telefoane-tablete-incarcatoare/incarcator-statie-tech-protect-dc160w-gan-160w-5a-2-x-usb-a-4-x-usb-c-negru,https://img.gsmnet.ro/600x600/products/239809/incarcator-statie-tech-protect-dc160w-gan-1-1774859649.png,2026-08-05 02:33:14,188
377780,5906302335947,"Incarcator Retea Tech-Protect NC140W-GAN, 140W, 5A, 1 x USB-A - 3 x USB-C, Alb ",Tech-Protect,149.99,0,https://www.gsmnet.ro/accesorii-telefoane-tablete-incarcatoare/incarcator-retea-tech-protect-nc140w-gan-140w-5a-1-x-usb-a-3-x-usb-c-alb,https://img.gsmnet.ro/600x600/products/239813/incarcator-retea-tech-protect-nc140w-gan-1-1774858131.png,2026-07-21 02:44:07,248
378351,5904643072354,"Husa pentru Samsung Galaxy A37 5G, OEM, Marva Wallet, Neagra ",OEM,25.99,0,https://www.gsmnet.ro/accesorii-telefoane-tablete-huse/husa-pentru-samsung-galaxy-a37-5g-oem-marva-wallet-neagra,https://img.gsmnet.ro/600x600/products/240274/husa-pentru-samsung-galaxy-1-1774955766.jpg,2026-09-09 03:28:01,55
378352,5904643072361,"Husa pentru Samsung Galaxy A37 5G, OEM, Marva Wallet, Bleumarin ",OEM,25.99,0,https://www.gsmnet.ro/accesorii-telefoane-tablete-huse/husa-pentru-samsung-galaxy-a37-5g-oem-marva-wallet-bleumarin,https://img.gsmnet.ro/600x600/products/240275/husa-pentru-samsung-galaxy-1-1774955811.jpg,2026-09-09 03:28:01,55
378357,5904643070688,"Husa pentru Xiaomi Redmi Note 15 Pro 5G, OEM, Marva Wallet, Neagra ",OEM,24.99,0,https://www.gsmnet.ro/accesorii-telefoane-tablete-huse/husa-pentru-xiaomi-redmi-note-15-pro-5g-oem-marva-wallet-neagra,https://img.gsmnet.ro/600x600/products/240280/husa-pentru-xiaomi-redmi-1-1774956124.jpg,2026-08-12 01:58:19,161
378358,5904643070695,"Husa pentru Xiaomi Redmi Note 15 Pro 5G, OEM, Marva Wallet, Bleumarin ",OEM,24.99,0,https://www.gsmnet.ro/accesorii-telefoane-tablete-huse/husa-pentru-xiaomi-redmi-note-15-pro-5g-oem-marva-wallet-bleumarin,https://img.gsmnet.ro/600x600/products/240281/husa-pentru-xiaomi-redmi-1-1774955647.jpg,2026-09-09 03:28:01,55
378359,5904643070725,"Husa pentru Xiaomi Redmi Note 15 Pro+ 5G, OEM, Marva Wallet, Neagra ",OEM,24.99,0,https://www.gsmnet.ro/accesorii-telefoane-tablete-huse/husa-pentru-xiaomi-redmi-note-15-pro-plus-5g-oem-marva-wallet-neagra,https://img.gsmnet.ro/600x600/products/240282/husa-pentru-xiaomi-redmi-1-1774955627.jpg,2026-09-09 03:28:01,55
378614,5906302332656,"Husa pentru Samsung Galaxy Tab S11, Tech-Protect, Solid360, Neagra ",Tech-Protect,122.99,0,https://www.gsmnet.ro/accesorii-telefoane-tablete-huse/husa-pentru-samsung-galaxy-tab-s11-tech-protect-solid360-neagra,https://img.gsmnet.ro/600x600/products/240537/husa-pentru-samsung-galaxy-1-1775649379.png,2026-08-28 21:46:21,98
378862,6933654814782,"Incarcator Retea BWOO CDA206, 35W, 3A, 2 x USB-C, Alb ",BWOO,30.99,0,https://www.gsmnet.ro/accesorii-telefoane-tablete-incarcatoare/incarcator-retea-bwoo-cda206-35w-3a-2-x-usb-c-alb,https://img.gsmnet.ro/600x600/products/240760/incarcator-retea-bwoo-cda206-1-1776684005.png,2026-08-20 01:14:27,129
378903,4713218462824,"Memorie Externa USB-A 3.2 Adata UV320, 64Gb AUV320-64G-RBKBL",Adata,40.99,0,https://www.gsmnet.ro/accesorii-telefoane-tablete-carduri-memorii-usb/memorie-externa-usb-a-3-2-adata-uv320-64gb-auv320-64g-rbkbl,https://img.gsmnet.ro/600x600/products/240801/memorie-externa-usb-a-3-2-1-1777034757.png,2026-07-17 02:41:26,264
378941,6920680827855,"Cablu Date si Incarcare USB-A - Lightning XO Design NB212, 18W, 1m, Negru ",XO Design,9.99,0,https://www.gsmnet.ro/accesorii-telefoane-tablete-cabluri-adaptori/cablu-date-incarcare-usb-a-lightning-xo-design-nb212-18w-1m-negru,https://img.gsmnet.ro/600x600/products/240839/cablu-date-incarcare-1-1776762957.png,2026-09-03 03:17:44,79
378942,6920680835621,"Baterie Externa XO Design PR201, 30000mAh, 65W, QC + PD, 1 x USB-C - 2 x USB-A, Neagra ",XO Design,160.99,0,https://www.gsmnet.ro/accesorii-telefoane-tablete-baterii-externe/baterie-externa-xo-design-pr201-30000mah-65w-qc-plus-pd-1-x-usb-c-2-x-usb-a-neagra,https://img.gsmnet.ro/600x600/products/240840/baterie-externa-xo-design-1-1776762909.png,2026-08-15 01:14:41,149
378951,6933654817486,"Baterie Externa Wireless BWOO BO-P80, 10000mAh, 22.5W, PD + FQI, 1 x QI - 2 x USB-C, Neagra",BWOO,89.99,0,https://www.gsmnet.ro/accesorii-telefoane-tablete-baterii-externe/baterie-externa-wireless-bwoo-bo-p80-10000mah-22-5w-pd-plus-fqi-1-x-qi-2-x-usb-c-neagra,https://img.gsmnet.ro/600x600/products/240849/baterie-externa-bwoo-bo-p80-1-1776760221.png,2026-09-11 03:23:04,47
379009,4713218469182,"Solid State Drive (SSD) Adata SU630, 480GB, 2.5inch, SATA III ASU630SS-480GQ-R ",Adata,372.99,0,https://www.gsmnet.ro/accesorii-pc-laptop-solutii-stocare/solid-state-drive-ssd-adata-su630-480gb-2-5inch-sata-iii-asu630ss-480gq-r,https://img.gsmnet.ro/600x600/products/240907/solid-state-drive-ssd-1-1777015465.png,2026-08-26 19:46:38,102
379013,8801643229382,"Memorie Externa USB-A 3.2 Samsung BAR Plus, 64Gb MUF-64BE3/APC ",Samsung,127.99,0,https://www.gsmnet.ro/accesorii-telefoane-tablete-carduri-memorii-usb/memorie-externa-usb-a-3-2-samsung-bar-plus-64gb-muf-64be3-apc,https://img.gsmnet.ro/600x600/products/240911/memorie-externa-usb-a-3-1-1-1776948539.png,2026-09-02 03:15:17,83
379022,619659202125,"Card Memorie SDXC SanDisk Extreme Pro, 64Gb, Clasa 10 / UHS-2 U3 SDSDXEP-064G-GN4IN ",SanDisk,419.99,0,https://www.gsmnet.ro/accesorii-telefoane-tablete-carduri-memorii-usb/card-memorie-sdxc-sandisk-extreme-pro-64gb-clasa-10-uhs-2-u3-sdsdxep-064g-gn4in,https://img.gsmnet.ro/600x600/products/240920/card-memorie-sdxc-sandisk-1-1777460838.png,2026-07-21 02:44:07,248
379028,740617334074,"Memorie RAM Kingston, DDR5 SODIMM, 8GB, 5600Mhz KVR56S46BS6-8 ",Kingston,649.99,0,https://www.gsmnet.ro/accesorii-pc-laptop-memorii-ram/memorie-ram-kingston-ddr5-sodimm-8gb-5600mhz-kvr56s46bs6-8,https://img.gsmnet.ro/600x600/products/240926/memorie-ram-kingston-ddr5-1-1776946670.png,2026-09-02 03:15:17,83
379453,5906302323241,"Folie de protectie Ecran Tech-Protect FIT+ pentru Motorola Moto G77 / G67, Sticla Securizata, Full Glue, Set 2 bucati, 2.5D, Neagra ",Tech-Protect,21.99,0,https://www.gsmnet.ro/accesorii-telefoane-tablete-folii-protectie/folie-de-protectie-ecran-tech-protect-fit-plus-pentru-motorola-moto-g77-g67-sticla-securizata-full-glue-set-2-bucati-2-5d-neagra,https://img.gsmnet.ro/600x600/products/241351/folie-de-protectie-ecran-1-1777292935.png,2026-07-23 02:47:09,240
379463,5907674542995,"Husa pentru Apple iPhone 13, OEM, Ultra Trendy 3D Bear, Bej ",OEM,10.99,0,https://www.gsmnet.ro/accesorii-telefoane-tablete-huse/husa-pentru-apple-iphone-13-oem-ultra-trendy-3d-bear-bej,https://img.gsmnet.ro/600x600/products/241361/husa-pentru-apple-iphone-1-1777469884.jpg,2026-08-05 02:33:14,188
379464,5907674543008,"Husa pentru Apple iPhone 14, OEM, Ultra Trendy 3D Bear, Bej ",OEM,10.99,0,https://www.gsmnet.ro/accesorii-telefoane-tablete-huse/husa-pentru-apple-iphone-14-oem-ultra-trendy-3d-bear-bej,https://img.gsmnet.ro/600x600/products/241362/husa-pentru-apple-iphone-1-1777469940.jpg,2026-09-04 03:15:46,75
379467,5907674543039,"Husa pentru Apple iPhone 16, OEM, Ultra Trendy 3D Bear, Bej ",OEM,9.99,0,https://www.gsmnet.ro/accesorii-telefoane-tablete-huse/husa-pentru-apple-iphone-16-oem-ultra-trendy-3d-bear-bej,https://img.gsmnet.ro/600x600/products/241365/husa-pentru-apple-iphone-1-1777470188.jpg,2026-09-08 03:24:25,59
379472,5907674543107,"Husa pentru Samsung Galaxy A16 5G A166 / A16 4G A165, OEM, Ultra Trendy 3D Bear, Bej ",OEM,10.99,0,https://www.gsmnet.ro/accesorii-telefoane-tablete-huse/husa-pentru-samsung-galaxy-a16-5g-a166-a16-4g-a165-oem-ultra-trendy-3d-bear-bej,https://img.gsmnet.ro/600x600/products/241370/husa-pentru-samsung-galaxy-1-1777470107.png,2026-07-21 02:44:07,248
379475,5907674543138,"Husa pentru Samsung Galaxy A17 5G, OEM, Ultra Trendy 3D Bear, Bej ",OEM,10.99,0,https://www.gsmnet.ro/accesorii-telefoane-tablete-huse/husa-pentru-samsung-galaxy-a17-5g-oem-ultra-trendy-3d-bear-bej,https://img.gsmnet.ro/600x600/products/241373/husa-pentru-samsung-galaxy-1-1777470218.png,2026-07-21 02:44:07,248
379476,5907674543145,"Husa pentru Samsung Galaxy A37 5G, OEM, Ultra Trendy 3D Bear, Bej ",OEM,10.99,0,https://www.gsmnet.ro/accesorii-telefoane-tablete-huse/husa-pentru-samsung-galaxy-a37-5g-oem-ultra-trendy-3d-bear-bej,https://img.gsmnet.ro/600x600/products/241374/husa-pentru-samsung-galaxy-1-1777470380.png,2026-08-11 01:46:05,165
379477,5907674543152,"Husa pentru Samsung Galaxy A57 5G, OEM, Ultra Trendy 3D Bear, Bej ",OEM,10.99,0,https://www.gsmnet.ro/accesorii-telefoane-tablete-huse/husa-pentru-samsung-galaxy-a57-5g-oem-ultra-trendy-3d-bear-bej,https://img.gsmnet.ro/600x600/products/241375/husa-pentru-samsung-galaxy-1-1777470470.png,2026-08-05 02:33:14,188
379479,5907674543176,"Husa pentru Samsung Galaxy S25 Ultra S938, OEM, Ultra Trendy 3D Bear, Bej ",OEM,9.99,0,https://www.gsmnet.ro/accesorii-telefoane-tablete-huse/husa-pentru-samsung-galaxy-s25-ultra-s938-oem-ultra-trendy-3d-bear-bej,https://img.gsmnet.ro/600x600/products/241377/husa-pentru-samsung-galaxy-1-1777470746.png,2026-08-11 01:46:05,165
379521,5907674543282,"Husa pentru Apple iPhone 12, OEM, Ultra Trendy 3D Capybara, Maro ",OEM,10.99,0,https://www.gsmnet.ro/accesorii-telefoane-tablete-huse/husa-pentru-apple-iphone-12-oem-ultra-trendy-3d-capybara-maro,https://img.gsmnet.ro/600x600/products/241419/husa-pentru-apple-iphone-1-1777470610.jpg,2026-07-23 02:47:09,240
379522,5907674543299,"Husa pentru Apple iPhone 13, OEM, Ultra Trendy 3D Capybara, Maro ",OEM,10.99,0,https://www.gsmnet.ro/accesorii-telefoane-tablete-huse/husa-pentru-apple-iphone-13-oem-ultra-trendy-3d-capybara-maro,https://img.gsmnet.ro/600x600/products/241420/husa-pentru-apple-iphone-1-1777470741.jpg,2026-07-21 02:44:07,248
379524,5907674543329,"Husa pentru Apple iPhone 15 Pro, OEM, Ultra Trendy 3D Capybara, Maro ",OEM,10.99,0,https://www.gsmnet.ro/accesorii-telefoane-tablete-huse/husa-pentru-apple-iphone-15-pro-oem-ultra-trendy-3d-capybara-maro,https://img.gsmnet.ro/600x600/products/241422/husa-pentru-apple-iphone-1-1777470851.jpg,2026-08-11 01:46:05,165
379525,5907674543336,"Husa pentru Apple iPhone 16, OEM, Ultra Trendy 3D Capybara, Maro ",OEM,9.99,0,https://www.gsmnet.ro/accesorii-telefoane-tablete-huse/husa-pentru-apple-iphone-16-oem-ultra-trendy-3d-capybara-maro,https://img.gsmnet.ro/600x600/products/241423/husa-pentru-apple-iphone-1-1777470883.jpg,2026-08-08 01:40:23,177
379526,5907674543343,"Husa pentru Apple iPhone 16 Pro, OEM, Ultra Trendy 3D Capybara, Maro ",OEM,10.99,0,https://www.gsmnet.ro/accesorii-telefoane-tablete-huse/husa-pentru-apple-iphone-16-pro-oem-ultra-trendy-3d-capybara-maro,https://img.gsmnet.ro/600x600/products/241424/husa-pentru-apple-iphone-1-1777470924.jpg,2026-08-05 02:33:14,188
379527,5907674543350,"Husa pentru Apple iPhone 16 Pro Max, OEM, Ultra Trendy 3D Capybara, Maro ",OEM,10.99,0,https://www.gsmnet.ro/accesorii-telefoane-tablete-huse/husa-pentru-apple-iphone-16-pro-max-oem-ultra-trendy-3d-capybara-maro,https://img.gsmnet.ro/600x600/products/241425/husa-pentru-apple-iphone-1-1777471448.jpg,2026-09-08 03:24:25,59
379540,5907674543442,"Husa pentru Samsung Galaxy A37 5G, OEM, Ultra Trendy 3D Capybara, Maro ",OEM,10.99,0,https://www.gsmnet.ro/accesorii-telefoane-tablete-huse/husa-pentru-samsung-galaxy-a37-5g-oem-ultra-trendy-3d-capybara-maro,https://img.gsmnet.ro/600x600/products/241438/husa-pentru-samsung-galaxy-1-1777470444.jpg,2026-08-20 01:14:27,129
379544,5907674543497,"Husa pentru Samsung Galaxy S26 S942, OEM, Ultra Trendy 3D Capybara, Maro ",OEM,9.99,0,https://www.gsmnet.ro/accesorii-telefoane-tablete-huse/husa-pentru-samsung-galaxy-s26-s942-oem-ultra-trendy-3d-capybara-maro,https://img.gsmnet.ro/600x600/products/241442/husa-pentru-samsung-galaxy-1-1777471274.jpg,2026-08-20 01:14:27,129
379545,5907674543503,"Husa pentru Samsung Galaxy S26 Plus S947, OEM, Ultra Trendy 3D Capybara, Maro ",OEM,9.99,0,https://www.gsmnet.ro/accesorii-telefoane-tablete-huse/husa-pentru-samsung-galaxy-s26-plus-s947-oem-ultra-trendy-3d-capybara-maro,https://img.gsmnet.ro/600x600/products/241443/husa-pentru-samsung-galaxy-1-1777471192.jpg,2026-08-07 00:01:02,181
379546,5907674543510,"Husa pentru Samsung Galaxy S26 Ultra S948, OEM, Ultra Trendy 3D Capybara, Maro ",OEM,10.99,0,https://www.gsmnet.ro/accesorii-telefoane-tablete-huse/husa-pentru-samsung-galaxy-s26-ultra-s948-oem-ultra-trendy-3d-capybara-maro,https://img.gsmnet.ro/600x600/products/241444/husa-pentru-samsung-galaxy-1-1777471332.jpg,2026-08-05 02:33:14,188
379547,5907674543541,"Husa pentru Xiaomi Redmi Note 15 Pro 5G, OEM, Ultra Trendy 3D Capybara, Maro ",OEM,7.99,0,https://www.gsmnet.ro/accesorii-telefoane-tablete-huse/husa-pentru-xiaomi-redmi-note-15-pro-5g-oem-ultra-trendy-3d-capybara-maro,https://img.gsmnet.ro/600x600/products/241445/husa-pentru-xiaomi-redmi-1-1777471393.jpg,2026-09-08 03:24:25,59
379938,5902768015171,"Memorie Externa USB-A Imro, 32Gb ",Imro,30.99,0,https://www.gsmnet.ro/accesorii-telefoane-tablete-carduri-memorii-usb/memorie-externa-usb-a-imro-32gb,https://img.gsmnet.ro/600x600/products/241836/memorie-externa-usb-a-imro-1-1778483264.jpg,2026-08-26 19:46:38,102
379981,6971337724447,"Casca Call Center USB-C / USB-A EMEET GeniusCall HS50, Neagra",EMEET,125.99,0,https://www.gsmnet.ro/accesorii-pc-laptop-accesorii-audio-video/casca-call-center-usb-c-usb-a-emeet-geniuscall-hs50-neagra,https://img.gsmnet.ro/600x600/products/241879/casca-call-center-usb-1-1778584789.jpg,2026-09-08 03:24:25,59
379982,5907489608206,"Boxa Bluetooth BlitzWolf BW-WA4, 30W, TWS, Waterproof, Neagra ",BlitzWolf,240.99,0,https://www.gsmnet.ro/gadgeturi-boxe-bluetooth/boxa-bluetooth-blitzwolf-bw-wa4-30w-tws-waterproof-neagra,https://img.gsmnet.ro/600x600/products/241880/boxa-bluetooth-blitzwolf-bw-wa4-1-1778662696.jpg,2026-07-18 02:32:25,260
379983,5906168439230,"Hub USB-C BlitzWolf BW-TH16, 8in1, Gri ",BlitzWolf,229.99,0,https://www.gsmnet.ro/accesorii-pc-laptop-hub-uri/hub-usb-c-blitzwolf-bw-th16-8in1-gri,https://img.gsmnet.ro/600x600/products/241881/hub-usb-c-blitzwolf-bw-th16-1-1778661620.jpg,2026-08-27 21:52:51,100
379984,5907085520025,"Hub USB-C cu Incarcare Wireless QI BlitzWolf BW-TH17, 9in1, Negru ",BlitzWolf,205.99,0,https://www.gsmnet.ro/accesorii-pc-laptop-hub-uri/hub-usb-c-cu-incarcare-wireless-qi-blitzwolf-bw-th17-9in1-negru,https://img.gsmnet.ro/600x600/products/241882/hub-usb-c-cu-incarcare-1-1778661692.png,2026-08-26 19:46:38,102
379988,6971398601404,"Hartie Foto Liene pentru Imprimanta Pearl 2x3, Set 50 bucati ",Liene,99.99,0,https://www.gsmnet.ro/gadgeturi-utile/hartie-foto-liene-pentru-imprimanta-pearl-2x3-set-50-bucati,https://img.gsmnet.ro/600x600/products/241886/hartie-foto-liene-pentru-1-1778570753.png,2026-07-25 02:41:22,232
379989,6971398601534,"Imprimanta Foto Portabila Liene Pearl 2x3, Alba ",Liene,339.99,0,https://www.gsmnet.ro/gadgeturi-utile/imprimanta-foto-portabila-liene-pearl-2x3-alba,https://img.gsmnet.ro/600x600/products/241887/imprimanta-foto-portabila-liene-1-1778571186.png,2026-08-04 02:33:52,192
379998,3126170183187,"Card Memorie SDXC Emtec Rugged Outdoor, 64Gb, Clasa 10 / UHS-1 U3, Set 2 bucati ECMSD64GXCU3ORP ",Emtec,69.99,0,https://www.gsmnet.ro/accesorii-telefoane-tablete-carduri-memorii-usb/card-memorie-sdxc-emtec-rugged-outdoor-64gb-clasa-10-uhs-1-u3-set-2-bucati-ecmsd64gxcu3orp,https://img.gsmnet.ro/600x600/products/241896/card-memorie-sdxc-emtec-1-1779106701.jpg,2026-07-30 02:26:38,212
380115,619659209049,"Card Memorie microSDXC SanDisk Extreme, 2TB, Clasa 10 / UHS-1 U3 SDSQXAV-2T00-GN6MN ",SanDisk,1499.99,0,https://www.gsmnet.ro/accesorii-telefoane-tablete-carduri-memorii-usb/card-memorie-microsdxc-sandisk-extreme-2tb-clasa-10-uhs-1-u3-sdsqxav-2t00-gn6mn,https://img.gsmnet.ro/600x600/products/242013/card-memorie-microsdxc-sandisk-1-1778680941.png,2026-09-12 03:28:29,43
380263,6920680844296,"Incarcator Retea XO Design CE14, 100W, 3.25A, 1 x USB-A - 2 x USB-C, Alb ",XO Design,139.99,0,https://www.gsmnet.ro/accesorii-telefoane-tablete-incarcatoare/incarcator-retea-xo-design-ce14-100w-3-25a-1-x-usb-a-2-x-usb-c-alb,https://img.gsmnet.ro/600x600/products/242161/incarcator-retea-xo-design-1-1779104170.png,2026-07-29 02:40:35,216
380272,848061069488,"Cablu Date si Incarcare USB-A - microUSB Anker PowerLine, 18W, 1m, Alb A8132H21 ",Anker,11.99,0,https://www.gsmnet.ro/accesorii-telefoane-tablete-cabluri-adaptori/cablu-date-incarcare-usb-a-microusb-anker-powerline-18w-1m-alb-a8132h21,https://img.gsmnet.ro/600x600/products/242170/cablu-date-incarcare-1-1779108278.jpg,2026-08-06 02:35:29,184
380276,3801046138231,"Husa MagSafe pentru Apple iPhone 14 / 13, OEM, Genuine Glass, Neagra ",OEM,34.99,0,https://www.gsmnet.ro/accesorii-telefoane-tablete-huse/husa-magsafe-pentru-apple-iphone-14-13-oem-genuine-glass-neagra,https://img.gsmnet.ro/600x600/products/242174/husa-magsafe-pentru-apple-1-1779105420.png,2026-07-30 02:26:38,212
380277,3801046138248,"Husa MagSafe pentru Apple iPhone 14 / 13, OEM, Genuine Glass, Albastra ",OEM,34.99,0,https://www.gsmnet.ro/accesorii-telefoane-tablete-huse/husa-magsafe-pentru-apple-iphone-14-13-oem-genuine-glass-albastra,https://img.gsmnet.ro/600x600/products/242175/husa-magsafe-pentru-apple-1-1779105343.png,2026-08-05 02:33:14,188
380280,3801046138316,"Husa MagSafe pentru Apple iPhone 16, OEM, Genuine Glass, Neagra ",OEM,32.99,0,https://www.gsmnet.ro/accesorii-telefoane-tablete-huse/husa-magsafe-pentru-apple-iphone-16-oem-genuine-glass-neagra,https://img.gsmnet.ro/600x600/products/242178/husa-magsafe-pentru-apple-1-1779105776.png,2026-08-12 01:58:19,161
380282,3801046138330,"Husa MagSafe pentru Apple iPhone 16, OEM, Genuine Glass, Roz ",OEM,27.99,0,https://www.gsmnet.ro/accesorii-telefoane-tablete-huse/husa-magsafe-pentru-apple-iphone-16-oem-genuine-glass-roz,https://img.gsmnet.ro/600x600/products/242180/husa-magsafe-pentru-apple-1-1779105801.png,2026-09-18 03:33:07,19
380283,3801046138361,"Husa MagSafe pentru Apple iPhone 16, OEM, Genuine Glass, Bleu ",OEM,34.99,0,https://www.gsmnet.ro/accesorii-telefoane-tablete-huse/husa-magsafe-pentru-apple-iphone-16-oem-genuine-glass-bleu,https://img.gsmnet.ro/600x600/products/242181/husa-magsafe-pentru-apple-1-1779105752.png,2026-07-29 02:40:35,216
380285,3801046138385,"Husa MagSafe pentru Apple iPhone 16 Pro, OEM, Genuine Glass, Neagra ",OEM,27.99,0,https://www.gsmnet.ro/accesorii-telefoane-tablete-huse/husa-magsafe-pentru-apple-iphone-16-pro-oem-genuine-glass-neagra,https://img.gsmnet.ro/600x600/products/242183/husa-magsafe-pentru-apple-1-1779106029.png,2026-09-08 03:24:25,59
380289,3801046138453,"Husa MagSafe pentru Apple iPhone 16 Pro Max, OEM, Genuine Glass, Neagra ",OEM,28.99,0,https://www.gsmnet.ro/accesorii-telefoane-tablete-huse/husa-magsafe-pentru-apple-iphone-16-pro-max-oem-genuine-glass-neagra,https://img.gsmnet.ro/600x600/products/242187/husa-magsafe-pentru-apple-1-1779106086.png,2026-07-21 02:44:07,248
380290,3801046138514,"Husa MagSafe pentru Apple iPhone 16 Pro Max, OEM, Genuine Glass, Alba ",OEM,27.99,0,https://www.gsmnet.ro/accesorii-telefoane-tablete-huse/husa-magsafe-pentru-apple-iphone-16-pro-max-oem-genuine-glass-alba,https://img.gsmnet.ro/600x600/products/242188/husa-magsafe-pentru-apple-1-1779106060.png,2026-08-26 19:46:38,102
380291,3801046138521,"Husa MagSafe pentru Apple iPhone 17, OEM, Genuine Glass, Neagra ",OEM,27.99,0,https://www.gsmnet.ro/accesorii-telefoane-tablete-huse/husa-magsafe-pentru-apple-iphone-17-oem-genuine-glass-neagra,https://img.gsmnet.ro/600x600/products/242189/husa-magsafe-pentru-apple-1-1779106141.png,2026-08-26 19:46:38,102
380294,3801046138569,"Husa MagSafe pentru Apple iPhone 17, OEM, Genuine Glass, Mov ",OEM,27.99,0,https://www.gsmnet.ro/accesorii-telefoane-tablete-huse/husa-magsafe-pentru-apple-iphone-17-oem-genuine-glass-mov,https://img.gsmnet.ro/600x600/products/242192/husa-magsafe-pentru-apple-1-1779106119.png,2026-08-26 19:46:38,102
380295,3801046129901,"Portofel MagSafe, OEM, Triple Wallet, Negru ",OEM,30.99,0,https://www.gsmnet.ro/accesorii-telefoane-tablete-huse/portofel-magsafe-oem-triple-wallet-negru,https://img.gsmnet.ro/600x600/products/242193/portofel-magsafe-oem-triple-1-1779105275.png,2026-09-17 03:46:42,23
380296,3801046129925,"Portofel MagSafe, OEM, Triple Wallet, Bleumarin ",OEM,30.99,0,https://www.gsmnet.ro/accesorii-telefoane-tablete-huse/portofel-magsafe-oem-triple-wallet-bleumarin,https://img.gsmnet.ro/600x600/products/242194/portofel-magsafe-oem-triple-1-1779105018.png,2026-09-17 03:46:42,23
380436,5907457768192,"Hartie Foto MaXlife pentru Camera Digitala MXPC-100, Set 5 bucati ",MaXlife,12.99,0,https://www.gsmnet.ro/gadgeturi-utile/hartie-foto-maxlife-pentru-camera-digitala-mxpc-100-set-5-bucati,https://img.gsmnet.ro/600x600/products/242334/hartie-foto-maxlife-pentru-1-1779436432.png,2026-09-15 03:44:46,31
380455,5906302339600,"Husa MagSafe pentru Samsung Galaxy S26 Ultra S948, Tech-Protect, Magmat, Albastra Mata ",Tech-Protect,35.99,0,https://www.gsmnet.ro/accesorii-telefoane-tablete-huse/husa-magsafe-pentru-samsung-galaxy-s26-ultra-s948-tech-protect-magmat-albastra-mata,https://img.gsmnet.ro/600x600/products/242353/husa-magsafe-pentru-samsung-10-1779781593.jpg,2026-08-13 02:00:15,157
380456,5906302322923,"Husa MagSafe pentru Samsung Galaxy A37 5G / A56 A566 / A36 A366, Tech-Protect, Magmat, Roz Mata ",Tech-Protect,31.99,0,https://www.gsmnet.ro/accesorii-telefoane-tablete-huse/husa-magsafe-pentru-samsung-galaxy-a37-5g-a56-a566-a36-a366-tech-protect-magmat-roz-mata,https://img.gsmnet.ro/600x600/products/242354/husa-magsafe-pentru-samsung-1-1779780750.jpeg,2026-07-23 02:47:09,240
380460,5906302339488,"Lampa Led Portabila Tech-Protect LL100, Neagra ",Tech-Protect,41.99,0,https://www.gsmnet.ro/gadgeturi-utile/lampa-led-portabila-tech-protect-ll100-neagra,https://img.gsmnet.ro/600x600/products/242358/lampa-led-portabila-tech-protect-1-1779790211.jpg,2026-08-26 19:46:38,102
380585,5906302330546,"Incarcator Retea Cu Cablu Lightning Tech-Protect NCA20, 20W, 3A, 1 x USB-A - 1 x USB-C, Alb ",Tech-Protect,29.99,0,https://www.gsmnet.ro/accesorii-telefoane-tablete-incarcatoare/incarcator-retea-cu-cablu-lightning-tech-protect-nca20-20w-3a-1-x-usb-a-1-x-usb-c-alb,https://img.gsmnet.ro/600x600/products/242483/incarcator-retea-cu-cablu-1-1779801993.png,2026-09-08 03:24:25,59
380587,5906302330584,"Incarcator Retea Tech-Protect NCM25, 25W, 3A, 1 x USB-C, Alb ",Tech-Protect,28.99,0,https://www.gsmnet.ro/accesorii-telefoane-tablete-incarcatoare/incarcator-retea-tech-protect-ncm25-25w-3a-1-x-usb-c-alb,https://img.gsmnet.ro/600x600/products/242485/incarcator-retea-tech-protect-ncm25-1-1779802290.png,2026-08-26 19:46:38,102
380588,5906302340163,"Husa MagSafe pentru Samsung Galaxy A57 5G, Tech-Protect, Kevlar Aura, Neagra ",Tech-Protect,69.99,0,https://www.gsmnet.ro/accesorii-telefoane-tablete-huse/husa-magsafe-pentru-samsung-galaxy-a57-5g-tech-protect-kevlar-aura-neagra,https://img.gsmnet.ro/600x600/products/242486/husa-magsafe-pentru-samsung-1-1779869733.png,2026-07-30 02:26:38,212
380589,5906302309139,"Husa MagSafe pentru Samsung Galaxy A57 5G, Tech-Protect, Kevlar Aura, Violet ",Tech-Protect,69.99,0,https://www.gsmnet.ro/accesorii-telefoane-tablete-huse/husa-magsafe-pentru-samsung-galaxy-a57-5g-tech-protect-kevlar-aura-violet,https://img.gsmnet.ro/600x600/products/242487/husa-magsafe-pentru-samsung-1-1779870126.png,2026-09-08 03:24:25,59
380657,5907674553366,"Husa pentru Apple iPhone 15 / 14 / 13, OEM, Strawberry, Neagra ",OEM,11.99,0,https://www.gsmnet.ro/accesorii-telefoane-tablete-huse/husa-pentru-apple-iphone-15-14-13-oem-strawberry-neagra,https://img.gsmnet.ro/600x600/products/242555/husa-pentru-apple-iphone-1-1779800818.png,2026-07-24 02:42:58,236
380658,5907674554028,"Husa pentru Apple iPhone 15 / 14 / 13, OEM, Strawberry, Roz ",OEM,9.99,0,https://www.gsmnet.ro/accesorii-telefoane-tablete-huse/husa-pentru-apple-iphone-15-14-13-oem-strawberry-roz,https://img.gsmnet.ro/600x600/products/242556/husa-pentru-apple-iphone-1-1779800803.png,2026-08-26 19:46:38,102
380659,5907674553380,"Husa pentru Apple iPhone 15 Pro / 14 Pro, OEM, Strawberry, Neagra ",OEM,10.99,0,https://www.gsmnet.ro/accesorii-telefoane-tablete-huse/husa-pentru-apple-iphone-15-pro-14-pro-oem-strawberry-neagra,https://img.gsmnet.ro/600x600/products/242557/husa-pentru-apple-iphone-1-1779800910.png,2026-07-29 02:40:35,216
380660,5907674554042,"Husa pentru Apple iPhone 15 Pro / 14 Pro, OEM, Strawberry, Roz ",OEM,10.99,0,https://www.gsmnet.ro/accesorii-telefoane-tablete-huse/husa-pentru-apple-iphone-15-pro-14-pro-oem-strawberry-roz,https://img.gsmnet.ro/600x600/products/242558/husa-pentru-apple-iphone-1-1779800936.png,2026-07-21 02:44:07,248
380663,5907674553458,"Husa pentru Apple iPhone 16 Pro Max, OEM, Strawberry, Neagra ",OEM,9.99,0,https://www.gsmnet.ro/accesorii-telefoane-tablete-huse/husa-pentru-apple-iphone-16-pro-max-oem-strawberry-neagra,https://img.gsmnet.ro/600x600/products/242561/husa-pentru-apple-iphone-1-1779801056.png,2026-09-11 03:23:04,47
380665,5907674553489,"Husa pentru Apple iPhone 17 Pro Max, OEM, Strawberry, Neagra ",OEM,9.99,0,https://www.gsmnet.ro/accesorii-telefoane-tablete-huse/husa-pentru-apple-iphone-17-pro-max-oem-strawberry-neagra,https://img.gsmnet.ro/600x600/products/242563/husa-pentru-apple-iphone-1-1779801662.png,2026-08-15 01:14:41,149
380666,5907674554325,"Husa pentru Apple iPhone 16 Pro, OEM, Strawberry, Roz ",OEM,10.99,0,https://www.gsmnet.ro/accesorii-telefoane-tablete-huse/husa-pentru-apple-iphone-16-pro-oem-strawberry-roz,https://img.gsmnet.ro/600x600/products/242564/husa-pentru-apple-iphone-1-1779801028.png,2026-08-01 02:50:04,204
380667,5907674554448,"Husa pentru Apple iPhone 16 Pro Max, OEM, Strawberry, Roz ",OEM,10.99,0,https://www.gsmnet.ro/accesorii-telefoane-tablete-huse/husa-pentru-apple-iphone-16-pro-max-oem-strawberry-roz,https://img.gsmnet.ro/600x600/products/242565/husa-pentru-apple-iphone-1-1779801085.png,2026-07-17 02:41:26,264
380668,5907674554462,"Husa pentru Apple iPhone 17 Pro, OEM, Strawberry, Roz ",OEM,9.99,0,https://www.gsmnet.ro/accesorii-telefoane-tablete-huse/husa-pentru-apple-iphone-17-pro-oem-strawberry-roz,https://img.gsmnet.ro/600x600/products/242566/husa-pentru-apple-iphone-1-1779801156.png,2026-09-08 03:24:25,59
380669,5907674554691,"Husa pentru Apple iPhone 17 Pro Max, OEM, Strawberry, Roz ",OEM,10.99,0,https://www.gsmnet.ro/accesorii-telefoane-tablete-huse/husa-pentru-apple-iphone-17-pro-max-oem-strawberry-roz,https://img.gsmnet.ro/600x600/products/242567/husa-pentru-apple-iphone-1-1779801693.png,2026-07-29 02:40:35,216
380675,3801046134295,"Husa pentru Apple iPhone 17 Pro Max, LUXO So CooL, ArcadiA Rabbit, Multicolor ",LUXO So CooL,25.99,0,https://www.gsmnet.ro/accesorii-telefoane-tablete-huse/husa-pentru-apple-iphone-17-pro-max-luxo-so-cool-arcadia-rabbit-multicolor,https://img.gsmnet.ro/600x600/products/242573/husa-pentru-apple-iphone-1-1779801643.jpg,2026-07-29 02:40:35,216
380679,3801046136336,"Husa pentru Samsung Galaxy A13 A137 / A04s A047 / A13 A135 / A13 5G A136, LUXO So CooL, ArcadiA Angel, Multicolor ",LUXO So CooL,25.99,0,https://www.gsmnet.ro/accesorii-telefoane-tablete-huse/husa-pentru-samsung-galaxy-a13-a137-a04s-a047-a13-a135-a13-5g-a136-luxo-so-cool-arcadia-angel-multicolor,https://img.gsmnet.ro/600x600/products/242577/husa-pentru-samsung-galaxy-1-1779796297.jpg,2026-08-01 02:50:04,204
380680,3801046136343,"Husa pentru Samsung Galaxy A13 A137 / A04s A047 / A13 A135 / A13 5G A136, LUXO So CooL, ArcadiA Butterfly Girl, Multicolor ",LUXO So CooL,25.99,0,https://www.gsmnet.ro/accesorii-telefoane-tablete-huse/husa-pentru-samsung-galaxy-a13-a137-a04s-a047-a13-a135-a13-5g-a136-luxo-so-cool-arcadia-butterfly-girl-multicolor,https://img.gsmnet.ro/600x600/products/242578/husa-pentru-samsung-galaxy-1-1779796317.jpg,2026-07-29 02:40:35,216
380696,3801046137746,"Husa pentru Samsung Galaxy A37 5G / A56 A566 / A36 A366, LUXO So CooL, ArcadiA Angel, Multicolor ",LUXO So CooL,24.99,0,https://www.gsmnet.ro/accesorii-telefoane-tablete-huse/husa-pentru-samsung-galaxy-a37-5g-a56-a566-a36-a366-luxo-so-cool-arcadia-angel-multicolor,https://img.gsmnet.ro/600x600/products/242594/husa-pentru-samsung-galaxy-1-1779796584.jpg,2026-09-08 03:24:25,59
380697,3801046137784,"Husa pentru Samsung Galaxy A37 5G / A56 A566 / A36 A366, LUXO So CooL, ArcadiA Rabbit, Multicolor ",LUXO So CooL,24.99,0,https://www.gsmnet.ro/accesorii-telefoane-tablete-huse/husa-pentru-samsung-galaxy-a37-5g-a56-a566-a36-a366-luxo-so-cool-arcadia-rabbit-multicolor,https://img.gsmnet.ro/600x600/products/242595/husa-pentru-samsung-galaxy-1-1779798541.jpg,2026-09-08 03:24:25,59
380704,3801046136558,"Husa pentru Samsung Galaxy A55 5G A556, LUXO So CooL, ArcadiA Butterfly Girl, Multicolor ",LUXO So CooL,24.99,0,https://www.gsmnet.ro/accesorii-telefoane-tablete-huse/husa-pentru-samsung-galaxy-a55-5g-a556-luxo-so-cool-arcadia-butterfly-girl-multicolor,https://img.gsmnet.ro/600x600/products/242602/husa-pentru-samsung-galaxy-1-1779796825.jpg,2026-09-08 03:24:25,59
380710,3801046136633,"Husa pentru Samsung Galaxy S25 Ultra S938, LUXO So CooL, ArcadiA Butterfly Girl, Multicolor ",LUXO So CooL,24.99,0,https://www.gsmnet.ro/accesorii-telefoane-tablete-huse/husa-pentru-samsung-galaxy-s25-ultra-s938-luxo-so-cool-arcadia-butterfly-girl-multicolor,https://img.gsmnet.ro/600x600/products/242608/husa-pentru-samsung-galaxy-1-1779797035.jpg,2026-09-11 03:23:04,47
380714,3801046137920,"Husa pentru Samsung Galaxy S26 S942, LUXO So CooL, ArcadiA Rabbit, Multicolor ",LUXO So CooL,24.99,0,https://www.gsmnet.ro/accesorii-telefoane-tablete-huse/husa-pentru-samsung-galaxy-s26-s942-luxo-so-cool-arcadia-rabbit-multicolor,https://img.gsmnet.ro/600x600/products/242612/husa-pentru-samsung-galaxy-1-1779798697.jpg,2026-08-26 19:46:38,102
380721,3801046138729,"Husa MagSafe pentru Apple iPhone 17 Pro Max, OEM, Genuine Glass, Albastra ",OEM,26.99,0,https://www.gsmnet.ro/accesorii-telefoane-tablete-huse/husa-magsafe-pentru-apple-iphone-17-pro-max-oem-genuine-glass-albastra,https://img.gsmnet.ro/600x600/products/242619/husa-magsafe-pentru-apple-1-1779791203.png,2026-08-26 19:46:38,102
380722,3801046138743,"Husa MagSafe pentru Apple iPhone 17 Pro Max, OEM, Genuine Glass, Portocalie ",OEM,28.99,0,https://www.gsmnet.ro/accesorii-telefoane-tablete-huse/husa-magsafe-pentru-apple-iphone-17-pro-max-oem-genuine-glass-portocalie,https://img.gsmnet.ro/600x600/products/242620/husa-magsafe-pentru-apple-1-1779791280.png,2026-07-24 02:42:58,236
380724,3801046133762,"Husa pentru Apple iPhone 11, LUXO So CooL, ArcadiA Angel, Multicolor ",LUXO So CooL,24.99,0,https://www.gsmnet.ro/accesorii-telefoane-tablete-huse/husa-pentru-apple-iphone-11-luxo-so-cool-arcadia-angel-multicolor,https://img.gsmnet.ro/600x600/products/242622/husa-pentru-apple-iphone-1-1779797350.jpg,2026-08-15 01:14:41,149
380725,3801046133779,"Husa pentru Apple iPhone 11, LUXO So CooL, ArcadiA Butterfly Girl, Multicolor ",LUXO So CooL,24.99,0,https://www.gsmnet.ro/accesorii-telefoane-tablete-huse/husa-pentru-apple-iphone-11-luxo-so-cool-arcadia-butterfly-girl-multicolor,https://img.gsmnet.ro/600x600/products/242623/husa-pentru-apple-iphone-1-1779797413.jpg,2026-08-11 01:46:05,165
380739,6972470564433,"Handsfree Bluetooth Onikuma TX603, TWS, Roz ",Onikuma,125.99,0,https://www.gsmnet.ro/wearables-audio-inclusiv-tws/handsfree-bluetooth-onikuma-tx603-tws-roz,https://img.gsmnet.ro/600x600/products/242637/handsfree-bluetooth-onikuma-tx603-1-1779962785.jpg,2026-09-18 03:33:07,19
380742,3801046133922,"Husa pentru Apple iPhone 14 Pro Max, LUXO So CooL, ArcadiA Butterfly Girl, Multicolor ",LUXO So CooL,24.99,0,https://www.gsmnet.ro/accesorii-telefoane-tablete-huse/husa-pentru-apple-iphone-14-pro-max-luxo-so-cool-arcadia-butterfly-girl-multicolor,https://img.gsmnet.ro/600x600/products/242640/husa-pentru-apple-iphone-1-1779798476.jpg,2026-08-26 19:46:38,102
380743,3801046133946,"Husa pentru Apple iPhone 14 Pro Max, LUXO So CooL, ArcadiA Rabbit, Multicolor ",LUXO So CooL,25.99,0,https://www.gsmnet.ro/accesorii-telefoane-tablete-huse/husa-pentru-apple-iphone-14-pro-max-luxo-so-cool-arcadia-rabbit-multicolor,https://img.gsmnet.ro/600x600/products/242641/husa-pentru-apple-iphone-1-1779798619.jpg,2026-07-29 02:40:35,216
380744,3801046133960,"Husa pentru Apple iPhone 15, LUXO So CooL, ArcadiA Butterfly Girl, Multicolor ",LUXO So CooL,24.99,0,https://www.gsmnet.ro/accesorii-telefoane-tablete-huse/husa-pentru-apple-iphone-15-luxo-so-cool-arcadia-butterfly-girl-multicolor,https://img.gsmnet.ro/600x600/products/242642/husa-pentru-apple-iphone-1-1779798641.jpg,2026-08-15 01:14:41,149
380750,757047110512,"Videoproiector Magcubic HY300 Pro, 720P, 200ANSI, Alb ",Magcubic,232.99,0,https://www.gsmnet.ro/gadgeturi-utile/videoproiector-magcubic-hy300-pro-720p-200ansi-alb,https://img.gsmnet.ro/600x600/products/242648/videoproiector-magcubic-hy300-pro-1-1779872859.png,2026-08-12 01:58:19,161
380758,3801046134073,"Husa pentru Apple iPhone 16, LUXO So CooL, ArcadiA Butterfly Girl, Multicolor ",LUXO So CooL,24.99,0,https://www.gsmnet.ro/accesorii-telefoane-tablete-huse/husa-pentru-apple-iphone-16-luxo-so-cool-arcadia-butterfly-girl-multicolor,https://img.gsmnet.ro/600x600/products/242656/husa-pentru-apple-iphone-1-1779800187.jpg,2026-08-20 01:14:27,129
380768,3801046134196,"Husa pentru Apple iPhone 17, LUXO So CooL, ArcadiA Butterfly Girl, Multicolor ",LUXO So CooL,24.99,0,https://www.gsmnet.ro/accesorii-telefoane-tablete-huse/husa-pentru-apple-iphone-17-luxo-so-cool-arcadia-butterfly-girl-multicolor,https://img.gsmnet.ro/600x600/products/242666/husa-pentru-apple-iphone-1-1779801161.jpg,2026-09-08 03:24:25,59
380769,3801046134219,"Husa pentru Apple iPhone 17, LUXO So CooL, ArcadiA Rabbit, Multicolor ",LUXO So CooL,24.99,0,https://www.gsmnet.ro/accesorii-telefoane-tablete-huse/husa-pentru-apple-iphone-17-luxo-so-cool-arcadia-rabbit-multicolor,https://img.gsmnet.ro/600x600/products/242667/husa-pentru-apple-iphone-1-1779801483.jpg,2026-09-08 03:24:25,59
380771,3801046134233,"Husa pentru Apple iPhone 17 Pro, LUXO So CooL, ArcadiA Butterfly Girl, Multicolor ",LUXO So CooL,25.99,0,https://www.gsmnet.ro/accesorii-telefoane-tablete-huse/husa-pentru-apple-iphone-17-pro-luxo-so-cool-arcadia-butterfly-girl-multicolor,https://img.gsmnet.ro/600x600/products/242669/husa-pentru-apple-iphone-1-1779801890.jpg,2026-08-01 02:50:04,204
380773,3801046134264,"Husa pentru Apple iPhone 17 Pro Max, LUXO So CooL, ArcadiA Angel, Multicolor ",LUXO So CooL,25.99,0,https://www.gsmnet.ro/accesorii-telefoane-tablete-huse/husa-pentru-apple-iphone-17-pro-max-luxo-so-cool-arcadia-angel-multicolor,https://img.gsmnet.ro/600x600/products/242671/husa-pentru-apple-iphone-1-1779801595.jpg,2026-08-05 02:33:14,188
380774,3801046134271,"Husa pentru Apple iPhone 17 Pro Max, LUXO So CooL, ArcadiA Butterfly Girl, Multicolor ",LUXO So CooL,25.99,0,https://www.gsmnet.ro/accesorii-telefoane-tablete-huse/husa-pentru-apple-iphone-17-pro-max-luxo-so-cool-arcadia-butterfly-girl-multicolor,https://img.gsmnet.ro/600x600/products/242672/husa-pentru-apple-iphone-1-1779801619.jpg,2026-07-21 02:44:07,248
380777,23942495314,"Baterie Verbatim Premium, CR2016, Set 4 bucati 49531",Verbatim,8.99,0,https://www.gsmnet.ro/gadgeturi-baterii-lanterne/baterie-verbatim-premium-cr2016-set-4-bucati-49531,https://img.gsmnet.ro/600x600/products/242675/baterie-verbatim-premium-cr2016-1-1779871118.jpg,2026-08-07 00:01:02,181
380898,6977951900014,Programator JCID V1S Plus pentru Apple iPhone 6 - 16 Series ,JCID,799.99,0,https://www.gsmnet.ro/aparatura-instrumente-service-aparatura-service/programator-jcid-v1s-plus-pentru-apple-iphone-6-16-series,https://img.gsmnet.ro/600x600/products/242796/programator-jcid-v1s-plus-1-1780918131.png,2026-07-29 02:40:35,216
380927,194253097822,"Mediaplayer Apple TV (Gen 3), Wi-Fi, 4K, 64Gb MN873TZ/A ",Apple,809.99,0,https://www.gsmnet.ro/gadgeturi-smart-home/mediaplayer-apple-tv-gen-3-wi-fi-4k-64gb-mn873tz-a,https://img.gsmnet.ro/600x600/products/242825/mediaplayer-apple-tv-gen-1-1780913799.jpeg,2026-08-18 01:13:45,137
380953,5907674515265,"Husa MagSafe pentru Apple iPhone 17, OEM, Silicone Thin, Roz ",OEM,14.99,0,https://www.gsmnet.ro/accesorii-telefoane-tablete-huse/husa-magsafe-pentru-apple-iphone-17-oem-silicone-thin-roz,https://img.gsmnet.ro/600x600/products/242851/husa-magsafe-pentru-apple-1-1780649857.png,2026-08-05 02:33:14,188
380956,5907674515746,"Husa MagSafe pentru Apple iPhone 17 Pro Max, OEM, Silicone Thin, Portocalie ",OEM,14.99,0,https://www.gsmnet.ro/accesorii-telefoane-tablete-huse/husa-magsafe-pentru-apple-iphone-17-pro-max-oem-silicone-thin-portocalie,https://img.gsmnet.ro/600x600/products/242854/husa-magsafe-pentru-apple-1-1780651213.png,2026-09-17 03:46:42,23
380957,5907674516002,"Husa MagSafe pentru Apple iPhone 17 Pro, OEM, Silicone Thin, Turcoaz ",OEM,14.99,0,https://www.gsmnet.ro/accesorii-telefoane-tablete-huse/husa-magsafe-pentru-apple-iphone-17-pro-oem-silicone-thin-turcoaz,https://img.gsmnet.ro/600x600/products/242855/husa-magsafe-pentru-apple-1-1780650934.png,2026-07-21 02:44:07,248
381118,840353930827,"Handsfree Bluetooth Google Pixel Buds 2a, TWS, ANC, Rosu GA09845-EU",Google,534.99,0,https://www.gsmnet.ro/wearables-audio-inclusiv-tws/handsfree-bluetooth-google-pixel-buds-2a-tws-anc-rosu-ga09845-eu,https://img.gsmnet.ro/600x600/products/243016/handsfree-bluetooth-google-pixel-1-1780989223.png,2026-08-15 01:14:41,149
381119,840353930803,"Handsfree Bluetooth Google Pixel Buds 2a, TWS, ANC, Gri Bleu GA9553-EU",Google,534.99,0,https://www.gsmnet.ro/wearables-audio-inclusiv-tws/handsfree-bluetooth-google-pixel-buds-2a-tws-anc-gri-bleu-ga9553-eu,https://img.gsmnet.ro/600x600/products/243017/handsfree-bluetooth-google-pixel-1-1780989199.png,2026-08-15 01:14:41,149
381123,3536401519379,"Memorie Externa USB-A PNY Attache 4, 32Gb FD32GATT4-EF ",PNY,30.99,0,https://www.gsmnet.ro/accesorii-telefoane-tablete-carduri-memorii-usb/memorie-externa-usb-a-pny-attache-4-32gb-fd32gatt4-ef,https://img.gsmnet.ro/600x600/products/243021/memorie-externa-usb-a-pny-1-1781164420.jpg,2026-08-19 01:15:12,133
381408,5900217968375,"Dop Anti Praf Port Telefon OEM, microUSB, Set 10 bucati, Negru ",OEM,7.99,0,https://www.gsmnet.ro/gadgeturi-utile/dop-anti-praf-port-telefon-oem-microusb-set-10-bucati-negru,https://img.gsmnet.ro/600x600/products/243306/dop-anti-praf-port-1-1782114349.jpg,2026-07-22 02:41:39,244
381428,6972185561093,"Adaptor Carplay / Android Auto Wireless Carlinkit TBox Ultra 2 pentru Apple iPhone / Android Series, 8GB RAM / 128GB, 5G ",Carlinkit,919.99,0,https://www.gsmnet.ro/gadgeturi-accesorii-auto/adaptor-carplay-android-auto-wireless-carlinkit-tbox-ultra-2-pentru-apple-iphone-android-series-8gb-ram-128gb-5g,https://img.gsmnet.ro/600x600/products/243326/adaptor-carplay-android-1-1781854323.jpg,2026-09-11 03:23:04,47
381467,843367134724,"Cititor Card USB 3.2 / USB-C Lexar LRW310X Dual, SD - microSD, Negru ",Lexar,59.99,0,https://www.gsmnet.ro/accesorii-pc-laptop-accesorii-usb/cititor-card-usb-3-2-usb-c-lexar-lrw310x-dual-sd-microsd-negru,https://img.gsmnet.ro/600x600/products/243365/cititor-card-usb-3-2-1-1781770086.jpg,2026-07-23 02:47:09,240
381660,5904643074990,"Snur Telefon cu Margele Bruno Rossi BT-04, Multicolor ",Bruno Rossi,14.99,0,https://www.gsmnet.ro/gadgeturi-utile/snur-telefon-cu-margele-bruno-rossi-bt-04-multicolor,https://img.gsmnet.ro/600x600/products/243558/snur-telefon-cu-margele-1-1782371383.png,2026-09-11 03:23:04,47
381894,660982755161,Display cu Touchscreen MP compatibil cu Xiaomi Redmi A3 Pro / 14C ,MP,109.99,0,https://www.gsmnet.ro/piese-componente-display-cu-touchscreen/display-cu-touchscreen-mp-compatibil-cu-xiaomi-redmi-a3-pro-14c,,2026-08-18 01:13:45,137
382472,5908067009217,"Husa OEM Butterfly pentru Apple AirTag, Set 3 bucati, Multicolor ",OEM,9.99,0,https://www.gsmnet.ro/wearables-accesorii-wearables/husa-oem-butterfly-pentru-apple-airtag-set-3-bucati-multicolor,https://img.gsmnet.ro/600x600/products/244363/husa-oem-butterfly-pentru-1-1784188545.png,2026-09-17 03:46:42,23
382479,5908067009941,"Patch / Petic Textil OEM Avocado, Set 3 bucati, Multicolor ",OEM,10.99,0,https://www.gsmnet.ro/gadgeturi-utile/patch-petic-textil-oem-avocado-set-3-bucati-multicolor,https://img.gsmnet.ro/600x600/products/244370/patch-petic-textil-1-1784120247.png,2026-09-17 03:46:42,23
382622,5903396194559,"Husa pentru Motorola Edge 30 Ultra, OEM, Ultra Slim, 0.5mm, Transparenta ",OEM,9.99,0,https://www.gsmnet.ro/accesorii-telefoane-tablete-huse/husa-pentru-motorola-edge-30-ultra-oem-ultra-slim-0-5mm-transparenta,,2026-07-23 02:47:09,240
382764,6932172659257,"Husa pentru Apple iPhone 14 Pro, Baseus, SkyRing 360, Neagra P60161005511-03 ",Baseus,19.99,0,https://www.gsmnet.ro/accesorii-telefoane-tablete-huse/husa-pentru-apple-iphone-14-pro-baseus-skyring-360-neagra-p60161005511-03,https://img.gsmnet.ro/600x600/products/244655/husa-pentru-apple-iphone-1-1784884116.jpg,2026-09-10 03:25:56,51
383415,740617344783,"Solid State Drive (SSD) Kingston NV3, 2TB, NVme M.2 2280, PCIe SNV3S/2000G ",Kingston,1499.99,0,https://www.gsmnet.ro/accesorii-pc-laptop-solutii-stocare/solid-state-drive-ssd-kingston-nv3-2tb-nvme-m-2-2280-pcie-snv3s-2000g,,2026-08-07 00:01:02,181
384522,5901969415568,"Cablu Video Lanberg, HDMI - HDMI, 4K, 10m, Negru ",Lanberg,59.99,0,https://www.gsmnet.ro/accesorii-pc-laptop-accesorii-audio-video/cablu-video-lanberg-hdmi-hdmi-4k-10m-negru,,2026-09-09 03:28:01,55
81828,8592118119887,Conector Incarcare Samsung Galaxy Fame S6810,Aftermarket,2.99,0,https://www.gsmnet.ro/piese-componente-conectori-incarcare/conector-incarcare-samsung-galaxy-fame-s6810,https://img.gsmnet.ro/600x600/products/91422/conector-incarcare-date-1-1627631261.jpg,2026-09-12 03:28:29,43
96191,8592118806633,Conector Incarcare Samsung Galaxy Tab 3 7.0 / Tab 3 7.0 WiFi / Tab 4 7.0,Aftermarket,3.99,0,https://www.gsmnet.ro/piese-componente-conectori-incarcare/conector-incarcare-samsung-galaxy-tab-3-7-0-tab-3-7-0-wifi-tab-4-7-0,https://img.gsmnet.ro/600x600/products/91423/conector-incarcare-date-1-1594131367.jpg,2026-09-12 03:28:29,43
